시도명,시군구명,행정동코드,행정동명,법정동코드,법정동명,개정일자,연결번호
서울특별시,강남구,1168066000,개포1동,1168010300,개포동,2025-04-01,513
서울특별시,강남구,1168067000,개포2동,1168010300,개포동,2025-04-01,514
서울특별시,강남구,1168067000,개포2동,1168011400,일원동,2025-04-01,514
서울특별시,강남구,1168067500,개포3동,1168010300,개포동,2025-04-01,519
서울특별시,강남구,1168067500,개포3동,1168010600,대치동,2025-04-01,519
서울특별시,강남구,1168067500,개포3동,1168011400,일원동,2025-04-01,519
서울특별시,강남구,1168069000,개포4동,1168010300,개포동,2025-04-01,516
서울특별시,강남구,1168052100,논현1동,1168010800,논현동,2025-04-01,497
서울특별시,강남구,1168053100,논현2동,1168010800,논현동,2025-04-01,498
서울특별시,강남구,1168060000,대치1동,1168010600,대치동,2025-04-01,505
서울특별시,강남구,1168061000,대치2동,1168010600,대치동,2025-04-01,506
서울특별시,강남구,1168063000,대치4동,1168010600,대치동,2025-04-01,508
서울특별시,강남구,1168065500,도곡1동,1168011800,도곡동,2025-04-01,511
서울특별시,강남구,1168065600,도곡2동,1168011800,도곡동,2025-04-01,512
서울특별시,강남구,1168058000,삼성1동,1168010500,삼성동,2025-04-01,503
서울특별시,강남구,1168059000,삼성2동,1168010500,삼성동,2025-04-01,504
서울특별시,강남구,1168070000,세곡동,1168011100,세곡동,2025-04-01,521
서울특별시,강남구,1168070000,세곡동,1168011300,율현동,2025-04-01,521
서울특별시,강남구,1168070000,세곡동,1168011200,자곡동,2025-04-01,521
서울특별시,강남구,1168075000,수서동,1168011500,수서동,2025-04-01,520
서울특별시,강남구,1168051000,신사동,1168010700,신사동,2025-04-01,496
서울특별시,강남구,1168051000,신사동,1168011000,압구정동,2025-04-01,496
서울특별시,강남구,1168054500,압구정동,1168010700,신사동,2025-04-01,499
서울특별시,강남구,1168054500,압구정동,1168011000,압구정동,2025-04-01,499
서울특별시,강남구,1168064000,역삼1동,1168010100,역삼동,2025-04-01,509
서울특별시,강남구,1168065000,역삼2동,1168010100,역삼동,2025-04-01,510
서울특별시,강남구,1168073000,일원1동,1168011500,수서동,2025-04-01,518
서울특별시,강남구,1168073000,일원1동,1168011400,일원동,2025-04-01,518
서울특별시,강남구,1168074000,일원2동,1168010300,개포동,2022-10-01,519
서울특별시,강남구,1168074000,일원2동,1168010600,대치동,2022-10-01,519
서울특별시,강남구,1168074000,일원2동,1168011400,일원동,2022-10-01,519
서울특별시,강남구,1168072000,일원본동,1168011500,수서동,2025-04-01,517
서울특별시,강남구,1168072000,일원본동,1168011400,일원동,2025-04-01,517
서울특별시,강남구,1168056500,청담동,1168010400,청담동,2025-04-01,501
서울특별시,강동구,1174051500,강일동,1174011000,강일동,2025-04-01,555
서울특별시,강동구,1174051500,강일동,1174010300,상일동,2021-04-01,"555, 4331"
서울특별시,강동구,1174055000,고덕1동,1174010200,고덕동,2025-04-01,559
서울특별시,강동구,1174056000,고덕2동,1174010200,고덕동,2025-04-01,560
서울특별시,강동구,1174068500,길동,1174010500,길동,2025-04-01,572
서울특별시,강동구,1174069000,둔촌1동,1174010600,둔촌동,2025-04-01,574
서울특별시,강동구,1174070000,둔촌2동,1174010600,둔촌동,2025-04-01,575
서울특별시,강동구,1174053000,명일1동,1174010100,명일동,2025-04-01,557
서울특별시,강동구,1174054000,명일2동,1174010100,명일동,2025-04-01,558
서울특별시,강동구,1174052500,상일1동,1174010300,상일동,2025-04-01,556
서울특별시,강동구,1174052600,상일2동,1174010300,상일동,2025-04-01,4331
서울특별시,강동구,1174052000,상일동,1174010300,상일동,2021-04-01,556
서울특별시,강동구,1174064000,성내1동,1174010800,성내동,2025-04-01,569
서울특별시,강동구,1174065000,성내2동,1174010800,성내동,2025-04-01,570
서울특별시,강동구,1174066000,성내3동,1174010800,성내동,2025-04-01,571
서울특별시,강동구,1174057000,암사1동,1174010700,암사동,2025-04-01,561
서울특별시,강동구,1174058000,암사2동,1174010700,암사동,2025-04-01,563
서울특별시,강동구,1174059000,암사3동,1174010700,암사동,2025-04-01,564
서울특별시,강동구,1174060000,천호1동,1174010900,천호동,2025-04-01,565
서울특별시,강동구,1174061000,천호2동,1174010900,천호동,2025-04-01,566
서울특별시,강동구,1174062000,천호3동,1174010900,천호동,2025-04-01,568
서울특별시,강북구,1130553500,미아동,1130510100,미아동,2025-04-01,189
서울특별시,강북구,1130559500,번1동,1130510200,번동,2025-04-01,195
서울특별시,강북구,1130560300,번2동,1130510200,번동,2025-04-01,196
서울특별시,강북구,1130560800,번3동,1130510200,번동,2025-04-01,197
서울특별시,강북구,1130557500,삼각산동,1130510100,미아동,2025-04-01,194
서울특별시,강북구,1130553400,삼양동,1130510100,미아동,2025-04-01,187
서울특별시,강북구,1130554500,송중동,1130510100,미아동,2025-04-01,190
서울특별시,강북구,1130555500,송천동,1130510100,미아동,2025-04-01,192
서울특별시,강북구,1130561500,수유1동,1130510300,수유동,2025-04-01,198
서울특별시,강북구,1130562500,수유2동,1130510300,수유동,2025-04-01,199
서울특별시,강북구,1130563500,수유3동,1130510300,수유동,2025-04-01,200
서울특별시,강북구,1130564500,우이동,1130510300,수유동,2025-04-01,201
서울특별시,강북구,1130564500,우이동,1130510400,우이동,2025-04-01,201
서울특별시,강북구,1130566000,인수동,1130510300,수유동,2025-04-01,202
서울특별시,강서구,1150060300,가양1동,1150010400,가양동,2025-04-01,356
서울특별시,강서구,1150060300,가양1동,1150010200,등촌동,2025-04-01,356
서울특별시,강서구,1150060300,가양1동,1150010500,마곡동,2025-04-01,356
서울특별시,강서구,1150060400,가양2동,1150010400,가양동,2025-04-01,357
서울특별시,강서구,1150060500,가양3동,1150010400,가양동,2025-04-01,358
서울특별시,강서구,1150060500,가양3동,1150010100,염창동,2014-01-01,358
서울특별시,강서구,1150062000,공항동,1150010800,공항동,2025-04-01,360
서울특별시,강서구,1150062000,공항동,1150011100,과해동,2025-04-01,360
서울특별시,강서구,1150062000,공항동,1150010500,마곡동,2025-04-01,360
서울특별시,강서구,1150062000,공항동,1150010900,방화동,2025-04-01,360
서울특별시,강서구,1150062000,공항동,1150011200,오곡동,2025-04-01,360
서울특별시,강서구,1150062000,공항동,1150011300,오쇠동,2025-04-01,360
서울특별시,강서구,1150052000,등촌1동,1150010200,등촌동,2025-04-01,343
서울특별시,강서구,1150053000,등촌2동,1150010200,등촌동,2025-04-01,344
서울특별시,강서구,1150053500,등촌3동,1150010200,등촌동,2025-04-01,345
서울특별시,강서구,1150061100,발산1동,1150010600,내발산동,2025-04-01,359
서울특별시,강서구,1150061100,발산1동,1150010500,마곡동,2025-04-01,359
서울특별시,강서구,1150061100,발산1동,1150010700,외발산동,2025-04-01,359
서울특별시,강서구,1150063000,방화1동,1150010800,공항동,2025-04-01,361
서울특별시,강서구,1150063000,방화1동,1150010500,마곡동,2025-04-01,361
서울특별시,강서구,1150063000,방화1동,1150010900,방화동,2025-04-01,361
서울특별시,강서구,1150064000,방화2동,1150011000,개화동,2025-04-01,362
서울특별시,강서구,1150064000,방화2동,1150010900,방화동,2025-04-01,362
서울특별시,강서구,1150064100,방화3동,1150010500,마곡동,2025-04-01,363
서울특별시,강서구,1150064100,방화3동,1150010900,방화동,2025-04-01,363
서울특별시,강서구,1150051000,염창동,1150010400,가양동,2025-04-01,342
서울특별시,강서구,1150051000,염창동,1150010100,염창동,2025-04-01,342
서울특별시,강서구,1150061500,우장산동,1150010600,내발산동,2025-04-01,352
서울특별시,강서구,1150061500,우장산동,1150010300,화곡동,2025-04-01,352
서울특별시,강서구,1150054000,화곡1동,1150010300,화곡동,2025-04-01,347
서울특별시,강서구,1150055000,화곡2동,1150010300,화곡동,2025-04-01,349
서울특별시,강서구,1150056000,화곡3동,1150010300,화곡동,2025-04-01,350
서울특별시,강서구,1150057000,화곡4동,1150010300,화곡동,2025-04-01,351
서울특별시,강서구,1150059100,화곡6동,1150010300,화곡동,2025-04-01,354
서울특별시,강서구,1150059300,화곡8동,1150010300,화곡동,2025-04-01,355
서울특별시,강서구,1150059000,화곡본동,1150010300,화곡동,2025-04-01,346
서울특별시,관악구,1162058500,낙성대동,1162010100,봉천동,2025-04-01,456
서울특별시,관악구,1162077500,난곡동,1162010200,신림동,2025-04-01,463
서울특별시,관악구,1162071500,난향동,1162010200,신림동,2025-04-01,469
서울특별시,관악구,1162063000,남현동,1162010300,남현동,2025-04-01,459
서울특별시,관악구,1162073500,대학동,1162010200,신림동,2025-04-01,471
서울특별시,관악구,1162076500,미성동,1162010200,신림동,2025-04-01,472
서울특별시,관악구,1162052500,보라매동,1162010100,봉천동,2025-04-01,449
서울특별시,관악구,1162074500,삼성동,1162010200,신림동,2025-04-01,467
서울특별시,관악구,1162066500,서림동,1162010200,신림동,2025-04-01,462
서울특별시,관악구,1162064500,서원동,1162010200,신림동,2025-04-01,460
서울특별시,관악구,1162056500,성현동,1162010100,봉천동,2025-04-01,450
서울특별시,관악구,1162069500,신림동,1162010200,신림동,2025-04-01,466
서울특별시,관악구,1162068500,신사동,1162010200,신림동,2025-04-01,465
서울특별시,관악구,1162065500,신원동,1162010200,신림동,2025-04-01,460
서울특별시,관악구,1162060500,은천동,1162010100,봉천동,2025-04-01,447
서울특별시,관악구,1162062500,인헌동,1162010100,봉천동,2025-04-01,458
서울특별시,관악구,1162072500,조원동,1162010200,신림동,2025-04-01,470
서울특별시,관악구,1162061500,중앙동,1162010100,봉천동,2025-04-01,457
서울특별시,관악구,1162059500,청룡동,1162010100,봉천동,2025-04-01,453
서울특별시,관악구,1162054500,청림동,1162010100,봉천동,2025-04-01,452
서울특별시,관악구,1162057500,행운동,1162010100,봉천동,2025-04-01,455
서울특별시,광진구,1121581000,광장동,1121510400,광장동,2025-04-01,99
서울특별시,광진구,1121585000,구의1동,1121510300,구의동,2025-04-01,96
서울특별시,광진구,1121586000,구의2동,1121510300,구의동,2025-04-01,97
서울특별시,광진구,1121587000,구의3동,1121510300,구의동,2025-04-01,98
서울특별시,광진구,1121573000,군자동,1121510900,군자동,2025-04-01,90
서울특별시,광진구,1121578000,능동,1121510200,능동,2025-04-01,95
서울특별시,광진구,1121582000,자양1동,1121510500,자양동,2025-04-01,100
서울특별시,광진구,1121583000,자양2동,1121510500,자양동,2025-04-01,101
서울특별시,광진구,1121584000,자양3동,1121510500,자양동,2025-04-01,102
서울특별시,광진구,1121584700,자양4동,1121510500,자양동,2025-04-01,87
서울특별시,광진구,1121574000,중곡1동,1121510100,중곡동,2025-04-01,91
서울특별시,광진구,1121575000,중곡2동,1121510100,중곡동,2025-04-01,92
서울특별시,광진구,1121576000,중곡3동,1121510100,중곡동,2025-04-01,93
서울특별시,광진구,1121577000,중곡4동,1121510100,중곡동,2025-04-01,94
서울특별시,광진구,1121571000,화양동,1121510700,화양동,2025-04-01,89
서울특별시,구로구,1153059500,가리봉동,1153010300,가리봉동,2025-04-01,374
서울특별시,구로구,1153074000,개봉1동,1153010700,개봉동,2025-04-01,378
서울특별시,구로구,1153075000,개봉2동,1153010700,개봉동,2025-04-01,380
서울특별시,구로구,1153076000,개봉3동,1153010700,개봉동,2025-04-01,381
서울특별시,구로구,1153072000,고척1동,1153010600,고척동,2025-04-01,376
서울특별시,구로구,1153073000,고척2동,1153010600,고척동,2025-04-01,377
서울특별시,구로구,1153052000,구로1동,1153010200,구로동,2025-04-01,367
서울특별시,구로구,1153053000,구로2동,1153010200,구로동,2025-04-01,368
서울특별시,구로구,1153054000,구로3동,1153010200,구로동,2025-04-01,370
서울특별시,구로구,1153055000,구로4동,1153010200,구로동,2025-04-01,371
서울특별시,구로구,1153056000,구로5동,1153010200,구로동,2025-04-01,373
서울특별시,구로구,1153079000,수궁동,1153010900,궁동,2025-04-01,384
서울특별시,구로구,1153079000,수궁동,1153011000,온수동,2025-04-01,384
서울특별시,구로구,1153051000,신도림동,1153010100,신도림동,2025-04-01,366
서울특별시,구로구,1153077000,오류1동,1153010800,오류동,2025-04-01,382
서울특별시,구로구,1153078000,오류2동,1153010800,오류동,2025-04-01,383
서울특별시,구로구,1153078000,오류2동,1153011100,천왕동,2025-04-01,383
서울특별시,구로구,1153078000,오류2동,1153011200,항동,2019-10-01,"383, 4315"
서울특별시,구로구,1153080000,항동,1153011200,항동,2025-04-01,4315
서울특별시,금천구,1154551000,가산동,1154510100,가산동,2025-04-01,387
서울특별시,금천구,1154561000,독산1동,1154510200,독산동,2025-04-01,388
서울특별시,금천구,1154562000,독산2동,1154510200,독산동,2025-04-01,389
서울특별시,금천구,1154563000,독산3동,1154510200,독산동,2025-04-01,390
서울특별시,금천구,1154564000,독산4동,1154510200,독산동,2025-04-01,392
서울특별시,금천구,1154567000,시흥1동,1154510300,시흥동,2025-04-01,393
서울특별시,금천구,1154568000,시흥2동,1154510300,시흥동,2025-04-01,395
서울특별시,금천구,1154569000,시흥3동,1154510300,시흥동,2025-04-01,396
서울특별시,금천구,1154570000,시흥4동,1154510300,시흥동,2025-04-01,397
서울특별시,금천구,1154571000,시흥5동,1154510300,시흥동,2025-04-01,398
서울특별시,노원구,1135059500,공릉1동,1135010300,공릉동,2025-04-01,227
서울특별시,노원구,1135060000,공릉2동,1135010300,공릉동,2025-04-01,229
서울특별시,노원구,1135072000,상계10동,1135010500,상계동,2025-04-01,246
서울특별시,노원구,1135063000,상계1동,1135010500,상계동,2025-04-01,237
서울특별시,노원구,1135064000,상계2동,1135010500,상계동,2025-04-01,238
서울특별시,노원구,1135066500,상계3·4동,1135010500,상계동,2025-04-01,239
서울특별시,노원구,1135067000,상계5동,1135010500,상계동,2025-04-01,241
서울특별시,노원구,1135069500,상계6·7동,1135010500,상계동,2025-04-01,242
서울특별시,노원구,1135070000,상계8동,1135010500,상계동,2025-04-01,244
서울특별시,노원구,1135071000,상계9동,1135010500,상계동,2025-04-01,245
서울특별시,노원구,1135056000,월계1동,1135010200,월계동,2025-04-01,223
서울특별시,노원구,1135057000,월계2동,1135010200,월계동,2025-04-01,224
서울특별시,노원구,1135058000,월계3동,1135010200,월계동,2025-04-01,225
서울특별시,노원구,1135062100,중계1동,1135010600,중계동,2025-04-01,233
서울특별시,노원구,1135062500,중계2·3동,1135010600,중계동,2025-04-01,234
서울특별시,노원구,1135062400,중계4동,1135010500,상계동,2018-10-01,236
서울특별시,노원구,1135062400,중계4동,1135010600,중계동,2025-04-01,236
서울특별시,노원구,1135061900,중계본동,1135010600,중계동,2025-04-01,232
서울특별시,노원구,1135061100,하계1동,1135010400,하계동,2025-04-01,230
서울특별시,노원구,1135061200,하계2동,1135010400,하계동,2025-04-01,231
서울특별시,도봉구,1132052100,도봉1동,1132010800,도봉동,2025-04-01,219
서울특별시,도봉구,1132052200,도봉2동,1132010800,도봉동,2025-04-01,220
서울특별시,도봉구,1132069000,방학1동,1132010600,방학동,2025-04-01,210
서울특별시,도봉구,1132070000,방학2동,1132010600,방학동,2025-04-01,211
서울특별시,도봉구,1132071000,방학3동,1132010600,방학동,2025-04-01,212
서울특별시,도봉구,1132066000,쌍문1동,1132010500,쌍문동,2025-04-01,206
서울특별시,도봉구,1132067000,쌍문2동,1132010500,쌍문동,2025-04-01,207
서울특별시,도봉구,1132068000,쌍문3동,1132010500,쌍문동,2025-04-01,208
서울특별시,도봉구,1132068100,쌍문4동,1132010500,쌍문동,2025-04-01,209
서울특별시,도봉구,1132051100,창1동,1132010700,창동,2025-04-01,214
서울특별시,도봉구,1132051200,창2동,1132010700,창동,2025-04-01,215
서울특별시,도봉구,1132051300,창3동,1132010700,창동,2025-04-01,216
서울특별시,도봉구,1132051400,창4동,1132010700,창동,2025-04-01,217
서울특별시,도봉구,1132051500,창5동,1132010700,창동,2025-04-01,218
서울특별시,동대문구,1123060000,답십리1동,1123010500,답십리동,2025-04-01,114
서울특별시,동대문구,1123060000,답십리1동,1123010400,전농동,2015-07-01,114
서울특별시,동대문구,1123061000,답십리2동,1123010500,답십리동,2025-04-01,115
서울특별시,동대문구,1123053600,용신동,1123010100,신설동,2025-04-01,105
서울특별시,동대문구,1123053600,용신동,1123010200,용두동,2025-04-01,105
서울특별시,동대문구,1123074000,이문1동,1123011000,이문동,2025-04-01,128
서울특별시,동대문구,1123075000,이문2동,1123011000,이문동,2025-04-01,129
서울특별시,동대문구,1123065000,장안1동,1123010600,장안동,2025-04-01,119
서울특별시,동대문구,1123066000,장안2동,1123010600,장안동,2025-04-01,120
서울특별시,동대문구,1123056000,전농1동,1123010400,전농동,2025-04-01,110
서울특별시,동대문구,1123057000,전농2동,1123010400,전농동,2025-04-01,111
서울특별시,동대문구,1123054500,제기동,1123010300,제기동,2025-04-01,108
서울특별시,동대문구,1123070500,청량리동,1123010700,청량리동,2025-04-01,123
서울특별시,동대문구,1123071000,회기동,1123010800,회기동,2025-04-01,125
서울특별시,동대문구,1123072000,휘경1동,1123010900,휘경동,2025-04-01,126
서울특별시,동대문구,1123073000,휘경2동,1123010900,휘경동,2025-04-01,127
서울특별시,동작구,1159051000,노량진1동,1159010100,노량진동,2025-04-01,425
서울특별시,동작구,1159051000,노량진1동,1159010400,본동,2025-04-01,425
서울특별시,동작구,1159052000,노량진2동,1159010100,노량진동,2025-04-01,427
서울특별시,동작구,1159066000,대방동,1159010800,대방동,2025-04-01,442
서울특별시,동작구,1159062000,사당1동,1159010700,사당동,2025-04-01,438
서울특별시,동작구,1159063000,사당2동,1159010600,동작동,2025-04-01,436
서울특별시,동작구,1159063000,사당2동,1159010700,사당동,2025-04-01,436
서울특별시,동작구,1159064000,사당3동,1159010700,사당동,2025-04-01,439
서울특별시,동작구,1159065000,사당4동,1159010700,사당동,2025-04-01,440
서울특별시,동작구,1159065100,사당5동,1159010700,사당동,2025-04-01,441
서울특별시,동작구,1159053000,상도1동,1159010300,상도1동,2025-04-01,428
서울특별시,동작구,1159053000,상도1동,1159010200,상도동,2025-04-01,428
서울특별시,동작구,1159054000,상도2동,1159010200,상도동,2025-04-01,430
서울특별시,동작구,1159055000,상도3동,1159010200,상도동,2025-04-01,431
서울특별시,동작구,1159056000,상도4동,1159010200,상도동,2025-04-01,432
서울특별시,동작구,1159067000,신대방1동,1159010900,신대방동,2025-04-01,443
서울특별시,동작구,1159068000,신대방2동,1159010900,신대방동,2025-04-01,444
서울특별시,동작구,1159060500,흑석동,1159010500,흑석동,2025-04-01,433
서울특별시,마포구,1144056500,공덕동,1144010200,공덕동,2025-04-01,294
서울특별시,마포구,1144056500,공덕동,1144010400,도화동,2025-04-01,294
서울특별시,마포구,1144056500,공덕동,1144010300,신공덕동,2025-04-01,294
서울특별시,마포구,1144056500,공덕동,1144010100,아현동,2025-04-01,294
서울특별시,마포구,1144060000,대흥동,1144011000,노고산동,2025-04-01,303
서울특별시,마포구,1144060000,대흥동,1144010800,대흥동,2025-04-01,303
서울특별시,마포구,1144060000,대흥동,1144011100,신수동,2025-04-01,303
서울특별시,마포구,1144058500,도화동,1144010400,도화동,2025-04-01,300
서울특별시,마포구,1144058500,도화동,1144010700,마포동,2025-04-01,300
서울특별시,마포구,1144069000,망원1동,1144012300,망원동,2025-04-01,312
서울특별시,마포구,1144070000,망원2동,1144012300,망원동,2025-04-01,313
서울특별시,마포구,1144074000,상암동,1144012700,상암동,2025-04-01,317
서울특별시,마포구,1144065500,서강동,1144011800,당인동,2025-04-01,307
서울특별시,마포구,1144065500,서강동,1144011500,상수동,2025-04-01,307
서울특별시,마포구,1144065500,서강동,1144011700,신정동,2025-04-01,307
서울특별시,마포구,1144065500,서강동,1144011400,창전동,2025-04-01,307
서울특별시,마포구,1144065500,서강동,1144011600,하중동,2025-04-01,307
서울특별시,마포구,1144066000,서교동,1144011000,노고산동,2025-04-01,309
서울특별시,마포구,1144066000,서교동,1144012100,동교동,2025-04-01,309
서울특별시,마포구,1144066000,서교동,1144012000,서교동,2025-04-01,309
서울특별시,마포구,1144072000,성산1동,1144012500,성산동,2025-04-01,315
서울특별시,마포구,1144073000,성산2동,1144012500,성산동,2025-04-01,316
서울특별시,마포구,1144073000,성산2동,1144012600,중동,2025-04-01,316
서울특별시,마포구,1144063000,신수동,1144011300,구수동,2025-04-01,306
서울특별시,마포구,1144063000,신수동,1144010800,대흥동,2025-04-01,306
서울특별시,마포구,1144063000,신수동,1144011100,신수동,2025-04-01,306
서울특별시,마포구,1144063000,신수동,1144011700,신정동,2025-04-01,306
서울특별시,마포구,1144063000,신수동,1144011200,현석동,2025-04-01,306
서울특별시,마포구,1144055500,아현동,1144010200,공덕동,2025-04-01,297
서울특별시,마포구,1144055500,아현동,1144010100,아현동,2025-04-01,297
서울특별시,마포구,1144055500,아현동,1144010900,염리동,2025-04-01,297
서울특별시,마포구,1144071000,연남동,1144012400,연남동,2025-04-01,314
서울특별시,마포구,1144061000,염리동,1144010200,공덕동,2025-04-01,305
서울특별시,마포구,1144061000,염리동,1144010900,염리동,2025-04-01,305
서울특별시,마포구,1144059000,용강동,1144010800,대흥동,2025-04-01,302
서울특별시,마포구,1144059000,용강동,1144010400,도화동,2025-04-01,302
서울특별시,마포구,1144059000,용강동,1144010700,마포동,2025-04-01,302
서울특별시,마포구,1144059000,용강동,1144010900,염리동,2025-04-01,302
서울특별시,마포구,1144059000,용강동,1144010500,용강동,2025-04-01,302
서울특별시,마포구,1144059000,용강동,1144010600,토정동,2025-04-01,302
서울특별시,마포구,1144068000,합정동,1144012200,합정동,2025-04-01,311
서울특별시,서대문구,1141069000,남가좌1동,1141012000,남가좌동,2025-04-01,288
서울특별시,서대문구,1141070000,남가좌2동,1141012000,남가좌동,2025-04-01,289
서울특별시,서대문구,1141071000,북가좌1동,1141011900,북가좌동,2025-04-01,290
서울특별시,서대문구,1141072000,북가좌2동,1141011900,북가좌동,2025-04-01,291
서울특별시,서대문구,1141055500,북아현동,1141011200,대현동,2018-10-01,274
서울특별시,서대문구,1141055500,북아현동,1141011000,북아현동,2025-04-01,274
서울특별시,서대문구,1141058500,신촌동,1141011300,대신동,2025-04-01,276
서울특별시,서대문구,1141058500,신촌동,1141011200,대현동,2025-04-01,276
서울특별시,서대문구,1141058500,신촌동,1141011500,봉원동,2025-04-01,276
서울특별시,서대문구,1141058500,신촌동,1141011400,신촌동,2025-04-01,276
서울특별시,서대문구,1141058500,신촌동,1141011600,창천동,2025-04-01,276
서울특별시,서대문구,1141061500,연희동,1141011700,연희동,2025-04-01,278
서울특별시,서대문구,1141052000,천연동,1141010500,냉천동,2025-04-01,273
서울특별시,서대문구,1141052000,천연동,1141010800,영천동,2025-04-01,273
서울특별시,서대문구,1141052000,천연동,1141010700,옥천동,2025-04-01,273
서울특별시,서대문구,1141052000,천연동,1141010600,천연동,2025-04-01,273
서울특별시,서대문구,1141052000,천연동,1141010900,현저동,2025-04-01,273
서울특별시,서대문구,1141056500,충현동,1141010400,미근동,2025-04-01,271
서울특별시,서대문구,1141056500,충현동,1141011000,북아현동,2025-04-01,271
서울특별시,서대문구,1141056500,충현동,1141010100,충정로2가,2025-04-01,271
서울특별시,서대문구,1141056500,충현동,1141010200,충정로3가,2025-04-01,271
서울특별시,서대문구,1141056500,충현동,1141010300,합동,2025-04-01,271
서울특별시,서대문구,1141066000,홍은1동,1141011800,홍은동,2025-04-01,285
서울특별시,서대문구,1141068500,홍은2동,1141011800,홍은동,2025-04-01,287
서울특별시,서대문구,1141062000,홍제1동,1141011100,홍제동,2025-04-01,281
서울특별시,서대문구,1141065500,홍제2동,1141011100,홍제동,2025-04-01,284
서울특별시,서대문구,1141064000,홍제3동,1141011100,홍제동,2025-04-01,283
서울특별시,서초구,1165066000,내곡동,1165010900,내곡동,2025-04-01,493
서울특별시,서초구,1165066000,내곡동,1165011100,신원동,2025-04-01,493
서울특별시,서초구,1165066000,내곡동,1165011000,염곡동,2025-04-01,493
서울특별시,서초구,1165056000,반포1동,1165010700,반포동,2025-04-01,482
서울특별시,서초구,1165057000,반포2동,1165010700,반포동,2025-04-01,483
서울특별시,서초구,1165058000,반포3동,1165010600,잠원동,2025-04-01,484
서울특별시,서초구,1165058100,반포4동,1165010700,반포동,2025-04-01,485
서울특별시,서초구,1165055000,반포본동,1165010700,반포동,2025-04-01,481
서울특별시,서초구,1165060000,방배1동,1165010100,방배동,2025-04-01,487
서울특별시,서초구,1165061000,방배2동,1165010100,방배동,2025-04-01,488
서울특별시,서초구,1165062000,방배3동,1165010100,방배동,2025-04-01,489
서울특별시,서초구,1165062100,방배4동,1165010100,방배동,2025-04-01,490
서울특별시,서초구,1165059000,방배본동,1165010100,방배동,2025-04-01,486
서울특별시,서초구,1165051000,서초1동,1165010800,서초동,2025-04-01,476
서울특별시,서초구,1165052000,서초2동,1165010800,서초동,2025-04-01,477
서울특별시,서초구,1165053000,서초3동,1165010100,방배동,2025-04-01,478
서울특별시,서초구,1165053000,서초3동,1165010800,서초동,2025-04-01,478
서울특별시,서초구,1165053100,서초4동,1165010800,서초동,2025-04-01,479
서울특별시,서초구,1165065100,양재1동,1165010200,양재동,2025-04-01,491
서울특별시,서초구,1165065100,양재1동,1165010300,우면동,2025-04-01,491
서울특별시,서초구,1165065200,양재2동,1165010200,양재동,2025-04-01,492
서울특별시,서초구,1165065200,양재2동,1165010400,원지동,2025-04-01,492
서울특별시,서초구,1165054000,잠원동,1165010600,잠원동,2025-04-01,480
서울특별시,성동구,1120059000,금호1가동,1120010900,금호동1가,2025-04-01,73
서울특별시,성동구,1120061500,금호2·3가동,1120011000,금호동2가,2025-04-01,74
서울특별시,성동구,1120061500,금호2·3가동,1120011100,금호동3가,2025-04-01,74
서울특별시,성동구,1120062000,금호4가동,1120011200,금호동4가,2025-04-01,76
서울특별시,성동구,1120054000,마장동,1120010500,마장동,2025-04-01,68
서울특별시,성동구,1120055000,사근동,1120010600,사근동,2025-04-01,69
서울특별시,성동구,1120055000,사근동,1120010700,행당동,2025-04-01,69
서울특별시,성동구,1120065000,성수1가1동,1120011400,성수동1가,2025-04-01,79
서울특별시,성동구,1120066000,성수1가2동,1120011400,성수동1가,2025-04-01,80
서울특별시,성동구,1120067000,성수2가1동,1120011500,성수동2가,2025-04-01,81
서울특별시,성동구,1120069000,성수2가3동,1120011500,성수동2가,2025-04-01,82
서울특별시,성동구,1120072000,송정동,1120011800,송정동,2025-04-01,83
서울특별시,성동구,1120064500,옥수동,1120011300,옥수동,2025-04-01,77
서울특별시,성동구,1120052000,왕십리2동,1120010200,하왕십리동,2025-04-01,67
서울특별시,성동구,1120053500,왕십리도선동,1120010400,도선동,2025-04-01,65
서울특별시,성동구,1120053500,왕십리도선동,1120010100,상왕십리동,2025-04-01,65
서울특별시,성동구,1120053500,왕십리도선동,1120010200,하왕십리동,2025-04-01,65
서울특별시,성동구,1120053500,왕십리도선동,1120010300,홍익동,2025-04-01,65
서울특별시,성동구,1120079000,용답동,1120011800,송정동,2025-04-01,84
서울특별시,성동구,1120079000,용답동,1120012200,용답동,2025-04-01,84
서울특별시,성동구,1120058000,응봉동,1120010800,응봉동,2025-04-01,72
서울특별시,성동구,1120056000,행당1동,1120010700,행당동,2025-04-01,70
서울특별시,성동구,1120057000,행당2동,1120010700,행당동,2025-04-01,71
서울특별시,성북구,1129066000,길음1동,1129013400,길음동,2025-04-01,170
서울특별시,성북구,1129068500,길음2동,1129013400,길음동,2025-04-01,172
서울특별시,성북구,1129068500,길음2동,1129013600,하월곡동,2025-04-01,172
서울특별시,성북구,1129058000,돈암1동,1129010300,돈암동,2025-04-01,162
서울특별시,성북구,1129059000,돈암2동,1129010300,돈암동,2025-04-01,163
서울특별시,성북구,1129057500,동선동,1129010300,돈암동,2025-04-01,160
서울특별시,성북구,1129057500,동선동,1129011600,동선동1가,2025-04-01,160
서울특별시,성북구,1129057500,동선동,1129011700,동선동2가,2025-04-01,160
서울특별시,성북구,1129057500,동선동,1129011800,동선동3가,2025-04-01,160
서울특별시,성북구,1129057500,동선동,1129011900,동선동4가,2025-04-01,160
서울특별시,성북구,1129057500,동선동,1129012000,동선동5가,2025-04-01,160
서울특별시,성북구,1129057500,동선동,1129010900,동소문동6가,2025-04-01,160
서울특별시,성북구,1129057500,동선동,1129011000,동소문동7가,2025-04-01,160
서울특별시,성북구,1129061000,보문동,1129013000,보문동1가,2025-04-01,165
서울특별시,성북구,1129061000,보문동,1129013100,보문동2가,2025-04-01,165
서울특별시,성북구,1129061000,보문동,1129013200,보문동3가,2025-04-01,165
서울특별시,성북구,1129061000,보문동,1129012600,보문동4가,2025-04-01,165
서울특별시,성북구,1129061000,보문동,1129012700,보문동5가,2025-04-01,165
서울특별시,성북구,1129061000,보문동,1129012800,보문동6가,2025-04-01,165
서울특별시,성북구,1129061000,보문동,1129012900,보문동7가,2025-04-01,165
서울특별시,성북구,1129055500,삼선동,1129010300,돈암동,2025-04-01,157
서울특별시,성북구,1129055500,삼선동,1129010500,동소문동2가,2025-04-01,157
서울특별시,성북구,1129055500,삼선동,1129010600,동소문동3가,2025-04-01,157
서울특별시,성북구,1129055500,삼선동,1129010800,동소문동5가,2025-04-01,157
서울특별시,성북구,1129055500,삼선동,1129011100,삼선동1가,2025-04-01,157
서울특별시,성북구,1129055500,삼선동,1129011200,삼선동2가,2025-04-01,157
서울특별시,성북구,1129055500,삼선동,1129011300,삼선동3가,2025-04-01,157
서울특별시,성북구,1129055500,삼선동,1129011400,삼선동4가,2025-04-01,157
서울특별시,성북구,1129055500,삼선동,1129011500,삼선동5가,2025-04-01,157
서울특별시,성북구,1129081000,석관동,1129013900,석관동,2025-04-01,183
서울특별시,성북구,1129052500,성북동,1129010400,동소문동1가,2025-04-01,155
서울특별시,성북구,1129052500,성북동,1129010700,동소문동4가,2025-04-01,155
서울특별시,성북구,1129052500,성북동,1129010100,성북동,2025-04-01,155
서울특별시,성북구,1129052500,성북동,1129010200,성북동1가,2025-04-01,155
서울특별시,성북구,1129060000,안암동,1129012100,안암동1가,2025-04-01,164
서울특별시,성북구,1129060000,안암동,1129012200,안암동2가,2025-04-01,164
서울특별시,성북구,1129060000,안암동,1129012300,안암동3가,2025-04-01,164
서울특별시,성북구,1129060000,안암동,1129012400,안암동4가,2025-04-01,164
서울특별시,성북구,1129060000,안암동,1129012500,안암동5가,2025-04-01,164
서울특별시,성북구,1129071500,월곡1동,1129013600,하월곡동,2025-04-01,175
서울특별시,성북구,1129072500,월곡2동,1129013700,상월곡동,2025-04-01,178
서울특별시,성북구,1129072500,월곡2동,1129013600,하월곡동,2025-04-01,178
서울특별시,성북구,1129076000,장위1동,1129013800,장위동,2025-04-01,180
서울특별시,성북구,1129077000,장위2동,1129013800,장위동,2025-04-01,181
서울특별시,성북구,1129078000,장위3동,1129013800,장위동,2025-04-01,182
서울특별시,성북구,1129062000,정릉1동,1129013400,길음동,2025-04-01,166
서울특별시,성북구,1129062000,정릉1동,1129010300,돈암동,2025-04-01,166
서울특별시,성북구,1129062000,정릉1동,1129013300,정릉동,2025-04-01,166
서울특별시,성북구,1129063000,정릉2동,1129010300,돈암동,2025-04-01,167
서울특별시,성북구,1129063000,정릉2동,1129013300,정릉동,2025-04-01,167
서울특별시,성북구,1129064000,정릉3동,1129013300,정릉동,2025-04-01,168
서울특별시,성북구,1129065000,정릉4동,1129013300,정릉동,2025-04-01,169
서울특별시,성북구,1129070500,종암동,1129013500,종암동,2025-04-01,173
서울특별시,송파구,1171063100,가락1동,1171010700,가락동,2025-04-01,539
서울특별시,송파구,1171063200,가락2동,1171010700,가락동,2025-04-01,540
서울특별시,송파구,1171062000,가락본동,1171010700,가락동,2025-04-01,538
서울특별시,송파구,1171053100,거여1동,1171011300,거여동,2025-04-01,526
서울특별시,송파구,1171053200,거여2동,1171011300,거여동,2025-04-01,527
서울특별시,송파구,1171054000,마천1동,1171011400,마천동,2025-04-01,528
서울특별시,송파구,1171055000,마천2동,1171011400,마천동,2025-04-01,529
서울특별시,송파구,1171064100,문정1동,1171010800,문정동,2025-04-01,541
서울특별시,송파구,1171064200,문정2동,1171010800,문정동,2025-04-01,542
서울특별시,송파구,1171064200,문정2동,1171010900,장지동,2025-04-01,542
서울특별시,송파구,1171056100,방이1동,1171011100,방이동,2025-04-01,530
서울특별시,송파구,1171056200,방이2동,1171011100,방이동,2025-04-01,531
서울특별시,송파구,1171061000,삼전동,1171010600,삼전동,2025-04-01,537
서울특별시,송파구,1171060000,석촌동,1171010500,석촌동,2025-04-01,536
서울특별시,송파구,1171058000,송파1동,1171010400,송파동,2025-04-01,534
서울특별시,송파구,1171059000,송파2동,1171010400,송파동,2025-04-01,535
서울특별시,송파구,1171057000,오금동,1171011200,오금동,2025-04-01,533
서울특별시,송파구,1171056600,오륜동,1171011100,방이동,2025-04-01,532
서울특별시,송파구,1171064700,위례동,1171011300,거여동,2025-04-01,544
서울특별시,송파구,1171064700,위례동,1171010900,장지동,2025-04-01,544
서울특별시,송파구,1171067000,잠실2동,1171010100,잠실동,2025-04-01,546
서울특별시,송파구,1171068000,잠실3동,1171010100,잠실동,2025-04-01,548
서울특별시,송파구,1171069000,잠실4동,1171010200,신천동,2025-04-01,550
서울특별시,송파구,1171071000,잠실6동,1171010200,신천동,2025-04-01,551
서울특별시,송파구,1171072000,잠실7동,1171010100,잠실동,2025-04-01,552
서울특별시,송파구,1171065000,잠실본동,1171010100,잠실동,2025-04-01,545
서울특별시,송파구,1171064600,장지동,1171010800,문정동,2025-04-01,543
서울특별시,송파구,1171064600,장지동,1171010900,장지동,2025-04-01,543
서울특별시,송파구,1171051000,풍납1동,1171010300,풍납동,2025-04-01,524
서울특별시,송파구,1171052000,풍납2동,1171010300,풍납동,2025-04-01,525
서울특별시,양천구,1147051000,목1동,1147010200,목동,2025-04-01,320
서울특별시,양천구,1147052000,목2동,1147010200,목동,2025-04-01,321
서울특별시,양천구,1147053000,목3동,1147010200,목동,2025-04-01,322
서울특별시,양천구,1147054000,목4동,1147010200,목동,2025-04-01,323
서울특별시,양천구,1147055000,목5동,1147010200,목동,2025-04-01,324
서울특별시,양천구,1147056000,신월1동,1147010300,신월동,2025-04-01,326
서울특별시,양천구,1147057000,신월2동,1147010300,신월동,2025-04-01,327
서울특별시,양천구,1147058000,신월3동,1147010300,신월동,2025-04-01,328
서울특별시,양천구,1147059000,신월4동,1147010300,신월동,2025-04-01,329
서울특별시,양천구,1147060000,신월5동,1147010300,신월동,2025-04-01,330
서울특별시,양천구,1147061000,신월6동,1147010300,신월동,2025-04-01,331
서울특별시,양천구,1147061100,신월7동,1147010300,신월동,2025-04-01,332
서울특별시,양천구,1147062000,신정1동,1147010100,신정동,2025-04-01,333
서울특별시,양천구,1147063000,신정2동,1147010100,신정동,2025-04-01,334
서울특별시,양천구,1147064000,신정3동,1147010100,신정동,2025-04-01,335
서울특별시,양천구,1147065000,신정4동,1147010100,신정동,2025-04-01,336
서울특별시,양천구,1147067000,신정6동,1147010100,신정동,2025-04-01,338
서울특별시,양천구,1147068000,신정7동,1147010100,신정동,2025-04-01,339
서울특별시,영등포구,1156055000,당산1동,1156011100,당산동1가,2025-04-01,406
서울특별시,영등포구,1156055000,당산1동,1156011200,당산동2가,2025-04-01,406
서울특별시,영등포구,1156055000,당산1동,1156011300,당산동3가,2025-04-01,406
서울특별시,영등포구,1156056000,당산2동,1156011700,당산동,2025-04-01,407
서울특별시,영등포구,1156056000,당산2동,1156011400,당산동4가,2025-04-01,407
서울특별시,영등포구,1156056000,당산2동,1156011500,당산동5가,2025-04-01,407
서울특별시,영등포구,1156056000,당산2동,1156011600,당산동6가,2025-04-01,407
서울특별시,영등포구,1156070000,대림1동,1156013300,대림동,2025-04-01,420
서울특별시,영등포구,1156071000,대림2동,1156013300,대림동,2025-04-01,421
서울특별시,영등포구,1156072000,대림3동,1156013300,대림동,2025-04-01,422
서울특별시,영등포구,1156058500,도림동,1156011800,도림동,2025-04-01,408
서울특별시,영등포구,1156060500,문래동,1156011900,문래동1가,2025-04-01,410
서울특별시,영등포구,1156060500,문래동,1156012000,문래동2가,2025-04-01,410
서울특별시,영등포구,1156060500,문래동,1156012100,문래동3가,2025-04-01,410
서울특별시,영등포구,1156060500,문래동,1156012200,문래동4가,2025-04-01,410
서울특별시,영등포구,1156060500,문래동,1156012300,문래동5가,2025-04-01,410
서울특별시,영등포구,1156060500,문래동,1156012400,문래동6가,2025-04-01,410
서울특별시,영등포구,1156063000,신길1동,1156013200,신길동,2025-04-01,414
서울특별시,영등포구,1156065000,신길3동,1156013200,신길동,2025-04-01,415
서울특별시,영등포구,1156066000,신길4동,1156013200,신길동,2025-04-01,416
서울특별시,영등포구,1156067000,신길5동,1156013300,대림동,2025-04-01,417
서울특별시,영등포구,1156067000,신길5동,1156013200,신길동,2025-04-01,417
서울특별시,영등포구,1156068000,신길6동,1156013200,신길동,2025-04-01,418
서울특별시,영등포구,1156069000,신길7동,1156013200,신길동,2025-04-01,419
서울특별시,영등포구,1156061000,양평1동,1156012500,양평동1가,2025-04-01,412
서울특별시,영등포구,1156061000,양평1동,1156012600,양평동2가,2025-04-01,412
서울특별시,영등포구,1156061000,양평1동,1156012700,양평동3가,2025-04-01,412
서울특별시,영등포구,1156062000,양평2동,1156013400,양평동,2025-04-01,413
서울특별시,영등포구,1156062000,양평2동,1156012700,양평동3가,2025-04-01,413
서울특별시,영등포구,1156062000,양평2동,1156012800,양평동4가,2025-04-01,413
서울특별시,영등포구,1156062000,양평2동,1156012900,양평동5가,2025-04-01,413
서울특별시,영등포구,1156062000,양평2동,1156013000,양평동6가,2025-04-01,413
서울특별시,영등포구,1156062000,양평2동,1156013100,양화동,2025-04-01,413
서울특별시,영등포구,1156054000,여의동,1156011000,여의도동,2025-04-01,405
서울특별시,영등포구,1156053500,영등포동,1156010100,영등포동,2025-04-01,403
서울특별시,영등포구,1156053500,영등포동,1156010200,영등포동1가,2025-04-01,403
서울특별시,영등포구,1156053500,영등포동,1156010300,영등포동2가,2025-04-01,403
서울특별시,영등포구,1156053500,영등포동,1156010400,영등포동3가,2025-04-01,403
서울특별시,영등포구,1156053500,영등포동,1156010500,영등포동4가,2025-04-01,403
서울특별시,영등포구,1156053500,영등포동,1156010600,영등포동5가,2025-04-01,403
서울특별시,영등포구,1156053500,영등포동,1156010700,영등포동6가,2025-04-01,403
서울특별시,영등포구,1156053500,영등포동,1156010800,영등포동7가,2025-04-01,403
서울특별시,영등포구,1156053500,영등포동,1156010900,영등포동8가,2025-04-01,403
서울특별시,영등포구,1156051500,영등포본동,1156013200,신길동,2025-04-01,401
서울특별시,영등포구,1156051500,영등포본동,1156010100,영등포동,2025-04-01,401
서울특별시,용산구,1117053000,남영동,1117010400,갈월동,2025-04-01,45
서울특별시,용산구,1117053000,남영동,1117010500,남영동,2025-04-01,45
서울특별시,용산구,1117053000,남영동,1117010700,동자동,2025-04-01,45
서울특별시,용산구,1117053000,남영동,1117010600,용산동1가,2025-04-01,45
서울특별시,용산구,1117070000,보광동,1117013600,보광동,2025-04-01,62
서울특별시,용산구,1117069000,서빙고동,1117013200,동빙고동,2025-04-01,61
서울특별시,용산구,1117069000,서빙고동,1117013300,서빙고동,2025-04-01,61
서울특별시,용산구,1117069000,서빙고동,1117013500,용산동6가,2025-04-01,61
서울특별시,용산구,1117069000,서빙고동,1117013400,주성동,2025-04-01,61
서울특별시,용산구,1117059000,용문동,1117012000,도원동,2025-04-01,52
서울특별시,용산구,1117059000,용문동,1117012100,용문동,2025-04-01,52
서울특별시,용산구,1117052000,용산2가동,1117010200,용산동2가,2025-04-01,44
서울특별시,용산구,1117052000,용산2가동,1117010300,용산동4가,2025-04-01,44
서울특별시,용산구,1117056000,원효로1동,1117012200,문배동,2025-04-01,48
서울특별시,용산구,1117056000,원효로1동,1117012300,신계동,2025-04-01,48
서울특별시,용산구,1117056000,원효로1동,1117011200,원효로1가,2025-04-01,48
서울특별시,용산구,1117056000,원효로1동,1117011300,원효로2가,2025-04-01,48
서울특별시,용산구,1117057000,원효로2동,1117011500,산천동,2025-04-01,50
서울특별시,용산구,1117057000,원효로2동,1117011400,신창동,2025-04-01,50
서울특별시,용산구,1117057000,원효로2동,1117011700,원효로3가,2025-04-01,50
서울특별시,용산구,1117057000,원효로2동,1117011800,원효로4가,2025-04-01,50
서울특별시,용산구,1117057000,원효로2동,1117011600,청암동,2025-04-01,50
서울특별시,용산구,1117063000,이촌1동,1117012900,이촌동,2025-04-01,55
서울특별시,용산구,1117064000,이촌2동,1117012900,이촌동,2025-04-01,56
서울특별시,용산구,1117065000,이태원1동,1117013000,이태원동,2025-04-01,57
서울특별시,용산구,1117066000,이태원2동,1117013000,이태원동,2025-04-01,58
서울특별시,용산구,1117055500,청파동,1117010800,서계동,2025-04-01,46
서울특별시,용산구,1117055500,청파동,1117010900,청파동1가,2025-04-01,46
서울특별시,용산구,1117055500,청파동,1117011000,청파동2가,2025-04-01,46
서울특별시,용산구,1117055500,청파동,1117011100,청파동3가,2025-04-01,46
서울특별시,용산구,1117062500,한강로동,1117012600,용산동3가,2025-04-01,53
서울특별시,용산구,1117062500,한강로동,1117012700,용산동5가,2025-04-01,53
서울특별시,용산구,1117062500,한강로동,1117012400,한강로1가,2025-04-01,53
서울특별시,용산구,1117062500,한강로동,1117012500,한강로2가,2025-04-01,53
서울특별시,용산구,1117062500,한강로동,1117012800,한강로3가,2025-04-01,53
서울특별시,용산구,1117068500,한남동,1117013100,한남동,2025-04-01,59
서울특별시,용산구,1117058000,효창동,1117011900,효창동,2025-04-01,51
서울특별시,용산구,1117051000,후암동,1117010100,후암동,2025-04-01,43
서울특별시,은평구,1138055100,갈현1동,1138010400,갈현동,2025-04-01,253
서울특별시,은평구,1138055200,갈현2동,1138010400,갈현동,2025-04-01,254
서울특별시,은평구,1138056000,구산동,1138010500,구산동,2025-04-01,255
서울특별시,은평구,1138051000,녹번동,1138010200,녹번동,2025-04-01,249
서울특별시,은평구,1138057000,대조동,1138010600,대조동,2025-04-01,256
서울특별시,은평구,1138052000,불광1동,1138010300,불광동,2025-04-01,250
서울특별시,은평구,1138053000,불광2동,1138010300,불광동,2025-04-01,251
서울특별시,은평구,1138065000,수색동,1138010100,수색동,2025-04-01,266
서울특별시,은평구,1138063100,신사1동,1138010900,신사동,2025-04-01,263
서울특별시,은평구,1138063200,신사2동,1138010900,신사동,2025-04-01,264
서울특별시,은평구,1138062500,역촌동,1138010800,역촌동,2025-04-01,261
서울특별시,은평구,1138058000,응암1동,1138010700,응암동,2025-04-01,257
서울특별시,은평구,1138059000,응암2동,1138010700,응암동,2025-04-01,258
서울특별시,은평구,1138060000,응암3동,1138010700,응암동,2025-04-01,259
서울특별시,은평구,1138064000,증산동,1138011000,증산동,2025-04-01,265
서울특별시,은평구,1138069000,진관동,1138011400,진관동,2025-04-01,267
서울특별시,종로구,1111060000,가회동,1111014600,가회동,2025-04-01,13
서울특별시,종로구,1111060000,가회동,1111014800,계동,2025-04-01,13
서울특별시,종로구,1111060000,가회동,1111014900,원서동,2025-04-01,13
서울특별시,종로구,1111060000,가회동,1111014700,재동,2025-04-01,13
서울특별시,종로구,1111058000,교남동,1111017600,교남동,2025-04-01,12
서울특별시,종로구,1111058000,교남동,1111018000,교북동,2025-04-01,12
서울특별시,종로구,1111058000,교남동,1111017800,송월동,2025-04-01,12
서울특별시,종로구,1111058000,교남동,1111017700,평동,2025-04-01,12
서울특별시,종로구,1111058000,교남동,1111018100,행촌동,2025-04-01,12
서울특별시,종로구,1111058000,교남동,1111017900,홍파동,2025-04-01,12
서울특별시,종로구,1111057000,무악동,1111018700,무악동,2025-04-01,11
서울특별시,종로구,1111055000,부암동,1111018400,부암동,2025-04-01,9
서울특별시,종로구,1111055000,부암동,1111018600,신영동,2025-04-01,9
서울특별시,종로구,1111055000,부암동,1111018500,홍지동,2025-04-01,9
서울특별시,종로구,1111053000,사직동,1111011800,내수동,2025-04-01,7
서울특별시,종로구,1111053000,사직동,1111011400,내자동,2025-04-01,7
서울특별시,종로구,1111053000,사직동,1111011700,당주동,2025-04-01,7
서울특별시,종로구,1111053000,사직동,1111011600,도렴동,2025-04-01,7
서울특별시,종로구,1111053000,사직동,1111011500,사직동,2025-04-01,7
서울특별시,종로구,1111053000,사직동,1111011900,세종로,2025-04-01,7
서울특별시,종로구,1111053000,사직동,1111012000,신문로1가,2025-04-01,7
서울특별시,종로구,1111053000,사직동,1111012100,신문로2가,2025-04-01,7
서울특별시,종로구,1111053000,사직동,1111010700,적선동,2025-04-01,7
서울특별시,종로구,1111053000,사직동,1111011200,체부동,2025-04-01,7
서울특별시,종로구,1111053000,사직동,1111010600,통의동,2025-04-01,7
서울특별시,종로구,1111053000,사직동,1111011300,필운동,2025-04-01,7
서울특별시,종로구,1111054000,삼청동,1111014400,사간동,2025-04-01,8
서울특별시,종로구,1111054000,삼청동,1111014000,삼청동,2025-04-01,8
서울특별시,종로구,1111054000,삼청동,1111014200,소격동,2025-04-01,8
서울특별시,종로구,1111054000,삼청동,1111014500,송현동,2025-04-01,8
서울특별시,종로구,1111054000,삼청동,1111014100,안국동,2025-04-01,8
서울특별시,종로구,1111054000,삼청동,1111013900,팔판동,2025-04-01,8
서울특별시,종로구,1111054000,삼청동,1111014300,화동,2025-04-01,8
서울특별시,종로구,1111070000,숭인1동,1111017500,숭인동,2025-04-01,22
서울특별시,종로구,1111071000,숭인2동,1111017500,숭인동,2025-04-01,23
서울특별시,종로구,1111064000,이화동,1111016800,동숭동,2025-04-01,16
서울특별시,종로구,1111064000,이화동,1111016600,연건동,2025-04-01,16
서울특별시,종로구,1111064000,이화동,1111016500,이화동,2025-04-01,16
서울특별시,종로구,1111061500,종로1·2·3·4가동,1111012900,견지동,2025-04-01,14
서울특별시,종로구,1111061500,종로1·2·3·4가동,1111013400,경운동,2025-04-01,14
서울특별시,종로구,1111061500,종로1·2·3·4가동,1111012700,공평동,2025-04-01,14
서울특별시,종로구,1111061500,종로1·2·3·4가동,1111015500,관수동,2025-04-01,14
서울특별시,종로구,1111061500,종로1·2·3·4가동,1111013500,관철동,2025-04-01,14
서울특별시,종로구,1111061500,종로1·2·3·4가동,1111012800,관훈동,2025-04-01,14
서울특별시,종로구,1111061500,종로1·2·3·4가동,1111013100,권농동,2025-04-01,14
서울특별시,종로구,1111061500,종로1·2·3·4가동,1111013700,낙원동,2025-04-01,14
서울특별시,종로구,1111061500,종로1·2·3·4가동,1111015300,돈의동,2025-04-01,14
서울특별시,종로구,1111061500,종로1·2·3·4가동,1111015100,묘동,2025-04-01,14
서울특별시,종로구,1111061500,종로1·2·3·4가동,1111015200,봉익동,2025-04-01,14
서울특별시,종로구,1111061500,종로1·2·3·4가동,1111012300,서린동,2025-04-01,14
서울특별시,종로구,1111061500,종로1·2·3·4가동,1111011900,세종로,2025-04-01,14
서울특별시,종로구,1111061500,종로1·2·3·4가동,1111012400,수송동,2025-04-01,14
서울특별시,종로구,1111061500,종로1·2·3·4가동,1111015800,예지동,2025-04-01,14
서울특별시,종로구,1111061500,종로1·2·3·4가동,1111013000,와룡동,2025-04-01,14
서울특별시,종로구,1111061500,종로1·2·3·4가동,1111013200,운니동,2025-04-01,14
서울특별시,종로구,1111061500,종로1·2·3·4가동,1111015900,원남동,2025-04-01,14
서울특별시,종로구,1111061500,종로1·2·3·4가동,1111013300,익선동,2025-04-01,14
서울특별시,종로구,1111061500,종로1·2·3·4가동,1111013600,인사동,2025-04-01,14
서울특별시,종로구,1111061500,종로1·2·3·4가동,1111015700,인의동,2025-04-01,14
서울특별시,종로구,1111061500,종로1·2·3·4가동,1111015400,장사동,2025-04-01,14
서울특별시,종로구,1111061500,종로1·2·3·4가동,1111012600,종로1가,2025-04-01,14
서울특별시,종로구,1111061500,종로1·2·3·4가동,1111013800,종로2가,2025-04-01,14
서울특별시,종로구,1111061500,종로1·2·3·4가동,1111015600,종로3가,2025-04-01,14
서울특별시,종로구,1111061500,종로1·2·3·4가동,1111016100,종로4가,2025-04-01,14
서울특별시,종로구,1111061500,종로1·2·3·4가동,1111012500,중학동,2025-04-01,14
서울특별시,종로구,1111061500,종로1·2·3·4가동,1111012200,청진동,2025-04-01,14
서울특별시,종로구,1111061500,종로1·2·3·4가동,1111015000,훈정동,2025-04-01,14
서울특별시,종로구,1111063000,종로5·6가동,1111016000,연지동,2025-04-01,15
서울특별시,종로구,1111063000,종로5·6가동,1111016300,종로5가,2025-04-01,15
서울특별시,종로구,1111063000,종로5·6가동,1111016400,종로6가,2025-04-01,15
서울특별시,종로구,1111063000,종로5·6가동,1111016700,충신동,2025-04-01,15
서울특별시,종로구,1111063000,종로5·6가동,1111016200,효제동,2025-04-01,15
서울특별시,종로구,1111067000,창신1동,1111017400,창신동,2025-04-01,19
서울특별시,종로구,1111068000,창신2동,1111017400,창신동,2025-04-01,20
서울특별시,종로구,1111069000,창신3동,1111017400,창신동,2025-04-01,21
서울특별시,종로구,1111051500,청운효자동,1111010300,궁정동,2025-04-01,5
서울특별시,종로구,1111051500,청운효자동,1111010900,누상동,2025-04-01,5
서울특별시,종로구,1111051500,청운효자동,1111011000,누하동,2025-04-01,5
서울특별시,종로구,1111051500,청운효자동,1111011900,세종로,2025-04-01,5
서울특별시,종로구,1111051500,청운효자동,1111010200,신교동,2025-04-01,5
서울특별시,종로구,1111051500,청운효자동,1111011100,옥인동,2025-04-01,5
서울특별시,종로구,1111051500,청운효자동,1111010500,창성동,2025-04-01,5
서울특별시,종로구,1111051500,청운효자동,1111010100,청운동,2025-04-01,5
서울특별시,종로구,1111051500,청운효자동,1111010800,통인동,2025-04-01,5
서울특별시,종로구,1111051500,청운효자동,1111010400,효자동,2025-04-01,5
서울특별시,종로구,1111056000,평창동,1111018200,구기동,2025-04-01,10
서울특별시,종로구,1111056000,평창동,1111018300,평창동,2025-04-01,10
서울특별시,종로구,1111065000,혜화동,1111017000,명륜1가,2025-04-01,17
서울특별시,종로구,1111065000,혜화동,1111017100,명륜2가,2025-04-01,17
서울특별시,종로구,1111065000,혜화동,1111017300,명륜3가,2025-04-01,17
서울특별시,종로구,1111065000,혜화동,1111017200,명륜4가,2025-04-01,17
서울특별시,종로구,1111065000,혜화동,1111013000,와룡동,2025-04-01,17
서울특별시,종로구,1111065000,혜화동,1111016900,혜화동,2025-04-01,17
서울특별시,중구,1114059000,광희동,1114014500,광희동1가,2025-04-01,31
서울특별시,중구,1114059000,광희동,1114014600,광희동2가,2025-04-01,31
서울특별시,중구,1114059000,광희동,1114014700,쌍림동,2025-04-01,31
서울특별시,중구,1114059000,광희동,1114013500,예관동,2025-04-01,31
서울특별시,중구,1114059000,광희동,1114015400,오장동,2025-04-01,31
서울특별시,중구,1114059000,광희동,1114014800,을지로6가,2025-04-01,31
서울특별시,중구,1114059000,광희동,1114014900,을지로7가,2025-04-01,31
서울특별시,중구,1114059000,광희동,1114013400,인현동2가,2025-04-01,31
서울특별시,중구,1114059000,광희동,1114013200,충무로4가,2025-04-01,31
서울특별시,중구,1114059000,광희동,1114013300,충무로5가,2025-04-01,31
서울특별시,중구,1114062500,다산동,1114016200,신당동,2025-04-01,37
서울특별시,중구,1114066500,동화동,1114016200,신당동,2025-04-01,40
서울특별시,중구,1114055000,명동,1114010600,남대문로1가,2025-04-01,28
서울특별시,중구,1114055000,명동,1114011500,남대문로2가,2025-04-01,28
서울특별시,중구,1114055000,명동,1114012800,남산동1가,2025-04-01,28
서울특별시,중구,1114055000,명동,1114012900,남산동2가,2025-04-01,28
서울특별시,중구,1114055000,명동,1114013000,남산동3가,2025-04-01,28
서울특별시,중구,1114055000,명동,1114010200,다동,2025-04-01,28
서울특별시,중구,1114055000,명동,1114012600,명동1가,2025-04-01,28
서울특별시,중구,1114055000,명동,1114012700,명동2가,2025-04-01,28
서울특별시,중구,1114055000,명동,1114010100,무교동,2025-04-01,28
서울특별시,중구,1114055000,명동,1114010700,삼각동,2025-04-01,28
서울특별시,중구,1114055000,명동,1114011000,수표동,2025-04-01,28
서울특별시,중구,1114055000,명동,1114010800,수하동,2025-04-01,28
서울특별시,중구,1114055000,명동,1114014200,예장동,2025-04-01,28
서울특별시,중구,1114055000,명동,1114010400,을지로1가,2025-04-01,28
서울특별시,중구,1114055000,명동,1114010500,을지로2가,2025-04-01,28
서울특별시,중구,1114055000,명동,1114010900,장교동,2025-04-01,28
서울특별시,중구,1114055000,명동,1114013100,저동1가,2025-04-01,28
서울특별시,중구,1114055000,명동,1114012400,충무로1가,2025-04-01,28
서울특별시,중구,1114055000,명동,1114012500,충무로2가,2025-04-01,28
서울특별시,중구,1114055000,명동,1114010300,태평로1가,2025-04-01,28
서울특별시,중구,1114055000,명동,1114012100,회현동1가,2025-04-01,28
서울특별시,중구,1114055000,명동,1114012200,회현동2가,2025-04-01,28
서울특별시,중구,1114055000,명동,1114012300,회현동3가,2025-04-01,28
서울특별시,중구,1114052000,소공동,1114011500,남대문로2가,2025-04-01,26
서울특별시,중구,1114052000,소공동,1114011600,남대문로3가,2025-04-01,26
서울특별시,중구,1114052000,소공동,1114011700,남대문로4가,2025-04-01,26
서울특별시,중구,1114052000,소공동,1114011900,봉래동1가,2025-04-01,26
서울특별시,중구,1114052000,소공동,1114011300,북창동,2025-04-01,26
서울특별시,중구,1114052000,소공동,1114016600,서소문동,2025-04-01,26
서울특별시,중구,1114052000,소공동,1114011100,소공동,2025-04-01,26
서울특별시,중구,1114052000,소공동,1114016800,순화동,2025-04-01,26
서울특별시,중구,1114052000,소공동,1114016900,의주로1가,2025-04-01,26
서울특별시,중구,1114052000,소공동,1114016700,정동,2025-04-01,26
서울특별시,중구,1114052000,소공동,1114017000,충정로1가,2025-04-01,26
서울특별시,중구,1114052000,소공동,1114011400,태평로2가,2025-04-01,26
서울특별시,중구,1114061000,신당1동,1114016400,무학동,2013-07-01,33
서울특별시,중구,1114061000,신당1동,1114016200,신당동,2013-07-01,33
서울특별시,중구,1114061000,신당1동,1114016300,흥인동,2013-07-01,33
서울특별시,중구,1114062000,신당2동,1114016200,신당동,2013-07-01,34
서울특별시,중구,1114063000,신당3동,1114016200,신당동,2013-07-01,35
서울특별시,중구,1114064000,신당4동,1114016200,신당동,2013-07-01,36
서울특별시,중구,1114065000,신당5동,1114016200,신당동,2025-04-01,33
서울특별시,중구,1114066000,신당6동,1114016200,신당동,2013-07-01,38
서울특별시,중구,1114061500,신당동,1114016400,무학동,2025-04-01,36
서울특별시,중구,1114061500,신당동,1114016200,신당동,2025-04-01,36
서울특별시,중구,1114061500,신당동,1114016300,흥인동,2025-04-01,36
서울특별시,중구,1114063500,약수동,1114016200,신당동,2025-04-01,38
서울특별시,중구,1114060500,을지로동,1114015300,방산동,2025-04-01,32
서울특별시,중구,1114060500,을지로동,1114015700,산림동,2025-04-01,32
서울특별시,중구,1114060500,을지로동,1114015500,을지로3가,2025-04-01,32
서울특별시,중구,1114060500,을지로동,1114015000,을지로4가,2025-04-01,32
서울특별시,중구,1114060500,을지로동,1114015100,을지로5가,2025-04-01,32
서울특별시,중구,1114060500,을지로동,1114016000,인현동1가,2025-04-01,32
서울특별시,중구,1114060500,을지로동,1114015600,입정동,2025-04-01,32
서울특별시,중구,1114060500,을지로동,1114016100,저동2가,2025-04-01,32
서울특별시,중구,1114060500,을지로동,1114015200,주교동,2025-04-01,32
서울특별시,중구,1114060500,을지로동,1114015900,초동,2025-04-01,32
서울특별시,중구,1114058000,장충동,1114013600,묵정동,2025-04-01,30
서울특별시,중구,1114058000,장충동,1114014300,장충동1가,2025-04-01,30
서울특별시,중구,1114058000,장충동,1114014400,장충동2가,2025-04-01,30
서울특별시,중구,1114068000,중림동,1114017300,만리동1가,2025-04-01,35
서울특별시,중구,1114068000,중림동,1114017400,만리동2가,2025-04-01,35
서울특별시,중구,1114068000,중림동,1114017200,의주로2가,2025-04-01,35
서울특별시,중구,1114068000,중림동,1114017100,중림동,2025-04-01,35
서울특별시,중구,1114064500,청구동,1114016200,신당동,2025-04-01,39
서울특별시,중구,1114057000,필동,1114014000,남학동,2025-04-01,29
서울특별시,중구,1114057000,필동,1114013600,묵정동,2025-04-01,29
서울특별시,중구,1114057000,필동,1114014200,예장동,2025-04-01,29
서울특별시,중구,1114057000,필동,1114014400,장충동2가,2025-04-01,29
서울특별시,중구,1114057000,필동,1114014100,주자동,2025-04-01,29
서울특별시,중구,1114057000,필동,1114015800,충무로3가,2025-04-01,29
서울특별시,중구,1114057000,필동,1114013200,충무로4가,2025-04-01,29
서울특별시,중구,1114057000,필동,1114013300,충무로5가,2025-04-01,29
서울특별시,중구,1114057000,필동,1114013700,필동1가,2025-04-01,29
서울특별시,중구,1114057000,필동,1114013800,필동2가,2025-04-01,29
서울특별시,중구,1114057000,필동,1114013900,필동3가,2025-04-01,29
서울특별시,중구,1114067000,황학동,1114016500,황학동,2025-04-01,34
서울특별시,중구,1114054000,회현동,1114011600,남대문로3가,2025-04-01,27
서울특별시,중구,1114054000,회현동,1114011700,남대문로4가,2025-04-01,27
서울특별시,중구,1114054000,회현동,1114011800,남대문로5가,2025-04-01,27
서울특별시,중구,1114054000,회현동,1114011200,남창동,2025-04-01,27
서울특별시,중구,1114054000,회현동,1114011900,봉래동1가,2025-04-01,27
서울특별시,중구,1114054000,회현동,1114012000,봉래동2가,2025-04-01,27
서울특별시,중구,1114054000,회현동,1114016800,순화동,2025-04-01,27
서울특별시,중구,1114054000,회현동,1114012400,충무로1가,2025-04-01,27
서울특별시,중구,1114054000,회현동,1114012100,회현동1가,2025-04-01,27
서울특별시,중구,1114054000,회현동,1114012200,회현동2가,2025-04-01,27
서울특별시,중랑구,1126066000,망우3동,1126010500,망우동,2025-04-01,150
서울특별시,중랑구,1126065500,망우본동,1126010500,망우동,2025-04-01,148
서울특별시,중랑구,1126052000,면목2동,1126010100,면목동,2025-04-01,135
서울특별시,중랑구,1126057500,면목3·8동,1126010100,면목동,2025-04-01,136
서울특별시,중랑구,1126054000,면목4동,1126010100,면목동,2025-04-01,138
서울특별시,중랑구,1126055000,면목5동,1126010100,면목동,2025-04-01,139
서울특별시,중랑구,1126057000,면목7동,1126010100,면목동,2025-04-01,140
서울특별시,중랑구,1126056500,면목본동,1126010100,면목동,2025-04-01,133
서울특별시,중랑구,1126062000,묵1동,1126010400,묵동,2025-04-01,146
서울특별시,중랑구,1126063000,묵2동,1126010400,묵동,2025-04-01,147
서울특별시,중랑구,1126058000,상봉1동,1126010200,상봉동,2025-04-01,141
서울특별시,중랑구,1126059000,상봉2동,1126010200,상봉동,2025-04-01,142
서울특별시,중랑구,1126068000,신내1동,1126010600,신내동,2025-04-01,151
서울특별시,중랑구,1126069000,신내2동,1126010600,신내동,2025-04-01,152
서울특별시,중랑구,1126060000,중화1동,1126010300,중화동,2025-04-01,143
서울특별시,중랑구,1126061000,중화2동,1126010300,중화동,2025-04-01,144
