region_id,시도명,시군구명,행정동명,display_name,가격_기준월,생활인구_기준월,안전_기준일자,상권_기준일자,안심시설수,안심시설수_상대수준,유흥시설수,유흥시설수_상대수준,업종수,업종수_상대수준,사업체수,사업체수_상대수준,생활인구,생활인구_상대수준,실거래가,실거래가_서울평균대비율,실거래가_서울평균이하여부,전세가,전세가_서울평균대비율,전세가_서울평균이하여부,거래량,거래량_해석주의,안전_데이터여부,상권_데이터여부,생활인구_데이터여부,가격_데이터여부,안전_매칭지표수,편의_매칭지표수,가격_매칭지표수,인구_매칭지표수
1168066000,서울특별시,강남구,개포1동,강남구 개포1동,2025-12,2026-05,안심시설수 2023-04-21; 유흥시설수 2026-06-17,20254,0,상대적으로낮음,0,상대적으로낮음,47,상대적으로낮음,192,상대적으로낮음,24920.06,보통,52535.03,106.59,False,70486.91,57.25,False,63.2,False,True,True,True,True,0,0,0,0
1168067000,서울특별시,강남구,개포2동,강남구 개포2동,2025-12,2026-05,안심시설수 2023-04-21; 유흥시설수 2026-06-17,20254,0,상대적으로낮음,0,상대적으로낮음,76,보통,933,보통,29154.2,보통,53015.66,108.48,False,72416.4,61.56,False,102.8,False,True,True,True,True,0,0,0,0
1168067500,서울특별시,강남구,개포3동,강남구 개포3동,2026-01,,안심시설수 2023-04-21; 유흥시설수 2026-06-17,20254,0,상대적으로낮음,0,상대적으로낮음,0,상대적으로낮음,0,상대적으로낮음,,데이터없음,10666.67,-68.58,True,,,,0.6,True,True,True,False,True,0,0,1,0
1168069000,서울특별시,강남구,개포4동,강남구 개포4동,2025-12,2026-05,안심시설수 2023-04-21; 유흥시설수 2026-06-17,20254,24,보통,3,보통,92,상대적으로높음,1418,보통,15552.41,보통,52535.03,106.59,False,70486.91,57.25,False,63.2,False,True,True,True,True,0,1,0,0
1168052100,서울특별시,강남구,논현1동,강남구 논현1동,2025-12,2026-05,안심시설수 2023-04-21; 유흥시설수 2026-06-17,20254,87,상대적으로높음,30,상대적으로높음,100,상대적으로높음,4191,상대적으로높음,37942.11,상대적으로높음,27145.53,6.75,False,64656.65,44.25,False,87.5,False,True,True,True,True,1,2,0,1
1168053100,서울특별시,강남구,논현2동,강남구 논현2동,2025-12,2026-05,안심시설수 2023-04-21; 유흥시설수 2026-06-17,20254,153,상대적으로높음,45,상대적으로높음,94,상대적으로높음,4465,상대적으로높음,44687.0,상대적으로높음,27145.53,6.75,False,64656.65,44.25,False,87.5,False,True,True,True,True,1,2,0,1
1168060000,서울특별시,강남구,대치1동,강남구 대치1동,2026-01,2026-05,안심시설수 2023-04-21; 유흥시설수 2026-06-17,20254,0,상대적으로낮음,2,보통,73,상대적으로낮음,1035,보통,29129.95,보통,10666.67,-68.58,True,,,,0.6,True,True,True,True,True,0,0,1,0
1168061000,서울특별시,강남구,대치2동,강남구 대치2동,2026-01,2026-05,안심시설수 2023-04-21; 유흥시설수 2026-06-17,20254,27,보통,4,보통,93,상대적으로높음,2868,상대적으로높음,48382.58,상대적으로높음,10666.67,-68.58,True,,,,0.6,True,True,True,True,True,0,2,1,1
1168063000,서울특별시,강남구,대치4동,강남구 대치4동,2026-01,2026-05,안심시설수 2023-04-21; 유흥시설수 2026-06-17,20254,26,보통,9,보통,96,상대적으로높음,3777,상대적으로높음,39785.99,상대적으로높음,10666.67,-68.58,True,,,,0.6,True,True,True,True,True,0,2,1,1
1168065500,서울특별시,강남구,도곡1동,강남구 도곡1동,2025-12,2026-05,안심시설수 2023-04-21; 유흥시설수 2026-06-17,20254,23,보통,2,보통,88,보통,1334,보통,43673.78,상대적으로높음,77874.88,206.23,False,115251.99,157.12,False,99.5,False,True,True,True,True,0,0,0,1
1168065600,서울특별시,강남구,도곡2동,강남구 도곡2동,2025-12,2026-05,안심시설수 2023-04-21; 유흥시설수 2026-06-17,20254,0,상대적으로낮음,4,보통,88,보통,1498,보통,25744.36,보통,77874.88,206.23,False,115251.99,157.12,False,99.5,False,True,True,True,True,0,0,0,0
1168058000,서울특별시,강남구,삼성1동,강남구 삼성1동,2025-12,2026-05,안심시설수 2023-04-21; 유흥시설수 2026-06-17,20254,32,보통,8,보통,94,상대적으로높음,3496,상대적으로높음,39870.43,상대적으로높음,49679.49,95.36,False,90866.98,102.72,False,80.5,False,True,True,True,True,0,2,0,1
1168059000,서울특별시,강남구,삼성2동,강남구 삼성2동,2025-12,2026-05,안심시설수 2023-04-21; 유흥시설수 2026-06-17,20254,128,상대적으로높음,35,상대적으로높음,93,상대적으로높음,2929,상대적으로높음,36744.44,상대적으로높음,49679.49,95.36,False,90866.98,102.72,False,80.5,False,True,True,True,True,1,2,0,1
1168070000,서울특별시,강남구,세곡동,강남구 세곡동,2025-12,2026-05,안심시설수 2023-04-21; 유흥시설수 2026-06-17,20254,27,보통,0,상대적으로낮음,86,보통,1244,보통,45178.56,상대적으로높음,26257.05,3.25,False,41289.85,-7.88,True,284.0,False,True,True,True,True,0,0,1,1
1168075000,서울특별시,강남구,수서동,강남구 수서동,2025-12,2026-05,안심시설수 2023-04-21; 유흥시설수 2026-06-17,20254,0,상대적으로낮음,0,상대적으로낮음,77,보통,763,보통,23670.4,보통,44875.84,76.47,False,54048.49,20.58,False,31.67,False,True,True,True,True,0,0,0,0
1168051000,서울특별시,강남구,신사동,강남구 신사동,2025-12,2026-05,안심시설수 2023-04-21; 유흥시설수 2026-06-17,20254,32,보통,15,상대적으로높음,94,상대적으로높음,3996,상대적으로높음,32885.48,상대적으로높음,70282.95,176.38,False,98569.85,119.9,False,66.0,False,True,True,True,True,0,2,0,1
1168054500,서울특별시,강남구,압구정동,강남구 압구정동,2025-12,2026-05,안심시설수 2023-04-21; 유흥시설수 2026-06-17,20254,35,보통,13,상대적으로높음,93,상대적으로높음,4395,상대적으로높음,40402.79,상대적으로높음,70282.95,176.38,False,98569.85,119.9,False,66.0,False,True,True,True,True,0,2,0,1
1168064000,서울특별시,강남구,역삼1동,강남구 역삼1동,2025-12,2026-05,안심시설수 2023-04-21; 유흥시설수 2026-06-17,20254,104,상대적으로높음,121,상대적으로높음,99,상대적으로높음,11118,상대적으로높음,92818.26,상대적으로높음,33729.58,32.64,False,62685.94,39.85,False,226.0,False,True,True,True,True,1,2,0,1
1168065000,서울특별시,강남구,역삼2동,강남구 역삼2동,2025-12,2026-05,안심시설수 2023-04-21; 유흥시설수 2026-06-17,20254,32,보통,19,상대적으로높음,93,상대적으로높음,3041,상대적으로높음,51495.69,상대적으로높음,33729.58,32.64,False,62685.94,39.85,False,226.0,False,True,True,True,True,0,2,0,1
1168073000,서울특별시,강남구,일원1동,강남구 일원1동,2025-12,2026-05,안심시설수 2023-04-21; 유흥시설수 2026-06-17,20254,56,상대적으로높음,0,상대적으로낮음,80,보통,690,보통,13247.32,상대적으로낮음,49825.03,95.93,False,64085.76,42.97,False,71.27,False,True,True,True,True,1,0,0,0
1168074000,서울특별시,강남구,일원2동,강남구 일원2동,2026-01,2026-05,안심시설수 2023-04-21; 유흥시설수 2026-06-17,20254,0,상대적으로낮음,0,상대적으로낮음,70,상대적으로낮음,399,상대적으로낮음,17421.97,보통,10666.67,-68.58,True,,,,0.6,True,True,True,True,True,0,0,1,0
1168072000,서울특별시,강남구,일원본동,강남구 일원본동,2025-12,2026-05,안심시설수 2023-04-21; 유흥시설수 2026-06-17,20254,0,상대적으로낮음,0,상대적으로낮음,63,상대적으로낮음,415,상대적으로낮음,22447.93,보통,49825.03,95.93,False,64085.76,42.97,False,71.27,False,True,True,True,True,0,0,0,0
1168056500,서울특별시,강남구,청담동,강남구 청담동,2025-12,2026-05,안심시설수 2023-04-21; 유흥시설수 2026-06-17,20254,62,상대적으로높음,23,상대적으로높음,96,상대적으로높음,4440,상대적으로높음,40699.46,상대적으로높음,56157.5,120.83,False,98775.81,120.36,False,72.0,False,True,True,True,True,1,2,0,1
1174051500,서울특별시,강동구,강일동,강동구 강일동,2025-12,2026-05,안심시설수 2023-04-21; 유흥시설수 2026-06-17,20254,0,상대적으로낮음,0,상대적으로낮음,80,보통,850,보통,47902.69,상대적으로높음,28493.36,12.05,False,44618.44,-0.46,True,249.25,False,True,True,True,True,0,0,1,1
1174055000,서울특별시,강동구,고덕1동,강동구 고덕1동,2025-12,2026-05,안심시설수 2023-04-21; 유흥시설수 2026-06-17,20254,37,보통,0,상대적으로낮음,72,상대적으로낮음,541,상대적으로낮음,23499.11,보통,39774.87,56.41,False,65886.87,46.99,False,136.5,False,True,True,True,True,0,0,0,0
1174056000,서울특별시,강동구,고덕2동,강동구 고덕2동,2025-12,2026-05,안심시설수 2023-04-21; 유흥시설수 2026-06-17,20254,34,보통,0,상대적으로낮음,83,보통,893,보통,22268.15,보통,39774.87,56.41,False,65886.87,46.99,False,136.5,False,True,True,True,True,0,0,0,0
1174068500,서울특별시,강동구,길동,강동구 길동,2025-12,2026-05,안심시설수 2023-04-21; 유흥시설수 2026-06-17,20254,103,상대적으로높음,96,상대적으로높음,94,상대적으로높음,2729,상대적으로높음,58963.69,상대적으로높음,14248.92,-43.97,True,31490.72,-29.75,True,213.0,False,True,True,True,True,1,2,2,1
1174069000,서울특별시,강동구,둔촌1동,강동구 둔촌1동,2025-12,2026-05,안심시설수 2023-04-21; 유흥시설수 2026-06-17,20254,0,상대적으로낮음,0,상대적으로낮음,43,상대적으로낮음,176,상대적으로낮음,27772.32,보통,29421.04,15.69,False,42619.85,-4.92,True,36.0,False,True,True,True,True,0,0,1,0
1174070000,서울특별시,강동구,둔촌2동,강동구 둔촌2동,2025-12,2026-05,안심시설수 2023-04-21; 유흥시설수 2026-06-17,20254,46,보통,2,보통,89,보통,1058,보통,25369.77,보통,29421.04,15.69,False,42619.85,-4.92,True,36.0,False,True,True,True,True,0,0,1,0
1174053000,서울특별시,강동구,명일1동,강동구 명일1동,2025-12,2026-05,안심시설수 2023-04-21; 유흥시설수 2026-06-17,20254,53,상대적으로높음,13,상대적으로높음,91,상대적으로높음,1444,보통,23572.5,보통,34383.51,35.21,False,49640.62,10.75,False,75.5,False,True,True,True,True,1,1,0,0
1174054000,서울특별시,강동구,명일2동,강동구 명일2동,2025-12,2026-05,안심시설수 2023-04-21; 유흥시설수 2026-06-17,20254,0,상대적으로낮음,0,상대적으로낮음,80,보통,988,보통,15340.82,보통,34383.51,35.21,False,49640.62,10.75,False,75.5,False,True,True,True,True,0,0,0,0
1174052500,서울특별시,강동구,상일1동,강동구 상일1동,2025-12,,안심시설수 2023-04-21; 유흥시설수 2026-06-17,20254,0,상대적으로낮음,1,보통,0,상대적으로낮음,0,상대적으로낮음,,데이터없음,46602.21,83.26,False,67781.05,51.22,False,51.25,False,True,True,False,True,0,0,0,0
1174052600,서울특별시,강동구,상일2동,강동구 상일2동,2025-12,,안심시설수 2023-04-21; 유흥시설수 2026-06-17,20254,0,상대적으로낮음,0,상대적으로낮음,0,상대적으로낮음,0,상대적으로낮음,,데이터없음,46602.21,83.26,False,67781.05,51.22,False,51.25,False,True,True,False,True,0,0,0,0
1174052000,서울특별시,강동구,상일동,강동구 상일동,2025-12,2026-05,안심시설수 2023-04-21; 유흥시설수 2026-06-17,20254,0,상대적으로낮음,0,상대적으로낮음,77,보통,865,보통,40884.34,상대적으로높음,46602.21,83.26,False,67781.05,51.22,False,51.25,False,True,True,True,True,0,0,0,1
1174064000,서울특별시,강동구,성내1동,강동구 성내1동,2026-01,2026-05,안심시설수 2023-04-21; 유흥시설수 2026-06-17,20254,20,보통,4,보통,88,보통,1215,보통,21534.08,보통,65000.0,91.46,False,65000.0,22.53,False,0.33,True,True,True,True,True,0,0,0,0
1174065000,서울특별시,강동구,성내2동,강동구 성내2동,2026-01,2026-05,안심시설수 2023-04-21; 유흥시설수 2026-06-17,20254,59,상대적으로높음,1,보통,92,상대적으로높음,1416,보통,23984.11,보통,65000.0,91.46,False,65000.0,22.53,False,0.33,True,True,True,True,True,1,1,0,0
1174066000,서울특별시,강동구,성내3동,강동구 성내3동,2026-01,2026-05,안심시설수 2023-04-21; 유흥시설수 2026-06-17,20254,0,상대적으로낮음,10,상대적으로높음,89,보통,1885,상대적으로높음,27405.07,보통,65000.0,91.46,False,65000.0,22.53,False,0.33,True,True,True,True,True,0,1,0,0
1174057000,서울특별시,강동구,암사1동,강동구 암사1동,2025-12,2026-05,안심시설수 2023-04-21; 유흥시설수 2026-06-17,20254,56,상대적으로높음,7,보통,90,보통,1264,보통,28999.04,보통,27198.26,6.95,False,46085.0,2.81,False,76.33,False,True,True,True,True,1,0,0,0
1174058000,서울특별시,강동구,암사2동,강동구 암사2동,2025-12,2026-05,안심시설수 2023-04-21; 유흥시설수 2026-06-17,20254,0,상대적으로낮음,2,보통,75,상대적으로낮음,627,보통,13686.29,상대적으로낮음,27198.26,6.95,False,46085.0,2.81,False,76.33,False,True,True,True,True,0,0,0,0
1174059000,서울특별시,강동구,암사3동,강동구 암사3동,2025-12,2026-05,안심시설수 2023-04-21; 유흥시설수 2026-06-17,20254,0,상대적으로낮음,0,상대적으로낮음,75,상대적으로낮음,538,상대적으로낮음,16768.06,보통,27198.26,6.95,False,46085.0,2.81,False,76.33,False,True,True,True,True,0,0,0,0
1174060000,서울특별시,강동구,천호1동,강동구 천호1동,2026-01,2026-05,안심시설수 2023-04-21; 유흥시설수 2026-06-17,20254,14,보통,5,보통,88,보통,1032,보통,28607.78,보통,10950.0,-67.75,True,,,,0.67,True,True,True,True,True,0,0,1,0
1174061000,서울특별시,강동구,천호2동,강동구 천호2동,2026-01,2026-05,안심시설수 2023-04-21; 유흥시설수 2026-06-17,20254,35,보통,19,상대적으로높음,94,상대적으로높음,2891,상대적으로높음,44447.58,상대적으로높음,10950.0,-67.75,True,,,,0.67,True,True,True,True,True,0,2,1,1
1174062000,서울특별시,강동구,천호3동,강동구 천호3동,2026-01,2026-05,안심시설수 2023-04-21; 유흥시설수 2026-06-17,20254,36,보통,13,상대적으로높음,90,보통,1381,보통,27233.69,보통,10950.0,-67.75,True,,,,0.67,True,True,True,True,True,0,0,1,0
1130553500,서울특별시,강북구,미아동,강북구 미아동,2025-12,2026-05,안심시설수 2023-04-21; 유흥시설수 2026-06-17,20254,151,상대적으로높음,13,상대적으로높음,83,보통,1156,보통,21233.05,보통,17017.03,-33.08,True,34816.53,-22.33,True,62.6,False,True,True,True,True,1,0,2,0
1130559500,서울특별시,강북구,번1동,강북구 번1동,2025-12,,안심시설수 2023-04-21; 유흥시설수 2026-06-17,20254,0,상대적으로낮음,0,상대적으로낮음,87,보통,1220,보통,,데이터없음,9588.06,-62.3,True,18111.67,-59.59,True,27.67,False,True,True,False,True,0,0,2,0
1130560300,서울특별시,강북구,번2동,강북구 번2동,2025-12,,안심시설수 2023-04-21; 유흥시설수 2026-06-17,20254,0,상대적으로낮음,0,상대적으로낮음,66,상대적으로낮음,295,상대적으로낮음,,데이터없음,9588.06,-62.3,True,18111.67,-59.59,True,27.67,False,True,True,False,True,0,0,2,0
1130560800,서울특별시,강북구,번3동,강북구 번3동,2025-12,,안심시설수 2023-04-21; 유흥시설수 2026-06-17,20254,0,상대적으로낮음,0,상대적으로낮음,70,상대적으로낮음,354,상대적으로낮음,,데이터없음,9588.06,-62.3,True,18111.67,-59.59,True,27.67,False,True,True,False,True,0,0,2,0
1130557500,서울특별시,강북구,삼각산동,강북구 삼각산동,2025-12,2026-05,안심시설수 2023-04-21; 유흥시설수 2026-06-17,20254,0,상대적으로낮음,0,상대적으로낮음,76,보통,686,보통,19450.73,보통,17017.03,-33.08,True,34816.53,-22.33,True,62.6,False,True,True,True,True,0,0,2,0
1130553400,서울특별시,강북구,삼양동,강북구 삼양동,2025-12,2026-05,안심시설수 2023-04-21; 유흥시설수 2026-06-17,20254,15,보통,3,보통,78,보통,638,보통,19903.89,보통,17017.03,-33.08,True,34816.53,-22.33,True,62.6,False,True,True,True,True,0,0,2,0
1130554500,서울특별시,강북구,송중동,강북구 송중동,2025-12,2026-05,안심시설수 2023-04-21; 유흥시설수 2026-06-17,20254,123,상대적으로높음,11,상대적으로높음,93,상대적으로높음,1557,보통,30797.39,보통,17017.03,-33.08,True,34816.53,-22.33,True,62.6,False,True,True,True,True,1,1,2,0
1130555500,서울특별시,강북구,송천동,강북구 송천동,2025-12,2026-05,안심시설수 2023-04-21; 유흥시설수 2026-06-17,20254,17,보통,3,보통,85,보통,1186,보통,22884.46,보통,17017.03,-33.08,True,34816.53,-22.33,True,62.6,False,True,True,True,True,0,0,2,0
1130561500,서울특별시,강북구,수유1동,강북구 수유1동,2026-02,,안심시설수 2023-04-21; 유흥시설수 2026-06-17,20254,0,상대적으로낮음,0,상대적으로낮음,87,보통,989,보통,,데이터없음,41000.0,29.2,False,60000.0,35.14,False,0.4,True,True,True,False,True,0,0,0,0
1130562500,서울특별시,강북구,수유2동,강북구 수유2동,2026-02,,안심시설수 2023-04-21; 유흥시설수 2026-06-17,20254,0,상대적으로낮음,0,상대적으로낮음,84,보통,832,보통,,데이터없음,41000.0,29.2,False,60000.0,35.14,False,0.4,True,True,True,False,True,0,0,0,0
1130563500,서울특별시,강북구,수유3동,강북구 수유3동,2026-02,,안심시설수 2023-04-21; 유흥시설수 2026-06-17,20254,0,상대적으로낮음,0,상대적으로낮음,91,상대적으로높음,1956,상대적으로높음,,데이터없음,41000.0,29.2,False,60000.0,35.14,False,0.4,True,True,True,False,True,0,2,0,0
1130564500,서울특별시,강북구,우이동,강북구 우이동,2026-02,2026-05,안심시설수 2023-04-21; 유흥시설수 2026-06-17,20254,64,상대적으로높음,4,보통,78,보통,749,보통,17565.11,보통,41000.0,29.2,False,60000.0,35.14,False,0.4,True,True,True,True,True,1,0,0,0
1130566000,서울특별시,강북구,인수동,강북구 인수동,2026-02,2026-05,안심시설수 2023-04-21; 유흥시설수 2026-06-17,20254,127,상대적으로높음,8,보통,84,보통,924,보통,25046.06,보통,41000.0,29.2,False,60000.0,35.14,False,0.4,True,True,True,True,True,1,0,0,0
1150060300,서울특별시,강서구,가양1동,강서구 가양1동,2025-12,2026-05,안심시설수 2023-04-21; 유흥시설수 2026-06-17,20254,0,상대적으로낮음,35,상대적으로높음,98,상대적으로높음,4729,상대적으로높음,38579.74,상대적으로높음,21390.72,-15.88,True,39822.33,-11.16,True,209.75,False,True,True,True,True,0,2,2,1
1150060400,서울특별시,강서구,가양2동,강서구 가양2동,2025-12,2026-05,안심시설수 2023-04-21; 유흥시설수 2026-06-17,20254,0,상대적으로낮음,2,보통,76,보통,389,상대적으로낮음,13737.83,상대적으로낮음,28743.81,13.03,False,41773.54,-6.81,True,37.25,False,True,True,True,True,0,0,1,0
1150060500,서울특별시,강서구,가양3동,강서구 가양3동,2025-12,2026-05,안심시설수 2023-04-21; 유흥시설수 2026-06-17,20254,0,상대적으로낮음,0,상대적으로낮음,73,상대적으로낮음,333,상대적으로낮음,11154.56,상대적으로낮음,27006.5,6.2,False,43158.07,-3.72,True,112.25,False,True,True,True,True,0,0,1,0
1150062000,서울특별시,강서구,공항동,강서구 공항동,2025-12,2026-05,안심시설수 2023-04-21; 유흥시설수 2026-06-17,20254,55,상대적으로높음,7,보통,88,보통,1277,보통,34510.22,상대적으로높음,14812.05,-41.75,True,32801.06,-26.82,True,174.0,False,True,True,True,True,1,0,2,1
1150052000,서울특별시,강서구,등촌1동,강서구 등촌1동,2025-12,2026-05,안심시설수 2023-04-21; 유흥시설수 2026-06-17,20254,24,보통,6,보통,91,상대적으로높음,1368,보통,19988.69,보통,22267.8,-12.43,True,35209.89,-21.45,True,81.5,False,True,True,True,True,0,1,2,0
1150053000,서울특별시,강서구,등촌2동,강서구 등촌2동,2025-12,2026-05,안심시설수 2023-04-21; 유흥시설수 2026-06-17,20254,47,보통,0,상대적으로낮음,75,상대적으로낮음,508,상대적으로낮음,15261.32,보통,22267.8,-12.43,True,35209.89,-21.45,True,81.5,False,True,True,True,True,0,0,2,0
1150053500,서울특별시,강서구,등촌3동,강서구 등촌3동,2025-12,2026-05,안심시설수 2023-04-21; 유흥시설수 2026-06-17,20254,0,상대적으로낮음,0,상대적으로낮음,91,상대적으로높음,1750,상대적으로높음,31691.63,보통,22267.8,-12.43,True,35209.89,-21.45,True,81.5,False,True,True,True,True,0,2,2,0
1150061100,서울특별시,강서구,발산1동,강서구 발산1동,2025-12,2026-05,안심시설수 2023-04-21; 유흥시설수 2026-06-17,20254,0,상대적으로낮음,0,상대적으로낮음,94,상대적으로높음,3740,상대적으로높음,30875.04,보통,19020.83,-25.2,True,42683.3,-4.78,True,201.0,False,True,True,True,True,0,2,2,0
1150063000,서울특별시,강서구,방화1동,강서구 방화1동,2025-12,2026-05,안심시설수 2023-04-21; 유흥시설수 2026-06-17,20254,19,보통,0,상대적으로낮음,93,상대적으로높음,1877,상대적으로높음,32153.39,보통,14812.05,-41.75,True,32801.06,-26.82,True,174.0,False,True,True,True,True,0,2,2,0
1150064000,서울특별시,강서구,방화2동,강서구 방화2동,2025-12,2026-05,안심시설수 2023-04-21; 유흥시설수 2026-06-17,20254,0,상대적으로낮음,4,보통,87,보통,1432,보통,24249.76,보통,14269.94,-43.89,True,26179.03,-41.6,True,50.0,False,True,True,True,True,0,0,2,0
1150064100,서울특별시,강서구,방화3동,강서구 방화3동,2025-12,2026-05,안심시설수 2023-04-21; 유흥시설수 2026-06-17,20254,22,보통,0,상대적으로낮음,80,보통,506,상대적으로낮음,15049.2,보통,16454.77,-35.29,True,36889.14,-17.7,True,140.0,False,True,True,True,True,0,0,2,0
1150051000,서울특별시,강서구,염창동,강서구 염창동,2025-12,2026-05,안심시설수 2023-04-21; 유흥시설수 2026-06-17,20254,30,보통,3,보통,93,상대적으로높음,1331,보통,29884.95,보통,27006.5,6.2,False,43158.07,-3.72,True,112.25,False,True,True,True,True,0,1,1,0
1150061500,서울특별시,강서구,우장산동,강서구 우장산동,2026-01,2026-05,안심시설수 2023-04-21; 유흥시설수 2026-06-17,20254,0,상대적으로낮음,3,보통,88,보통,1266,보통,33994.55,상대적으로높음,26000.0,-23.42,True,26000.0,-50.99,True,0.12,True,True,True,True,True,0,0,2,1
1150054000,서울특별시,강서구,화곡1동,강서구 화곡1동,2026-01,2026-05,안심시설수 2023-04-21; 유흥시설수 2026-06-17,20254,35,보통,115,상대적으로높음,95,상대적으로높음,2142,상대적으로높음,47613.72,상대적으로높음,26000.0,-23.42,True,26000.0,-50.99,True,0.12,True,True,True,True,True,0,2,2,1
1150055000,서울특별시,강서구,화곡2동,강서구 화곡2동,2026-01,2026-05,안심시설수 2023-04-21; 유흥시설수 2026-06-17,20254,1,보통,1,보통,77,보통,573,보통,12401.61,상대적으로낮음,26000.0,-23.42,True,26000.0,-50.99,True,0.12,True,True,True,True,True,0,0,2,0
1150056000,서울특별시,강서구,화곡3동,강서구 화곡3동,2026-01,2026-05,안심시설수 2023-04-21; 유흥시설수 2026-06-17,20254,31,보통,10,상대적으로높음,78,보통,948,보통,16240.45,보통,26000.0,-23.42,True,26000.0,-50.99,True,0.12,True,True,True,True,True,0,0,2,0
1150057000,서울특별시,강서구,화곡4동,강서구 화곡4동,2026-01,2026-05,안심시설수 2023-04-21; 유흥시설수 2026-06-17,20254,44,보통,5,보통,83,보통,1062,보통,13925.78,상대적으로낮음,26000.0,-23.42,True,26000.0,-50.99,True,0.12,True,True,True,True,True,0,0,2,0
1150059100,서울특별시,강서구,화곡6동,강서구 화곡6동,2026-01,2026-05,안심시설수 2023-04-21; 유흥시설수 2026-06-17,20254,20,보통,56,상대적으로높음,85,보통,1209,보통,20046.43,보통,26000.0,-23.42,True,26000.0,-50.99,True,0.12,True,True,True,True,True,0,0,2,0
1150059300,서울특별시,강서구,화곡8동,강서구 화곡8동,2026-01,2026-05,안심시설수 2023-04-21; 유흥시설수 2026-06-17,20254,24,보통,10,상대적으로높음,84,보통,958,보통,57193.14,상대적으로높음,26000.0,-23.42,True,26000.0,-50.99,True,0.12,True,True,True,True,True,0,0,2,1
1150059000,서울특별시,강서구,화곡본동,강서구 화곡본동,2026-01,2026-05,안심시설수 2023-04-21; 유흥시설수 2026-06-17,20254,22,보통,3,보통,83,보통,1065,보통,25918.8,보통,26000.0,-23.42,True,26000.0,-50.99,True,0.12,True,True,True,True,True,0,0,2,0
1162058500,서울특별시,관악구,낙성대동,관악구 낙성대동,2026-01,2026-05,안심시설수 2023-04-21; 유흥시설수 2026-06-17,20254,0,상대적으로낮음,8,보통,90,보통,1199,보통,25830.64,보통,5000.0,-85.27,True,,,,0.11,True,True,True,True,True,0,0,1,0
1162077500,서울특별시,관악구,난곡동,관악구 난곡동,2026-01,2026-05,안심시설수 2023-04-21; 유흥시설수 2026-06-17,20254,73,상대적으로높음,0,상대적으로낮음,76,보통,569,보통,16093.45,보통,22500.0,-33.73,True,35000.0,-34.02,True,0.18,True,True,True,True,True,1,0,2,0
1162071500,서울특별시,관악구,난향동,관악구 난향동,2026-01,2026-05,안심시설수 2023-04-21; 유흥시설수 2026-06-17,20254,31,보통,1,보통,67,상대적으로낮음,292,상대적으로낮음,7826.16,상대적으로낮음,22500.0,-33.73,True,35000.0,-34.02,True,0.18,True,True,True,True,True,0,0,2,0
1162063000,서울특별시,관악구,남현동,관악구 남현동,2025-12,2026-05,안심시설수 2023-04-21; 유흥시설수 2026-06-17,20254,41,보통,19,상대적으로높음,86,보통,754,보통,21521.63,보통,11995.05,-52.83,True,28480.0,-36.46,True,65.0,False,True,True,True,True,0,0,2,0
1162073500,서울특별시,관악구,대학동,관악구 대학동,2026-01,2026-05,안심시설수 2023-04-21; 유흥시설수 2026-06-17,20254,38,보통,0,상대적으로낮음,76,보통,1074,보통,36744.11,상대적으로높음,22500.0,-33.73,True,35000.0,-34.02,True,0.18,True,True,True,True,True,0,0,2,1
1162076500,서울특별시,관악구,미성동,관악구 미성동,2026-01,2026-05,안심시설수 2023-04-21; 유흥시설수 2026-06-17,20254,42,보통,8,보통,89,보통,993,보통,19794.69,보통,22500.0,-33.73,True,35000.0,-34.02,True,0.18,True,True,True,True,True,0,0,2,0
1162052500,서울특별시,관악구,보라매동,관악구 보라매동,2026-01,2026-05,안심시설수 2023-04-21; 유흥시설수 2026-06-17,20254,29,보통,1,보통,81,보통,1175,보통,17674.89,보통,5000.0,-85.27,True,,,,0.11,True,True,True,True,True,0,0,1,0
1162074500,서울특별시,관악구,삼성동,관악구 삼성동,2026-01,2026-05,안심시설수 2023-04-21; 유흥시설수 2026-06-17,20254,0,상대적으로낮음,1,보통,77,보통,560,상대적으로낮음,18267.57,보통,22500.0,-33.73,True,35000.0,-34.02,True,0.18,True,True,True,True,True,0,0,2,0
1162066500,서울특별시,관악구,서림동,관악구 서림동,2026-01,2026-05,안심시설수 2023-04-21; 유흥시설수 2026-06-17,20254,30,보통,1,보통,79,보통,637,보통,17190.9,보통,22500.0,-33.73,True,35000.0,-34.02,True,0.18,True,True,True,True,True,0,0,2,0
1162064500,서울특별시,관악구,서원동,관악구 서원동,2026-01,2026-05,안심시설수 2023-04-21; 유흥시설수 2026-06-17,20254,53,상대적으로높음,38,상대적으로높음,88,보통,1095,보통,19184.38,보통,22500.0,-33.73,True,35000.0,-34.02,True,0.18,True,True,True,True,True,1,0,2,0
1162056500,서울특별시,관악구,성현동,관악구 성현동,2026-01,2026-05,안심시설수 2023-04-21; 유흥시설수 2026-06-17,20254,49,상대적으로높음,1,보통,80,보통,570,보통,20146.05,보통,5000.0,-85.27,True,,,,0.11,True,True,True,True,True,1,0,1,0
1162069500,서울특별시,관악구,신림동,관악구 신림동,2026-01,2026-05,안심시설수 2023-04-21; 유흥시설수 2026-06-17,20254,63,상대적으로높음,103,상대적으로높음,94,상대적으로높음,1527,보통,28756.64,보통,22500.0,-33.73,True,35000.0,-34.02,True,0.18,True,True,True,True,True,1,1,2,0
1162068500,서울특별시,관악구,신사동,관악구 신사동,2026-01,2026-05,안심시설수 2023-04-21; 유흥시설수 2026-06-17,20254,71,상대적으로높음,12,상대적으로높음,84,보통,1053,보통,18844.75,보통,22500.0,-33.73,True,35000.0,-34.02,True,0.18,True,True,True,True,True,1,0,2,0
1162065500,서울특별시,관악구,신원동,관악구 신원동,2026-01,2026-05,안심시설수 2023-04-21; 유흥시설수 2026-06-17,20254,0,상대적으로낮음,1,보통,81,보통,671,보통,14847.09,보통,22500.0,-33.73,True,35000.0,-34.02,True,0.18,True,True,True,True,True,0,0,2,0
1162060500,서울특별시,관악구,은천동,관악구 은천동,2026-01,2026-05,안심시설수 2023-04-21; 유흥시설수 2026-06-17,20254,41,보통,4,보통,90,보통,1180,보통,26524.3,보통,5000.0,-85.27,True,,,,0.11,True,True,True,True,True,0,0,1,0
1162062500,서울특별시,관악구,인헌동,관악구 인헌동,2026-01,2026-05,안심시설수 2023-04-21; 유흥시설수 2026-06-17,20254,0,상대적으로낮음,2,보통,82,보통,856,보통,21434.41,보통,5000.0,-85.27,True,,,,0.11,True,True,True,True,True,0,0,1,0
1162072500,서울특별시,관악구,조원동,관악구 조원동,2026-01,2026-05,안심시설수 2023-04-21; 유흥시설수 2026-06-17,20254,29,보통,38,상대적으로높음,90,보통,1200,보통,38841.73,상대적으로높음,22500.0,-33.73,True,35000.0,-34.02,True,0.18,True,True,True,True,True,0,0,2,1
1162061500,서울특별시,관악구,중앙동,관악구 중앙동,2026-01,2026-05,안심시설수 2023-04-21; 유흥시설수 2026-06-17,20254,37,보통,5,보통,86,보통,806,보통,12698.49,상대적으로낮음,5000.0,-85.27,True,,,,0.11,True,True,True,True,True,0,0,1,0
1162059500,서울특별시,관악구,청룡동,관악구 청룡동,2026-01,2026-05,안심시설수 2023-04-21; 유흥시설수 2026-06-17,20254,29,보통,8,보통,93,상대적으로높음,1649,보통,39172.89,상대적으로높음,5000.0,-85.27,True,,,,0.11,True,True,True,True,True,0,1,1,1
1162054500,서울특별시,관악구,청림동,관악구 청림동,2026-01,2026-05,안심시설수 2023-04-21; 유흥시설수 2026-06-17,20254,0,상대적으로낮음,0,상대적으로낮음,70,상대적으로낮음,365,상대적으로낮음,11411.81,상대적으로낮음,5000.0,-85.27,True,,,,0.11,True,True,True,True,True,0,0,1,0
1162057500,서울특별시,관악구,행운동,관악구 행운동,2026-01,2026-05,안심시설수 2023-04-21; 유흥시설수 2026-06-17,20254,30,보통,16,상대적으로높음,91,상대적으로높음,1229,보통,23639.82,보통,5000.0,-85.27,True,,,,0.11,True,True,True,True,True,0,1,1,0
1121581000,서울특별시,광진구,광장동,광진구 광장동,2025-12,2026-05,안심시설수 2023-04-21; 유흥시설수 2026-06-17,20254,0,상대적으로낮음,6,보통,90,보통,1040,보통,35409.65,상대적으로높음,60452.84,137.72,False,74931.4,67.17,False,98.0,False,True,True,True,True,0,0,0,1
1121585000,서울특별시,광진구,구의1동,광진구 구의1동,2026-01,2026-05,안심시설수 2023-04-21; 유흥시설수 2026-06-17,20254,0,상대적으로낮음,15,상대적으로높음,88,보통,1385,보통,20596.55,보통,17825.0,-47.5,True,37000.0,-30.25,True,1.33,True,True,True,True,True,0,0,2,0
1121586000,서울특별시,광진구,구의2동,광진구 구의2동,2026-01,2026-05,안심시설수 2023-04-21; 유흥시설수 2026-06-17,20254,19,보통,3,보통,88,보통,939,보통,18788.27,보통,17825.0,-47.5,True,37000.0,-30.25,True,1.33,True,True,True,True,True,0,0,2,0
1121587000,서울특별시,광진구,구의3동,광진구 구의3동,2026-01,2026-05,안심시설수 2023-04-21; 유흥시설수 2026-06-17,20254,33,보통,5,보통,96,상대적으로높음,2233,상대적으로높음,27798.9,보통,17825.0,-47.5,True,37000.0,-30.25,True,1.33,True,True,True,True,True,0,2,2,0
1121573000,서울특별시,광진구,군자동,광진구 군자동,2026-01,2026-05,안심시설수 2023-04-21; 유흥시설수 2026-06-17,20254,0,상대적으로낮음,7,보통,87,보통,1278,보통,25115.62,보통,19000.0,-44.04,True,,,,1.0,True,True,True,True,True,0,0,1,0
1121578000,서울특별시,광진구,능동,광진구 능동,2025-12,2026-05,안심시설수 2023-04-21; 유흥시설수 2026-06-17,20254,0,상대적으로낮음,0,상대적으로낮음,84,보통,613,보통,15520.24,보통,9683.52,-61.92,True,20485.71,-54.3,True,88.0,False,True,True,True,True,0,0,2,0
1121582000,서울특별시,광진구,자양1동,광진구 자양1동,2025-12,2026-05,안심시설수 2023-04-21; 유흥시설수 2026-06-17,20254,49,상대적으로높음,6,보통,91,상대적으로높음,1230,보통,23223.25,보통,25236.34,-0.76,True,40525.59,-9.59,True,109.5,False,True,True,True,True,1,1,2,0
1121583000,서울특별시,광진구,자양2동,광진구 자양2동,2025-12,2026-05,안심시설수 2023-04-21; 유흥시설수 2026-06-17,20254,28,보통,2,보통,91,상대적으로높음,1056,보통,24016.79,보통,25236.34,-0.76,True,40525.59,-9.59,True,109.5,False,True,True,True,True,0,1,2,0
1121584000,서울특별시,광진구,자양3동,광진구 자양3동,2025-12,2026-05,안심시설수 2023-04-21; 유흥시설수 2026-06-17,20254,0,상대적으로낮음,1,보통,89,보통,1187,보통,26492.06,보통,25236.34,-0.76,True,40525.59,-9.59,True,109.5,False,True,True,True,True,0,0,2,0
1121584700,서울특별시,광진구,자양4동,광진구 자양4동,2025-12,2026-05,안심시설수 2023-04-21; 유흥시설수 2026-06-17,20254,19,보통,6,보통,92,상대적으로높음,1486,보통,28303.42,보통,25236.34,-0.76,True,40525.59,-9.59,True,109.5,False,True,True,True,True,0,1,2,0
1121574000,서울특별시,광진구,중곡1동,광진구 중곡1동,2025-12,2026-05,안심시설수 2023-04-21; 유흥시설수 2026-06-17,20254,33,보통,4,보통,87,보통,1177,보통,14302.33,보통,10884.36,-57.2,True,20934.68,-53.3,True,75.25,False,True,True,True,True,0,0,2,0
1121575000,서울특별시,광진구,중곡2동,광진구 중곡2동,2025-12,2026-05,안심시설수 2023-04-21; 유흥시설수 2026-06-17,20254,33,보통,2,보통,87,보통,1159,보통,17562.26,보통,10884.36,-57.2,True,20934.68,-53.3,True,75.25,False,True,True,True,True,0,0,2,0
1121576000,서울특별시,광진구,중곡3동,광진구 중곡3동,2025-12,2026-05,안심시설수 2023-04-21; 유흥시설수 2026-06-17,20254,14,보통,3,보통,81,보통,783,보통,12996.25,상대적으로낮음,10884.36,-57.2,True,20934.68,-53.3,True,75.25,False,True,True,True,True,0,0,2,0
1121577000,서울특별시,광진구,중곡4동,광진구 중곡4동,2025-12,2026-05,안심시설수 2023-04-21; 유흥시설수 2026-06-17,20254,21,보통,2,보통,83,보통,982,보통,23697.22,보통,10884.36,-57.2,True,20934.68,-53.3,True,75.25,False,True,True,True,True,0,0,2,0
1121571000,서울특별시,광진구,화양동,광진구 화양동,2025-12,2026-05,안심시설수 2023-04-21; 유흥시설수 2026-06-17,20254,21,보통,14,상대적으로높음,97,상대적으로높음,2151,상대적으로높음,41858.7,상대적으로높음,6085.0,-76.07,True,18580.49,-58.55,True,250.0,False,True,True,True,True,0,2,2,1
1153059500,서울특별시,구로구,가리봉동,구로구 가리봉동,2025-12,2026-05,안심시설수 2023-04-21; 유흥시설수 2026-06-17,20254,31,보통,7,보통,76,보통,712,보통,11347.49,상대적으로낮음,7195.58,-71.7,True,17068.75,-61.92,True,59.0,False,True,True,True,True,0,0,2,0
1153074000,서울특별시,구로구,개봉1동,구로구 개봉1동,2025-12,2026-05,안심시설수 2023-04-21; 유흥시설수 2026-06-17,20254,34,보통,2,보통,89,보통,1171,보통,26209.64,보통,16823.29,-33.84,True,28278.69,-36.91,True,51.0,False,True,True,True,True,0,0,2,0
1153075000,서울특별시,구로구,개봉2동,구로구 개봉2동,2025-12,2026-05,안심시설수 2023-04-21; 유흥시설수 2026-06-17,20254,0,상대적으로낮음,5,보통,78,보통,713,보통,21393.34,보통,16823.29,-33.84,True,28278.69,-36.91,True,51.0,False,True,True,True,True,0,0,2,0
1153076000,서울특별시,구로구,개봉3동,구로구 개봉3동,2025-12,2026-05,안심시설수 2023-04-21; 유흥시설수 2026-06-17,20254,0,상대적으로낮음,4,보통,80,보통,653,보통,17532.86,보통,16823.29,-33.84,True,28278.69,-36.91,True,51.0,False,True,True,True,True,0,0,2,0
1153072000,서울특별시,구로구,고척1동,구로구 고척1동,2025-12,2026-05,안심시설수 2023-04-21; 유흥시설수 2026-06-17,20254,44,보통,2,보통,89,보통,1218,보통,25219.38,보통,17961.22,-29.37,True,29928.72,-33.23,True,53.0,False,True,True,True,True,0,0,2,0
1153073000,서울특별시,구로구,고척2동,구로구 고척2동,2025-12,2026-05,안심시설수 2023-04-21; 유흥시설수 2026-06-17,20254,0,상대적으로낮음,5,보통,87,보통,1005,보통,14412.1,보통,17961.22,-29.37,True,29928.72,-33.23,True,53.0,False,True,True,True,True,0,0,2,0
1153052000,서울특별시,구로구,구로1동,구로구 구로1동,2025-12,2026-05,안심시설수 2023-04-21; 유흥시설수 2026-06-17,20254,0,상대적으로낮음,0,상대적으로낮음,81,보통,507,상대적으로낮음,15328.71,보통,14094.2,-44.58,True,30025.91,-33.01,True,90.0,False,True,True,True,True,0,0,2,0
1153053000,서울특별시,구로구,구로2동,구로구 구로2동,2025-12,2026-05,안심시설수 2023-04-21; 유흥시설수 2026-06-17,20254,31,보통,17,상대적으로높음,94,상대적으로높음,4741,상대적으로높음,31770.85,보통,14094.2,-44.58,True,30025.91,-33.01,True,90.0,False,True,True,True,True,0,2,2,0
1153054000,서울특별시,구로구,구로3동,구로구 구로3동,2025-12,2026-05,안심시설수 2023-04-21; 유흥시설수 2026-06-17,20254,53,상대적으로높음,20,상대적으로높음,93,상대적으로높음,3426,상대적으로높음,40370.63,상대적으로높음,14094.2,-44.58,True,30025.91,-33.01,True,90.0,False,True,True,True,True,1,2,2,1
1153055000,서울특별시,구로구,구로4동,구로구 구로4동,2025-12,2026-05,안심시설수 2023-04-21; 유흥시설수 2026-06-17,20254,27,보통,2,보통,87,보통,1560,보통,15991.73,보통,14094.2,-44.58,True,30025.91,-33.01,True,90.0,False,True,True,True,True,0,0,2,0
1153056000,서울특별시,구로구,구로5동,구로구 구로5동,2025-12,2026-05,안심시설수 2023-04-21; 유흥시설수 2026-06-17,20254,21,보통,3,보통,98,상대적으로높음,2547,상대적으로높음,31928.16,보통,14094.2,-44.58,True,30025.91,-33.01,True,90.0,False,True,True,True,True,0,2,2,0
1153079000,서울특별시,구로구,수궁동,구로구 수궁동,2025-12,2026-05,안심시설수 2023-04-21; 유흥시설수 2026-06-17,20254,0,상대적으로낮음,0,상대적으로낮음,82,보통,616,보통,18664.61,보통,16565.23,-34.86,True,18034.29,-59.77,True,35.0,False,True,True,True,True,0,0,2,0
1153051000,서울특별시,구로구,신도림동,구로구 신도림동,2025-12,2026-05,안심시설수 2023-04-21; 유흥시설수 2026-06-17,20254,0,상대적으로낮음,3,보통,91,상대적으로높음,1642,보통,30322.42,보통,33726.22,32.62,False,51974.65,15.95,False,121.0,False,True,True,True,True,0,1,0,0
1153077000,서울특별시,구로구,오류1동,구로구 오류1동,2025-12,2026-05,안심시설수 2023-04-21; 유흥시설수 2026-06-17,20254,35,보통,32,상대적으로높음,87,보통,860,보통,19204.62,보통,10974.35,-56.84,True,24033.46,-46.38,True,84.0,False,True,True,True,True,0,0,2,0
1153078000,서울특별시,구로구,오류2동,구로구 오류2동,2025-12,2026-05,안심시설수 2023-04-21; 유흥시설수 2026-06-17,20254,33,보통,0,상대적으로낮음,83,보통,959,보통,49971.35,상대적으로높음,13450.51,-47.11,True,22819.93,-49.09,True,400.0,False,True,True,True,True,0,0,2,1
1153080000,서울특별시,구로구,항동,구로구 항동,2025-12,,안심시설수 2023-04-21; 유흥시설수 2026-06-17,20254,0,상대적으로낮음,0,상대적으로낮음,67,상대적으로낮음,367,상대적으로낮음,,데이터없음,36689.71,44.28,False,49036.76,9.4,False,12.0,False,True,True,False,True,0,0,0,0
1154551000,서울특별시,금천구,가산동,금천구 가산동,2026-01,2026-05,안심시설수 2023-04-21; 유흥시설수 2026-06-17,20254,36,보통,15,상대적으로높음,96,상대적으로높음,7954,상대적으로높음,56773.02,상대적으로높음,10000.0,-70.54,True,10000.0,-81.15,True,1.0,True,True,True,True,True,0,2,2,1
1154561000,서울특별시,금천구,독산1동,금천구 독산1동,2026-01,2026-05,안심시설수 2023-04-21; 유흥시설수 2026-06-17,20254,27,보통,10,상대적으로높음,95,상대적으로높음,2248,상대적으로높음,38813.99,상대적으로높음,50.0,-99.85,True,,,,0.25,True,True,True,True,True,0,2,1,1
1154562000,서울특별시,금천구,독산2동,금천구 독산2동,2026-01,2026-05,안심시설수 2023-04-21; 유흥시설수 2026-06-17,20254,21,보통,7,보통,83,보통,678,보통,11119.91,상대적으로낮음,50.0,-99.85,True,,,,0.25,True,True,True,True,True,0,0,1,0
1154563000,서울특별시,금천구,독산3동,금천구 독산3동,2026-01,2026-05,안심시설수 2023-04-21; 유흥시설수 2026-06-17,20254,16,보통,20,상대적으로높음,89,보통,1243,보통,14733.14,보통,50.0,-99.85,True,,,,0.25,True,True,True,True,True,0,0,1,0
1154564000,서울특별시,금천구,독산4동,금천구 독산4동,2026-01,2026-05,안심시설수 2023-04-21; 유흥시설수 2026-06-17,20254,39,보통,5,보통,83,보통,616,보통,11513.49,상대적으로낮음,50.0,-99.85,True,,,,0.25,True,True,True,True,True,0,0,1,0
1154567000,서울특별시,금천구,시흥1동,금천구 시흥1동,2025-12,2026-05,안심시설수 2023-04-21; 유흥시설수 2026-06-17,20254,32,보통,46,상대적으로높음,91,상대적으로높음,2063,상대적으로높음,24738.25,보통,12891.36,-49.31,True,23220.51,-48.2,True,35.4,False,True,True,True,True,0,2,2,0
1154568000,서울특별시,금천구,시흥2동,금천구 시흥2동,2025-12,2026-05,안심시설수 2023-04-21; 유흥시설수 2026-06-17,20254,0,상대적으로낮음,0,상대적으로낮음,71,상대적으로낮음,351,상대적으로낮음,12608.44,상대적으로낮음,12891.36,-49.31,True,23220.51,-48.2,True,35.4,False,True,True,True,True,0,0,2,0
1154569000,서울특별시,금천구,시흥3동,금천구 시흥3동,2025-12,2026-05,안심시설수 2023-04-21; 유흥시설수 2026-06-17,20254,0,상대적으로낮음,2,보통,80,보통,939,보통,9837.73,상대적으로낮음,12891.36,-49.31,True,23220.51,-48.2,True,35.4,False,True,True,True,True,0,0,2,0
1154570000,서울특별시,금천구,시흥4동,금천구 시흥4동,2025-12,2026-05,안심시설수 2023-04-21; 유흥시설수 2026-06-17,20254,0,상대적으로낮음,0,상대적으로낮음,67,상대적으로낮음,430,상대적으로낮음,9749.23,상대적으로낮음,12891.36,-49.31,True,23220.51,-48.2,True,35.4,False,True,True,True,True,0,0,2,0
1154571000,서울특별시,금천구,시흥5동,금천구 시흥5동,2025-12,2026-05,안심시설수 2023-04-21; 유흥시설수 2026-06-17,20254,39,보통,1,보통,76,보통,715,보통,10745.75,상대적으로낮음,12891.36,-49.31,True,23220.51,-48.2,True,35.4,False,True,True,True,True,0,0,2,0
1135059500,서울특별시,노원구,공릉1동,노원구 공릉1동,2025-12,2026-05,안심시설수 2023-04-21; 유흥시설수 2026-06-17,20254,58,상대적으로높음,4,보통,95,상대적으로높음,2049,상대적으로높음,36902.78,상대적으로높음,12471.4,-50.96,True,32568.52,-27.34,True,173.5,False,True,True,True,True,1,2,2,1
1135060000,서울특별시,노원구,공릉2동,노원구 공릉2동,2025-12,2026-05,안심시설수 2023-04-21; 유흥시설수 2026-06-17,20254,32,보통,3,보통,92,상대적으로높음,1287,보통,47682.9,상대적으로높음,12471.4,-50.96,True,32568.52,-27.34,True,173.5,False,True,True,True,True,0,1,2,1
1135072000,서울특별시,노원구,상계10동,노원구 상계10동,2025-12,2026-05,안심시설수 2023-04-21; 유흥시설수 2026-06-17,20254,0,상대적으로낮음,1,보통,73,상대적으로낮음,349,상대적으로낮음,12388.98,상대적으로낮음,18187.11,-28.48,True,26914.49,-39.96,True,62.33,False,True,True,True,True,0,0,2,0
1135063000,서울특별시,노원구,상계1동,노원구 상계1동,2025-12,2026-05,안심시설수 2023-04-21; 유흥시설수 2026-06-17,20254,66,상대적으로높음,0,상대적으로낮음,86,보통,1312,보통,30841.15,보통,18187.11,-28.48,True,26914.49,-39.96,True,62.33,False,True,True,True,True,1,0,2,0
1135064000,서울특별시,노원구,상계2동,노원구 상계2동,2025-12,2026-05,안심시설수 2023-04-21; 유흥시설수 2026-06-17,20254,58,상대적으로높음,15,상대적으로높음,93,상대적으로높음,2383,상대적으로높음,26341.4,보통,18187.11,-28.48,True,26914.49,-39.96,True,62.33,False,True,True,True,True,1,2,2,0
1135066500,서울특별시,노원구,상계3·4동,노원구 상계3·4동,2025-12,2026-05,안심시설수 2023-04-21; 유흥시설수 2026-06-17,20254,62,상대적으로높음,1,보통,80,보통,840,보통,18816.89,보통,18187.11,-28.48,True,26914.49,-39.96,True,62.33,False,True,True,True,True,1,0,2,0
1135067000,서울특별시,노원구,상계5동,노원구 상계5동,2025-12,2026-05,안심시설수 2023-04-21; 유흥시설수 2026-06-17,20254,80,상대적으로높음,6,보통,87,보통,1167,보통,16805.08,보통,18187.11,-28.48,True,26914.49,-39.96,True,62.33,False,True,True,True,True,1,0,2,0
1135069500,서울특별시,노원구,상계6·7동,노원구 상계6·7동,2025-12,2026-05,안심시설수 2023-04-21; 유흥시설수 2026-06-17,20254,0,상대적으로낮음,27,상대적으로높음,82,보통,1432,보통,43079.0,상대적으로높음,18187.11,-28.48,True,26914.49,-39.96,True,62.33,False,True,True,True,True,0,0,2,1
1135070000,서울특별시,노원구,상계8동,노원구 상계8동,2025-12,2026-05,안심시설수 2023-04-21; 유흥시설수 2026-06-17,20254,0,상대적으로낮음,0,상대적으로낮음,67,상대적으로낮음,373,상대적으로낮음,18025.57,보통,18187.11,-28.48,True,26914.49,-39.96,True,62.33,False,True,True,True,True,0,0,2,0
1135071000,서울특별시,노원구,상계9동,노원구 상계9동,2025-12,2026-05,안심시설수 2023-04-21; 유흥시설수 2026-06-17,20254,0,상대적으로낮음,0,상대적으로낮음,70,상대적으로낮음,428,상대적으로낮음,13537.71,상대적으로낮음,18187.11,-28.48,True,26914.49,-39.96,True,62.33,False,True,True,True,True,0,0,2,0
1135056000,서울특별시,노원구,월계1동,노원구 월계1동,2025-12,2026-05,안심시설수 2023-04-21; 유흥시설수 2026-06-17,20254,55,상대적으로높음,0,상대적으로낮음,83,보통,905,보통,20249.2,보통,18752.13,-26.26,True,30956.91,-30.94,True,68.67,False,True,True,True,True,1,0,2,0
1135057000,서울특별시,노원구,월계2동,노원구 월계2동,2025-12,2026-05,안심시설수 2023-04-21; 유흥시설수 2026-06-17,20254,24,보통,0,상대적으로낮음,74,상대적으로낮음,459,상대적으로낮음,18472.31,보통,18752.13,-26.26,True,30956.91,-30.94,True,68.67,False,True,True,True,True,0,0,2,0
1135058000,서울특별시,노원구,월계3동,노원구 월계3동,2025-12,2026-05,안심시설수 2023-04-21; 유흥시설수 2026-06-17,20254,0,상대적으로낮음,0,상대적으로낮음,76,보통,580,보통,21538.23,보통,18752.13,-26.26,True,30956.91,-30.94,True,68.67,False,True,True,True,True,0,0,2,0
1135062100,서울특별시,노원구,중계1동,노원구 중계1동,2025-12,2026-05,안심시설수 2023-04-21; 유흥시설수 2026-06-17,20254,0,상대적으로낮음,0,상대적으로낮음,77,보통,824,보통,23796.04,보통,32027.56,25.94,False,43292.85,-3.42,True,62.25,False,True,True,True,True,0,0,1,0
1135062500,서울특별시,노원구,중계2·3동,노원구 중계2·3동,2025-12,2026-05,안심시설수 2023-04-21; 유흥시설수 2026-06-17,20254,0,상대적으로낮음,0,상대적으로낮음,80,보통,1019,보통,29521.89,보통,32027.56,25.94,False,43292.85,-3.42,True,62.25,False,True,True,True,True,0,0,1,0
1135062400,서울특별시,노원구,중계4동,노원구 중계4동,2025-12,2026-05,안심시설수 2023-04-21; 유흥시설수 2026-06-17,20254,0,상대적으로낮음,0,상대적으로낮음,75,상대적으로낮음,797,보통,14753.07,보통,25102.71,-1.29,True,35203.23,-21.46,True,124.58,False,True,True,True,True,0,0,2,0
1135061900,서울특별시,노원구,중계본동,노원구 중계본동,2025-12,2026-05,안심시설수 2023-04-21; 유흥시설수 2026-06-17,20254,46,보통,0,상대적으로낮음,82,보통,1094,보통,19265.84,보통,32027.56,25.94,False,43292.85,-3.42,True,62.25,False,True,True,True,True,0,0,1,0
1135061100,서울특별시,노원구,하계1동,노원구 하계1동,2025-12,2026-05,안심시설수 2023-04-21; 유흥시설수 2026-06-17,20254,47,보통,0,상대적으로낮음,75,상대적으로낮음,705,보통,23030.95,보통,22737.96,-10.59,True,38592.33,-13.9,True,62.5,False,True,True,True,True,0,0,2,0
1135061200,서울특별시,노원구,하계2동,노원구 하계2동,2025-12,2026-05,안심시설수 2023-04-21; 유흥시설수 2026-06-17,20254,0,상대적으로낮음,0,상대적으로낮음,59,상대적으로낮음,280,상대적으로낮음,15501.68,보통,22737.96,-10.59,True,38592.33,-13.9,True,62.5,False,True,True,True,True,0,0,2,0
1132052100,서울특별시,도봉구,도봉1동,도봉구 도봉1동,2025-12,2026-05,안심시설수 2023-04-21; 유흥시설수 2026-06-17,20254,12,보통,5,보통,86,보통,1005,보통,16961.66,보통,15706.33,-38.24,True,29933.72,-33.22,True,52.0,False,True,True,True,True,0,0,2,0
1132052200,서울특별시,도봉구,도봉2동,도봉구 도봉2동,2025-12,2026-05,안심시설수 2023-04-21; 유흥시설수 2026-06-17,20254,4,보통,2,보통,83,보통,896,보통,18550.93,보통,15706.33,-38.24,True,29933.72,-33.22,True,52.0,False,True,True,True,True,0,0,2,0
1132069000,서울특별시,도봉구,방학1동,도봉구 방학1동,2025-12,2026-05,안심시설수 2023-04-21; 유흥시설수 2026-06-17,20254,52,상대적으로높음,15,상대적으로높음,84,보통,1580,보통,24063.16,보통,12648.27,-50.26,True,25905.68,-42.21,True,35.67,False,True,True,True,True,1,0,2,0
1132070000,서울특별시,도봉구,방학2동,도봉구 방학2동,2025-12,2026-05,안심시설수 2023-04-21; 유흥시설수 2026-06-17,20254,60,상대적으로높음,1,보통,73,상대적으로낮음,704,보통,9973.35,상대적으로낮음,12648.27,-50.26,True,25905.68,-42.21,True,35.67,False,True,True,True,True,1,0,2,0
1132071000,서울특별시,도봉구,방학3동,도봉구 방학3동,2025-12,2026-05,안심시설수 2023-04-21; 유흥시설수 2026-06-17,20254,0,상대적으로낮음,0,상대적으로낮음,72,상대적으로낮음,490,상대적으로낮음,17729.73,보통,12648.27,-50.26,True,25905.68,-42.21,True,35.67,False,True,True,True,True,0,0,2,0
1132066000,서울특별시,도봉구,쌍문1동,도봉구 쌍문1동,2025-12,2026-05,안심시설수 2023-04-21; 유흥시설수 2026-06-17,20254,63,상대적으로높음,0,상대적으로낮음,77,보통,515,상대적으로낮음,15961.5,보통,11573.29,-54.49,True,26351.38,-41.21,True,29.75,False,True,True,True,True,1,0,2,0
1132067000,서울특별시,도봉구,쌍문2동,도봉구 쌍문2동,2025-12,2026-05,안심시설수 2023-04-21; 유흥시설수 2026-06-17,20254,47,보통,1,보통,86,보통,869,보통,16057.08,보통,11573.29,-54.49,True,26351.38,-41.21,True,29.75,False,True,True,True,True,0,0,2,0
1132068000,서울특별시,도봉구,쌍문3동,도봉구 쌍문3동,2025-12,2026-05,안심시설수 2023-04-21; 유흥시설수 2026-06-17,20254,37,보통,2,보통,80,보통,686,보통,16288.04,보통,11573.29,-54.49,True,26351.38,-41.21,True,29.75,False,True,True,True,True,0,0,2,0
1132068100,서울특별시,도봉구,쌍문4동,도봉구 쌍문4동,2025-12,2026-05,안심시설수 2023-04-21; 유흥시설수 2026-06-17,20254,0,상대적으로낮음,0,상대적으로낮음,65,상대적으로낮음,407,상대적으로낮음,12694.11,상대적으로낮음,11573.29,-54.49,True,26351.38,-41.21,True,29.75,False,True,True,True,True,0,0,2,0
1132051100,서울특별시,도봉구,창1동,도봉구 창1동,2025-12,2026-05,안심시설수 2023-04-21; 유흥시설수 2026-06-17,20254,28,보통,5,보통,79,보통,713,보통,18190.08,보통,17186.37,-32.42,True,28328.91,-36.8,True,64.6,False,True,True,True,True,0,0,2,0
1132051200,서울특별시,도봉구,창2동,도봉구 창2동,2025-12,2026-05,안심시설수 2023-04-21; 유흥시설수 2026-06-17,20254,21,보통,1,보통,83,보통,841,보통,28979.8,보통,17186.37,-32.42,True,28328.91,-36.8,True,64.6,False,True,True,True,True,0,0,2,0
1132051300,서울특별시,도봉구,창3동,도봉구 창3동,2025-12,2026-05,안심시설수 2023-04-21; 유흥시설수 2026-06-17,20254,0,상대적으로낮음,3,보통,73,상대적으로낮음,564,상대적으로낮음,10299.89,상대적으로낮음,17186.37,-32.42,True,28328.91,-36.8,True,64.6,False,True,True,True,True,0,0,2,0
1132051400,서울특별시,도봉구,창4동,도봉구 창4동,2025-12,2026-05,안심시설수 2023-04-21; 유흥시설수 2026-06-17,20254,0,상대적으로낮음,24,상대적으로높음,86,보통,949,보통,28339.91,보통,17186.37,-32.42,True,28328.91,-36.8,True,64.6,False,True,True,True,True,0,0,2,0
1132051500,서울특별시,도봉구,창5동,도봉구 창5동,2025-12,2026-05,안심시설수 2023-04-21; 유흥시설수 2026-06-17,20254,0,상대적으로낮음,4,보통,92,상대적으로높음,1888,상대적으로높음,16452.72,보통,17186.37,-32.42,True,28328.91,-36.8,True,64.6,False,True,True,True,True,0,2,2,0
1123060000,서울특별시,동대문구,답십리1동,동대문구 답십리1동,2025-12,2026-05,안심시설수 2023-04-21; 유흥시설수 2026-06-17,20254,24,보통,6,보통,85,보통,1137,보통,23158.35,보통,23510.85,-7.55,True,42584.67,-5.0,True,178.67,False,True,True,True,True,0,0,2,0
1123061000,서울특별시,동대문구,답십리2동,동대문구 답십리2동,2025-12,2026-05,안심시설수 2023-04-21; 유흥시설수 2026-06-17,20254,0,상대적으로낮음,6,보통,89,보통,1619,보통,20438.23,보통,22735.88,-10.59,True,43439.31,-3.09,True,104.0,False,True,True,True,True,0,0,2,0
1123053600,서울특별시,동대문구,용신동,동대문구 용신동,2025-12,2026-05,안심시설수 2023-04-21; 유흥시설수 2026-06-17,20254,41,보통,19,상대적으로높음,94,상대적으로높음,2618,상대적으로높음,40176.32,상대적으로높음,18033.33,-29.09,True,37679.75,-15.94,True,214.0,False,True,True,True,True,0,2,2,1
1123074000,서울특별시,동대문구,이문1동,동대문구 이문1동,2026-01,2026-05,안심시설수 2023-04-21; 유흥시설수 2026-06-17,20254,33,보통,1,보통,84,보통,894,보통,37044.33,상대적으로높음,14000.0,-58.76,True,14000.0,-73.61,True,0.5,True,True,True,True,True,0,0,2,1
1123075000,서울특별시,동대문구,이문2동,동대문구 이문2동,2026-01,2026-05,안심시설수 2023-04-21; 유흥시설수 2026-06-17,20254,0,상대적으로낮음,3,보통,72,상대적으로낮음,449,상대적으로낮음,12192.99,상대적으로낮음,14000.0,-58.76,True,14000.0,-73.61,True,0.5,True,True,True,True,True,0,0,2,0
1123065000,서울특별시,동대문구,장안1동,동대문구 장안1동,2026-01,2026-05,안심시설수 2023-04-21; 유흥시설수 2026-06-17,20254,32,보통,24,상대적으로높음,94,상대적으로높음,2575,상대적으로높음,33474.2,상대적으로높음,22000.0,-35.2,True,22000.0,-58.53,True,0.5,True,True,True,True,True,0,2,2,1
1123066000,서울특별시,동대문구,장안2동,동대문구 장안2동,2026-01,2026-05,안심시설수 2023-04-21; 유흥시설수 2026-06-17,20254,27,보통,34,상대적으로높음,92,상대적으로높음,1956,상대적으로높음,28337.58,보통,22000.0,-35.2,True,22000.0,-58.53,True,0.5,True,True,True,True,True,0,2,2,0
1123056000,서울특별시,동대문구,전농1동,동대문구 전농1동,2025-12,2026-05,안심시설수 2023-04-21; 유흥시설수 2026-06-17,20254,62,상대적으로높음,8,보통,95,상대적으로높음,1923,상대적으로높음,36304.22,상대적으로높음,24590.26,-3.3,True,41640.69,-7.1,True,74.67,False,True,True,True,True,1,2,2,1
1123057000,서울특별시,동대문구,전농2동,동대문구 전농2동,2025-12,2026-05,안심시설수 2023-04-21; 유흥시설수 2026-06-17,20254,79,상대적으로높음,2,보통,76,보통,590,보통,14504.77,보통,24590.26,-3.3,True,41640.69,-7.1,True,74.67,False,True,True,True,True,1,0,2,0
1123054500,서울특별시,동대문구,제기동,동대문구 제기동,2025-12,2026-05,안심시설수 2023-04-21; 유흥시설수 2026-06-17,20254,21,보통,1,보통,90,보통,3054,상대적으로높음,30939.11,보통,14032.61,-44.82,True,32558.61,-27.36,True,104.0,False,True,True,True,True,0,1,2,0
1123070500,서울특별시,동대문구,청량리동,동대문구 청량리동,2025-12,2026-05,안심시설수 2023-04-21; 유흥시설수 2026-06-17,20254,49,상대적으로높음,9,보통,86,보통,1099,보통,19470.6,보통,12998.76,-48.88,True,30960.83,-30.93,True,58.0,False,True,True,True,True,1,0,2,0
1123071000,서울특별시,동대문구,회기동,동대문구 회기동,2025-12,2026-05,안심시설수 2023-04-21; 유흥시설수 2026-06-17,20254,29,보통,1,보통,74,상대적으로낮음,901,보통,19850.51,보통,6810.9,-73.22,True,22325.0,-50.19,True,78.0,False,True,True,True,True,0,0,2,0
1123072000,서울특별시,동대문구,휘경1동,동대문구 휘경1동,2026-01,2026-05,안심시설수 2023-04-21; 유흥시설수 2026-06-17,20254,0,상대적으로낮음,3,보통,81,보통,654,보통,20080.93,보통,32100.0,-5.45,True,42000.0,-20.83,True,1.0,True,True,True,True,True,0,0,2,0
1123073000,서울특별시,동대문구,휘경2동,동대문구 휘경2동,2026-01,2026-05,안심시설수 2023-04-21; 유흥시설수 2026-06-17,20254,42,보통,0,상대적으로낮음,74,상대적으로낮음,558,상대적으로낮음,18471.1,보통,32100.0,-5.45,True,42000.0,-20.83,True,1.0,True,True,True,True,True,0,0,2,0
1159051000,서울특별시,동작구,노량진1동,동작구 노량진1동,2025-12,2026-05,안심시설수 2023-04-21; 유흥시설수 2026-06-17,20254,64,상대적으로높음,1,보통,87,보통,1357,보통,35298.65,상대적으로높음,26848.28,5.58,False,47495.39,5.96,False,127.5,False,True,True,True,True,1,0,0,1
1159052000,서울특별시,동작구,노량진2동,동작구 노량진2동,2025-12,2026-05,안심시설수 2023-04-21; 유흥시설수 2026-06-17,20254,5,보통,10,상대적으로높음,79,보통,1376,보통,14668.1,보통,17012.92,-33.1,True,42564.11,-5.04,True,81.5,False,True,True,True,True,0,0,2,0
1159066000,서울특별시,동작구,대방동,동작구 대방동,2026-01,2026-05,안심시설수 2023-04-21; 유흥시설수 2026-06-17,20254,13,보통,5,보통,88,보통,1293,보통,44113.48,상대적으로높음,77000.0,126.8,False,77000.0,45.15,False,1.0,True,True,True,True,True,0,0,0,1
1159062000,서울특별시,동작구,사당1동,동작구 사당1동,2026-01,2026-05,안심시설수 2023-04-21; 유흥시설수 2026-06-17,20254,43,보통,12,상대적으로높음,90,보통,1477,보통,20709.54,보통,13500.0,-60.24,True,,,,0.4,True,True,True,True,True,0,0,1,0
1159063000,서울특별시,동작구,사당2동,동작구 사당2동,2026-01,2026-05,안심시설수 2023-04-21; 유흥시설수 2026-06-17,20254,61,상대적으로높음,19,상대적으로높음,91,상대적으로높음,1342,보통,31944.59,보통,13500.0,-60.24,True,,,,0.4,True,True,True,True,True,1,1,1,0
1159064000,서울특별시,동작구,사당3동,동작구 사당3동,2026-01,2026-05,안심시설수 2023-04-21; 유흥시설수 2026-06-17,20254,97,상대적으로높음,0,상대적으로낮음,84,보통,664,보통,16212.95,보통,13500.0,-60.24,True,,,,0.4,True,True,True,True,True,1,0,1,0
1159065000,서울특별시,동작구,사당4동,동작구 사당4동,2026-01,2026-05,안심시설수 2023-04-21; 유흥시설수 2026-06-17,20254,28,보통,0,상대적으로낮음,80,보통,509,상대적으로낮음,13161.26,상대적으로낮음,13500.0,-60.24,True,,,,0.4,True,True,True,True,True,0,0,1,0
1159065100,서울특별시,동작구,사당5동,동작구 사당5동,2026-01,2026-05,안심시설수 2023-04-21; 유흥시설수 2026-06-17,20254,26,보통,0,상대적으로낮음,66,상대적으로낮음,352,상대적으로낮음,10450.56,상대적으로낮음,13500.0,-60.24,True,,,,0.4,True,True,True,True,True,0,0,1,0
1159053000,서울특별시,동작구,상도1동,동작구 상도1동,2026-02,2026-05,안심시설수 2023-04-21; 유흥시설수 2026-06-17,20254,58,상대적으로높음,3,보통,93,상대적으로높음,1385,보통,44280.2,상대적으로높음,13200.0,-58.4,True,13200.0,-70.27,True,1.0,True,True,True,True,True,1,1,2,1
1159054000,서울특별시,동작구,상도2동,동작구 상도2동,2026-01,2026-05,안심시설수 2023-04-21; 유흥시설수 2026-06-17,20254,0,상대적으로낮음,5,보통,88,보통,1035,보통,18791.87,보통,35000.0,3.09,False,89000.0,67.77,False,0.75,True,True,True,True,True,0,0,0,0
1159055000,서울특별시,동작구,상도3동,동작구 상도3동,2026-01,2026-05,안심시설수 2023-04-21; 유흥시설수 2026-06-17,20254,57,상대적으로높음,5,보통,83,보통,721,보통,16188.61,보통,35000.0,3.09,False,89000.0,67.77,False,0.75,True,True,True,True,True,1,0,0,0
1159056000,서울특별시,동작구,상도4동,동작구 상도4동,2026-01,2026-05,안심시설수 2023-04-21; 유흥시설수 2026-06-17,20254,38,보통,1,보통,79,보통,715,보통,18742.74,보통,35000.0,3.09,False,89000.0,67.77,False,0.75,True,True,True,True,True,0,0,0,0
1159067000,서울특별시,동작구,신대방1동,동작구 신대방1동,2026-01,2026-05,안심시설수 2023-04-21; 유흥시설수 2026-06-17,20254,26,보통,1,보통,78,보통,812,보통,19662.25,보통,70000.0,106.19,False,70000.0,31.95,False,0.5,True,True,True,True,True,0,0,0,0
1159068000,서울특별시,동작구,신대방2동,동작구 신대방2동,2026-01,2026-05,안심시설수 2023-04-21; 유흥시설수 2026-06-17,20254,52,상대적으로높음,4,보통,86,보통,944,보통,21440.9,보통,70000.0,106.19,False,70000.0,31.95,False,0.5,True,True,True,True,True,1,0,0,0
1159060500,서울특별시,동작구,흑석동,동작구 흑석동,2025-12,2026-05,안심시설수 2023-04-21; 유흥시설수 2026-06-17,20254,32,보통,4,보통,86,보통,1152,보통,32803.94,보통,34685.89,36.4,False,76587.5,70.86,False,150.0,False,True,True,True,True,0,0,0,0
1144056500,서울특별시,마포구,공덕동,마포구 공덕동,2026-01,2026-05,안심시설수 2023-04-21; 유흥시설수 2026-06-17,20254,26,보통,10,상대적으로높음,89,보통,1763,상대적으로높음,32449.29,보통,3000.0,-91.16,True,,,,0.33,True,True,True,True,True,0,1,1,0
1144060000,서울특별시,마포구,대흥동,마포구 대흥동,2026-01,2026-05,안심시설수 2023-04-21; 유흥시설수 2026-06-17,20254,59,상대적으로높음,5,보통,89,보통,1296,보통,24981.53,보통,60000.0,76.73,False,,,,0.33,True,True,True,True,True,1,0,0,0
1144058500,서울특별시,마포구,도화동,마포구 도화동,2026-01,2026-05,안심시설수 2023-04-21; 유흥시설수 2026-06-17,20254,0,상대적으로낮음,8,보통,89,보통,1352,보통,15480.16,보통,3000.0,-91.16,True,,,,0.33,True,True,True,True,True,0,0,1,0
1144069000,서울특별시,마포구,망원1동,마포구 망원1동,2025-12,2026-05,안심시설수 2023-04-21; 유흥시설수 2026-06-17,20254,30,보통,3,보통,86,보통,1715,상대적으로높음,19782.93,보통,16961.52,-33.3,True,28793.47,-35.76,True,58.5,False,True,True,True,True,0,1,2,0
1144070000,서울특별시,마포구,망원2동,마포구 망원2동,2025-12,2026-05,안심시설수 2023-04-21; 유흥시설수 2026-06-17,20254,0,상대적으로낮음,0,상대적으로낮음,88,보통,1110,보통,15166.31,보통,16961.52,-33.3,True,28793.47,-35.76,True,58.5,False,True,True,True,True,0,0,2,0
1144074000,서울특별시,마포구,상암동,마포구 상암동,2025-12,2026-05,안심시설수 2023-04-21; 유흥시설수 2026-06-17,20254,0,상대적으로낮음,0,상대적으로낮음,89,보통,1720,상대적으로높음,48164.43,상대적으로높음,19560.76,-23.08,True,43163.07,-3.71,True,173.0,False,True,True,True,True,0,1,2,1
1144065500,서울특별시,마포구,서강동,마포구 서강동,2025-12,2026-05,안심시설수 2023-04-21; 유흥시설수 2026-06-17,20254,72,상대적으로높음,0,상대적으로낮음,90,보통,1587,보통,28363.03,보통,22735.01,-10.6,True,56226.83,25.44,False,128.5,False,True,True,True,True,1,0,1,0
1144066000,서울특별시,마포구,서교동,마포구 서교동,2025-12,2026-05,안심시설수 2023-04-21; 유흥시설수 2026-06-17,20254,42,보통,44,상대적으로높음,98,상대적으로높음,8101,상대적으로높음,72862.13,상대적으로높음,12923.69,-49.18,True,35096.45,-21.7,True,180.0,False,True,True,True,True,0,2,2,1
1144072000,서울특별시,마포구,성산1동,마포구 성산1동,2025-12,2026-05,안심시설수 2023-04-21; 유흥시설수 2026-06-17,20254,23,보통,0,상대적으로낮음,90,보통,1089,보통,19657.3,보통,13633.02,-46.39,True,30589.64,-31.76,True,164.5,False,True,True,True,True,0,0,2,0
1144073000,서울특별시,마포구,성산2동,마포구 성산2동,2025-12,2026-05,안심시설수 2023-04-21; 유흥시설수 2026-06-17,20254,0,상대적으로낮음,0,상대적으로낮음,91,상대적으로높음,1395,보통,32509.45,보통,16541.91,-34.95,True,35921.76,-19.86,True,184.5,False,True,True,True,True,0,1,2,0
1144063000,서울특별시,마포구,신수동,마포구 신수동,2026-01,2026-05,안심시설수 2023-04-21; 유흥시설수 2026-06-17,20254,22,보통,3,보통,90,보통,1009,보통,15406.96,보통,63750.0,87.78,False,,,,1.33,True,True,True,True,True,0,0,0,0
1144055500,서울특별시,마포구,아현동,마포구 아현동,2025-12,2026-05,안심시설수 2023-04-21; 유흥시설수 2026-06-17,20254,0,상대적으로낮음,1,보통,84,보통,1275,보통,28070.56,보통,43575.47,71.36,False,65046.57,45.12,False,148.5,False,True,True,True,True,0,0,0,0
1144071000,서울특별시,마포구,연남동,마포구 연남동,2026-01,2026-05,안심시설수 2023-04-21; 유흥시설수 2026-06-17,20254,0,상대적으로낮음,1,보통,89,보통,2311,상대적으로높음,17452.77,보통,70000.0,106.19,False,70000.0,31.95,False,1.0,True,True,True,True,True,0,1,0,0
1144061000,서울특별시,마포구,염리동,마포구 염리동,2025-12,2026-05,안심시설수 2023-04-21; 유흥시설수 2026-06-17,20254,0,상대적으로낮음,0,상대적으로낮음,79,보통,662,보통,18016.02,보통,34922.96,37.33,False,56081.31,25.11,False,69.0,False,True,True,True,True,0,0,0,0
1144059000,서울특별시,마포구,용강동,마포구 용강동,2026-01,2026-05,안심시설수 2023-04-21; 유흥시설수 2026-06-17,20254,0,상대적으로낮음,14,상대적으로높음,88,보통,1586,보통,23032.2,보통,31500.0,-7.22,True,,,,0.67,True,True,True,True,True,0,0,1,0
1144068000,서울특별시,마포구,합정동,마포구 합정동,2025-12,2026-05,안심시설수 2023-04-21; 유흥시설수 2026-06-17,20254,0,상대적으로낮음,5,보통,94,상대적으로높음,1939,상대적으로높음,18793.72,보통,19861.05,-21.9,True,28343.69,-36.77,True,101.0,False,True,True,True,True,0,2,2,0
1141069000,서울특별시,서대문구,남가좌1동,서대문구 남가좌1동,2025-12,2026-05,안심시설수 2023-04-21; 유흥시설수 2026-06-17,20254,0,상대적으로낮음,9,보통,75,상대적으로낮음,557,상대적으로낮음,10218.44,상대적으로낮음,30061.08,18.21,False,58813.67,31.21,False,107.0,False,True,True,True,True,0,0,0,0
1141070000,서울특별시,서대문구,남가좌2동,서대문구 남가좌2동,2025-12,2026-05,안심시설수 2023-04-21; 유흥시설수 2026-06-17,20254,59,상대적으로높음,2,보통,88,보통,1086,보통,21496.09,보통,30061.08,18.21,False,58813.67,31.21,False,107.0,False,True,True,True,True,1,0,0,0
1141071000,서울특별시,서대문구,북가좌1동,서대문구 북가좌1동,2026-01,2026-05,안심시설수 2023-04-21; 유흥시설수 2026-06-17,20254,2,보통,0,상대적으로낮음,70,상대적으로낮음,394,상대적으로낮음,13754.21,상대적으로낮음,17000.0,-49.93,True,17000.0,-67.95,True,0.5,True,True,True,True,True,0,0,2,0
1141072000,서울특별시,서대문구,북가좌2동,서대문구 북가좌2동,2026-01,2026-05,안심시설수 2023-04-21; 유흥시설수 2026-06-17,20254,54,상대적으로높음,6,보통,81,보통,1052,보통,26510.28,보통,17000.0,-49.93,True,17000.0,-67.95,True,0.5,True,True,True,True,True,1,0,2,0
1141055500,서울특별시,서대문구,북아현동,서대문구 북아현동,2026-01,2026-05,안심시설수 2023-04-21; 유흥시설수 2026-06-17,20254,24,보통,3,보통,80,보통,593,보통,56564.05,상대적으로높음,45000.0,32.55,False,45000.0,-15.17,True,0.5,True,True,True,True,True,0,0,1,1
1141058500,서울특별시,서대문구,신촌동,서대문구 신촌동,2025-12,2026-05,안심시설수 2023-04-21; 유흥시설수 2026-06-17,20254,73,상대적으로높음,18,상대적으로높음,95,상대적으로높음,3251,상대적으로높음,61699.68,상대적으로높음,4439.16,-82.54,True,21829.29,-51.3,True,216.5,False,True,True,True,True,1,2,2,1
1141061500,서울특별시,서대문구,연희동,서대문구 연희동,2026-01,2026-05,안심시설수 2023-04-21; 유흥시설수 2026-06-17,20254,60,상대적으로높음,5,보통,91,상대적으로높음,1867,상대적으로높음,37550.06,상대적으로높음,17000.0,-49.93,True,,,,2.0,True,True,True,True,True,1,2,1,1
1141052000,서울특별시,서대문구,천연동,서대문구 천연동,2025-12,2026-05,안심시설수 2023-04-21; 유흥시설수 2026-06-17,20254,0,상대적으로낮음,2,보통,68,상대적으로낮음,573,보통,14061.82,보통,38784.95,52.52,False,55712.41,24.29,False,55.0,False,True,True,True,True,0,0,0,0
1141056500,서울특별시,서대문구,충현동,서대문구 충현동,2026-01,2026-05,안심시설수 2023-04-21; 유흥시설수 2026-06-17,20254,50,상대적으로높음,2,보통,81,보통,1070,보통,35428.49,상대적으로높음,45000.0,32.55,False,45000.0,-15.17,True,0.5,True,True,True,True,True,1,0,1,1
1141066000,서울특별시,서대문구,홍은1동,서대문구 홍은1동,2025-12,2026-05,안심시설수 2023-04-21; 유흥시설수 2026-06-17,20254,21,보통,2,보통,80,보통,652,보통,14823.84,보통,20017.97,-21.28,True,35574.79,-20.63,True,58.0,False,True,True,True,True,0,0,2,0
1141068500,서울특별시,서대문구,홍은2동,서대문구 홍은2동,2025-12,2026-05,안심시설수 2023-04-21; 유흥시설수 2026-06-17,20254,34,보통,4,보통,84,보통,785,보통,21426.23,보통,20017.97,-21.28,True,35574.79,-20.63,True,58.0,False,True,True,True,True,0,0,2,0
1141062000,서울특별시,서대문구,홍제1동,서대문구 홍제1동,2025-12,2026-05,안심시설수 2023-04-21; 유흥시설수 2026-06-17,20254,23,보통,5,보통,83,보통,679,보통,21801.72,보통,28620.76,12.55,False,45692.6,1.94,False,63.33,False,True,True,True,True,0,0,0,0
1141065500,서울특별시,서대문구,홍제2동,서대문구 홍제2동,2025-12,2026-05,안심시설수 2023-04-21; 유흥시설수 2026-06-17,20254,23,보통,3,보통,73,상대적으로낮음,398,상대적으로낮음,10850.83,상대적으로낮음,28620.76,12.55,False,45692.6,1.94,False,63.33,False,True,True,True,True,0,0,0,0
1141064000,서울특별시,서대문구,홍제3동,서대문구 홍제3동,2025-12,2026-05,안심시설수 2023-04-21; 유흥시설수 2026-06-17,20254,27,보통,4,보통,80,보통,792,보통,14311.07,보통,28620.76,12.55,False,45692.6,1.94,False,63.33,False,True,True,True,True,0,0,0,0
1165066000,서울특별시,서초구,내곡동,서초구 내곡동,2025-12,2026-05,안심시설수 2023-04-21; 유흥시설수 2026-06-17,20254,29,보통,0,상대적으로낮음,82,보통,884,보통,21800.85,보통,37876.87,48.95,False,49282.68,9.95,False,84.0,False,True,True,True,True,0,0,0,0
1165056000,서울특별시,서초구,반포1동,서초구 반포1동,2026-01,2026-05,안심시설수 2023-04-21; 유흥시설수 2026-06-17,20254,53,상대적으로높음,4,보통,91,상대적으로높음,1661,보통,34187.6,상대적으로높음,66000.0,94.4,False,66000.0,24.41,False,0.25,True,True,True,True,True,1,1,0,1
1165057000,서울특별시,서초구,반포2동,서초구 반포2동,2026-01,2026-05,안심시설수 2023-04-21; 유흥시설수 2026-06-17,20254,0,상대적으로낮음,0,상대적으로낮음,69,상대적으로낮음,438,상대적으로낮음,26161.68,보통,66000.0,94.4,False,66000.0,24.41,False,0.25,True,True,True,True,True,0,0,0,0
1165058000,서울특별시,서초구,반포3동,서초구 반포3동,2026-01,2026-05,안심시설수 2023-04-21; 유흥시설수 2026-06-17,20254,0,상대적으로낮음,0,상대적으로낮음,78,보통,1069,보통,24721.61,보통,8000.0,-76.44,True,,,,0.5,True,True,True,True,True,0,0,1,0
1165058100,서울특별시,서초구,반포4동,서초구 반포4동,2026-01,2026-05,안심시설수 2023-04-21; 유흥시설수 2026-06-17,20254,58,상대적으로높음,0,상대적으로낮음,89,보통,3059,상대적으로높음,42188.54,상대적으로높음,66000.0,94.4,False,66000.0,24.41,False,0.25,True,True,True,True,True,1,1,0,1
1165055000,서울특별시,서초구,반포본동,서초구 반포본동,2026-01,2026-05,안심시설수 2023-04-21; 유흥시설수 2026-06-17,20254,0,상대적으로낮음,0,상대적으로낮음,68,상대적으로낮음,371,상대적으로낮음,5911.43,상대적으로낮음,66000.0,94.4,False,66000.0,24.41,False,0.25,True,True,True,True,True,0,0,0,0
1165060000,서울특별시,서초구,방배1동,서초구 방배1동,2025-12,2026-05,안심시설수 2023-04-21; 유흥시설수 2026-06-17,20254,51,상대적으로높음,1,보통,89,보통,1309,보통,19750.56,보통,38322.32,50.7,False,58142.94,29.71,False,59.17,False,True,True,True,True,1,0,0,0
1165061000,서울특별시,서초구,방배2동,서초구 방배2동,2025-12,2026-05,안심시설수 2023-04-21; 유흥시설수 2026-06-17,20254,32,보통,6,보통,94,상대적으로높음,1340,보통,17575.95,보통,38322.32,50.7,False,58142.94,29.71,False,59.17,False,True,True,True,True,0,1,0,0
1165062000,서울특별시,서초구,방배3동,서초구 방배3동,2025-12,2026-05,안심시설수 2023-04-21; 유흥시설수 2026-06-17,20254,92,상대적으로높음,0,상대적으로낮음,83,보통,672,보통,24206.37,보통,38322.32,50.7,False,58142.94,29.71,False,59.17,False,True,True,True,True,1,0,0,0
1165062100,서울특별시,서초구,방배4동,서초구 방배4동,2025-12,2026-05,안심시설수 2023-04-21; 유흥시설수 2026-06-17,20254,49,상대적으로높음,4,보통,94,상대적으로높음,1794,상대적으로높음,27350.37,보통,38322.32,50.7,False,58142.94,29.71,False,59.17,False,True,True,True,True,1,2,0,0
1165059000,서울특별시,서초구,방배본동,서초구 방배본동,2025-12,2026-05,안심시설수 2023-04-21; 유흥시설수 2026-06-17,20254,0,상대적으로낮음,9,보통,88,보통,1280,보통,17349.76,보통,38322.32,50.7,False,58142.94,29.71,False,59.17,False,True,True,True,True,0,0,0,0
1165051000,서울특별시,서초구,서초1동,서초구 서초1동,2025-12,2026-05,안심시설수 2023-04-21; 유흥시설수 2026-06-17,20254,30,보통,4,보통,97,상대적으로높음,2993,상대적으로높음,28720.51,보통,44073.99,73.32,False,74018.16,65.13,False,131.5,False,True,True,True,True,0,2,0,0
1165052000,서울특별시,서초구,서초2동,서초구 서초2동,2025-12,2026-05,안심시설수 2023-04-21; 유흥시설수 2026-06-17,20254,56,상대적으로높음,10,상대적으로높음,96,상대적으로높음,3760,상대적으로높음,44231.11,상대적으로높음,44073.99,73.32,False,74018.16,65.13,False,131.5,False,True,True,True,True,1,2,0,1
1165053000,서울특별시,서초구,서초3동,서초구 서초3동,2025-12,2026-05,안심시설수 2023-04-21; 유흥시설수 2026-06-17,20254,73,상대적으로높음,32,상대적으로높음,97,상대적으로높음,6743,상대적으로높음,63397.86,상대적으로높음,42289.16,66.3,False,68619.58,53.09,False,190.67,False,True,True,True,True,1,2,0,1
1165053100,서울특별시,서초구,서초4동,서초구 서초4동,2025-12,2026-05,안심시설수 2023-04-21; 유흥시설수 2026-06-17,20254,0,상대적으로낮음,14,상대적으로높음,91,상대적으로높음,3165,상대적으로높음,39264.41,상대적으로높음,44073.99,73.32,False,74018.16,65.13,False,131.5,False,True,True,True,True,0,2,0,1
1165065100,서울특별시,서초구,양재1동,서초구 양재1동,2025-12,2026-05,안심시설수 2023-04-21; 유흥시설수 2026-06-17,20254,65,상대적으로높음,5,보통,93,상대적으로높음,2690,상대적으로높음,58065.35,상대적으로높음,34964.32,37.49,False,50596.29,12.88,False,189.5,False,True,True,True,True,1,2,0,1
1165065200,서울특별시,서초구,양재2동,서초구 양재2동,2025-12,2026-05,안심시설수 2023-04-21; 유흥시설수 2026-06-17,20254,38,보통,5,보통,96,상대적으로높음,3378,상대적으로높음,37480.13,상대적으로높음,22652.31,-10.92,True,38046.83,-15.12,True,88.5,False,True,True,True,True,0,2,2,1
1165054000,서울특별시,서초구,잠원동,서초구 잠원동,2026-01,2026-05,안심시설수 2023-04-21; 유흥시설수 2026-06-17,20254,40,보통,12,상대적으로높음,92,상대적으로높음,1856,상대적으로높음,37008.36,상대적으로높음,8000.0,-76.44,True,,,,0.5,True,True,True,True,True,0,2,1,1
1120059000,서울특별시,성동구,금호1가동,성동구 금호1가동,2025-12,2026-05,안심시설수 2023-04-21; 유흥시설수 2026-06-17,20254,0,상대적으로낮음,2,보통,76,보통,413,상대적으로낮음,12375.96,상대적으로낮음,51446.3,102.31,False,64996.12,45.0,False,47.0,False,True,True,True,True,0,0,0,0
1120061500,서울특별시,성동구,금호2·3가동,성동구 금호2·3가동,2025-12,2026-05,안심시설수 2023-04-21; 유흥시설수 2026-06-17,20254,0,상대적으로낮음,2,보통,75,상대적으로낮음,805,보통,17645.78,보통,39493.26,55.3,False,55022.1,22.75,False,70.0,False,True,True,True,True,0,0,0,0
1120062000,서울특별시,성동구,금호4가동,성동구 금호4가동,2025-12,2026-05,안심시설수 2023-04-21; 유흥시설수 2026-06-17,20254,0,상대적으로낮음,0,상대적으로낮음,76,보통,521,상대적으로낮음,11064.93,상대적으로낮음,55808.92,119.46,False,82144.21,83.26,False,37.0,False,True,True,True,True,0,0,0,0
1120054000,서울특별시,성동구,마장동,성동구 마장동,2025-12,2026-05,안심시설수 2023-04-21; 유흥시설수 2026-06-17,20254,0,상대적으로낮음,3,보통,86,보통,2216,상대적으로높음,18930.44,보통,12912.94,-49.22,True,32401.15,-27.71,True,128.0,False,True,True,True,True,0,1,2,0
1120055000,서울특별시,성동구,사근동,성동구 사근동,2025-12,2026-05,안심시설수 2023-04-21; 유흥시설수 2026-06-17,20254,19,보통,1,보통,71,상대적으로낮음,705,보통,26620.91,보통,19922.98,-21.66,True,51028.63,13.84,False,112.0,False,True,True,True,True,0,0,1,0
1120065000,서울특별시,성동구,성수1가1동,성동구 성수1가1동,2025-12,2026-05,안심시설수 2023-04-21; 유흥시설수 2026-06-17,20254,2,보통,1,보통,87,보통,1114,보통,18760.64,보통,45195.33,77.73,False,75198.18,67.76,False,61.0,False,True,True,True,True,0,0,0,0
1120066000,서울특별시,성동구,성수1가2동,성동구 성수1가2동,2025-12,2026-05,안심시설수 2023-04-21; 유흥시설수 2026-06-17,20254,35,보통,0,상대적으로낮음,94,상대적으로높음,2081,상대적으로높음,22933.61,보통,45195.33,77.73,False,75198.18,67.76,False,61.0,False,True,True,True,True,0,2,0,0
1120067000,서울특별시,성동구,성수2가1동,성동구 성수2가1동,2025-12,2026-05,안심시설수 2023-04-21; 유흥시설수 2026-06-17,20254,0,상대적으로낮음,3,보통,90,보통,1540,보통,18285.03,보통,27036.14,6.32,False,40964.42,-8.61,True,39.0,False,True,True,True,True,0,0,1,0
1120069000,서울특별시,성동구,성수2가3동,성동구 성수2가3동,2025-12,2026-05,안심시설수 2023-04-21; 유흥시설수 2026-06-17,20254,0,상대적으로낮음,1,보통,98,상대적으로높음,3152,상대적으로높음,40219.47,상대적으로높음,27036.14,6.32,False,40964.42,-8.61,True,39.0,False,True,True,True,True,0,2,1,1
1120072000,서울특별시,성동구,송정동,성동구 송정동,2025-12,2026-05,안심시설수 2023-04-21; 유흥시설수 2026-06-17,20254,0,상대적으로낮음,2,보통,79,보통,459,상대적으로낮음,9645.98,상대적으로낮음,8824.63,-65.3,True,17344.13,-61.31,True,17.5,False,True,True,True,True,0,0,2,0
1120064500,서울특별시,성동구,옥수동,성동구 옥수동,2025-12,2026-05,안심시설수 2023-04-21; 유흥시설수 2026-06-17,20254,0,상대적으로낮음,0,상대적으로낮음,75,상대적으로낮음,809,보통,27402.71,보통,58309.03,129.29,False,79338.93,77.0,False,103.0,False,True,True,True,True,0,0,0,0
1120052000,서울특별시,성동구,왕십리2동,성동구 왕십리2동,2025-12,2026-05,안심시설수 2023-04-21; 유흥시설수 2026-06-17,20254,83,상대적으로높음,1,보통,72,상대적으로낮음,535,상대적으로낮음,14573.21,보통,49900.43,96.23,False,66986.23,49.44,False,58.5,False,True,True,True,True,1,0,0,0
1120053500,서울특별시,성동구,왕십리도선동,성동구 왕십리도선동,2025-12,2026-05,안심시설수 2023-04-21; 유흥시설수 2026-06-17,20254,0,상대적으로낮음,26,상대적으로높음,90,보통,1758,상대적으로높음,21978.27,보통,37351.61,46.88,False,59439.51,32.61,False,149.5,False,True,True,True,True,0,1,0,0
1120079000,서울특별시,성동구,용답동,성동구 용답동,2025-12,2026-05,안심시설수 2023-04-21; 유흥시설수 2026-06-17,20254,58,상대적으로높음,2,보통,86,보통,1147,보통,16986.76,보통,13298.48,-47.71,True,22092.7,-50.71,True,98.5,False,True,True,True,True,1,0,2,0
1120058000,서울특별시,성동구,응봉동,성동구 응봉동,2025-12,2026-05,안심시설수 2023-04-21; 유흥시설수 2026-06-17,20254,0,상대적으로낮음,0,상대적으로낮음,66,상대적으로낮음,271,상대적으로낮음,10376.98,상대적으로낮음,40599.62,59.65,False,47239.4,5.39,False,40.0,False,True,True,True,True,0,0,0,0
1120056000,서울특별시,성동구,행당1동,성동구 행당1동,2025-12,2026-05,안심시설수 2023-04-21; 유흥시설수 2026-06-17,20254,3,보통,3,보통,88,보통,1086,보통,41156.7,상대적으로높음,31947.2,25.63,False,65929.71,47.09,False,63.0,False,True,True,True,True,0,0,0,1
1120057000,서울특별시,성동구,행당2동,성동구 행당2동,2025-12,2026-05,안심시설수 2023-04-21; 유흥시설수 2026-06-17,20254,0,상대적으로낮음,0,상대적으로낮음,73,상대적으로낮음,498,상대적으로낮음,16182.06,보통,31947.2,25.63,False,65929.71,47.09,False,63.0,False,True,True,True,True,0,0,0,0
1129066000,서울특별시,성북구,길음1동,성북구 길음1동,2026-01,2026-05,안심시설수 2023-04-21; 유흥시설수 2026-06-17,20254,0,상대적으로낮음,2,보통,82,보통,909,보통,35306.33,상대적으로높음,40000.0,17.82,False,,,,0.67,True,True,True,True,True,0,0,0,1
1129068500,서울특별시,성북구,길음2동,성북구 길음2동,2026-01,2026-05,안심시설수 2023-04-21; 유흥시설수 2026-06-17,20254,0,상대적으로낮음,0,상대적으로낮음,77,보통,1062,보통,18477.37,보통,40000.0,17.82,False,,,,0.67,True,True,True,True,True,0,0,0,0
1129058000,서울특별시,성북구,돈암1동,성북구 돈암1동,2026-01,2026-05,안심시설수 2023-04-21; 유흥시설수 2026-06-17,20254,0,상대적으로낮음,0,상대적으로낮음,62,상대적으로낮음,343,상대적으로낮음,9977.35,상대적으로낮음,55000.0,62.0,False,55000.0,3.68,False,0.17,True,True,True,True,True,0,0,0,0
1129059000,서울특별시,성북구,돈암2동,성북구 돈암2동,2026-01,2026-05,안심시설수 2023-04-21; 유흥시설수 2026-06-17,20254,0,상대적으로낮음,0,상대적으로낮음,70,상대적으로낮음,437,상대적으로낮음,13692.59,상대적으로낮음,55000.0,62.0,False,55000.0,3.68,False,0.17,True,True,True,True,True,0,0,0,0
1129057500,서울특별시,성북구,동선동,성북구 동선동,2026-01,2026-05,안심시설수 2023-04-21; 유흥시설수 2026-06-17,20254,46,보통,13,상대적으로높음,88,보통,1710,상대적으로높음,24215.67,보통,55000.0,62.0,False,55000.0,3.68,False,0.17,True,True,True,True,True,0,1,0,0
1129061000,서울특별시,성북구,보문동,성북구 보문동,2025-12,2026-05,안심시설수 2023-04-21; 유흥시설수 2026-06-17,20254,0,상대적으로낮음,7,보통,82,보통,723,보통,13561.03,상대적으로낮음,23683.54,-6.87,True,46209.09,3.09,False,54.0,False,True,True,True,True,0,0,1,0
1129055500,서울특별시,성북구,삼선동,성북구 삼선동,2026-01,2026-05,안심시설수 2023-04-21; 유흥시설수 2026-06-17,20254,49,상대적으로높음,10,상대적으로높음,92,상대적으로높음,1436,보통,26303.54,보통,55000.0,62.0,False,55000.0,3.68,False,0.17,True,True,True,True,True,1,1,0,0
1129081000,서울특별시,성북구,석관동,성북구 석관동,2025-12,2026-05,안심시설수 2023-04-21; 유흥시설수 2026-06-17,20254,98,상대적으로높음,1,보통,85,보통,1286,보통,26368.92,보통,16580.69,-34.8,True,28485.87,-36.45,True,101.0,False,True,True,True,True,1,0,2,0
1129052500,서울특별시,성북구,성북동,성북구 성북동,2025-12,2026-05,안심시설수 2023-04-21; 유흥시설수 2026-06-17,20254,70,상대적으로높음,0,상대적으로낮음,88,보통,998,보통,19287.62,보통,12916.2,-49.21,True,25166.67,-43.85,True,50.0,False,True,True,True,True,1,0,2,0
1129060000,서울특별시,성북구,안암동,성북구 안암동,2026-01,2026-05,안심시설수 2023-04-21; 유흥시설수 2026-06-17,20254,0,상대적으로낮음,0,상대적으로낮음,81,보통,996,보통,28729.87,보통,10000.0,-70.54,True,,,,1.0,True,True,True,True,True,0,0,1,0
1129071500,서울특별시,성북구,월곡1동,성북구 월곡1동,2025-12,2026-05,안심시설수 2023-04-21; 유흥시설수 2026-06-17,20254,44,보통,1,보통,82,보통,836,보통,27033.04,보통,20334.8,-20.04,True,42122.37,-6.03,True,34.0,False,True,True,True,True,0,0,2,0
1129072500,서울특별시,성북구,월곡2동,성북구 월곡2동,2025-12,2026-05,안심시설수 2023-04-21; 유흥시설수 2026-06-17,20254,77,상대적으로높음,3,보통,87,보통,969,보통,22031.77,보통,18236.06,-28.29,True,39491.13,-11.9,True,55.0,False,True,True,True,True,1,0,2,0
1129076000,서울특별시,성북구,장위1동,성북구 장위1동,2026-01,2026-05,안심시설수 2023-04-21; 유흥시설수 2026-06-17,20254,56,상대적으로높음,3,보통,78,보통,656,보통,19426.23,보통,22000.0,-35.2,True,22000.0,-58.53,True,0.33,True,True,True,True,True,1,0,2,0
1129077000,서울특별시,성북구,장위2동,성북구 장위2동,2026-01,2026-05,안심시설수 2023-04-21; 유흥시설수 2026-06-17,20254,29,보통,4,보통,73,상대적으로낮음,660,보통,14399.61,보통,22000.0,-35.2,True,22000.0,-58.53,True,0.33,True,True,True,True,True,0,0,2,0
1129078000,서울특별시,성북구,장위3동,성북구 장위3동,2026-01,2026-05,안심시설수 2023-04-21; 유흥시설수 2026-06-17,20254,0,상대적으로낮음,0,상대적으로낮음,72,상대적으로낮음,400,상대적으로낮음,10646.2,상대적으로낮음,22000.0,-35.2,True,22000.0,-58.53,True,0.33,True,True,True,True,True,0,0,2,0
1129062000,서울특별시,성북구,정릉1동,성북구 정릉1동,2026-01,2026-05,안심시설수 2023-04-21; 유흥시설수 2026-06-17,20254,47,보통,1,보통,76,보통,544,상대적으로낮음,12460.72,상대적으로낮음,43000.0,26.66,False,55000.0,3.68,False,0.83,True,True,True,True,True,0,0,0,0
1129063000,서울특별시,성북구,정릉2동,성북구 정릉2동,2026-01,2026-05,안심시설수 2023-04-21; 유흥시설수 2026-06-17,20254,73,상대적으로높음,2,보통,75,상대적으로낮음,631,보통,17644.28,보통,55000.0,62.0,False,55000.0,3.68,False,0.17,True,True,True,True,True,1,0,0,0
1129064000,서울특별시,성북구,정릉3동,성북구 정릉3동,2025-12,2026-05,안심시설수 2023-04-21; 유흥시설수 2026-06-17,20254,26,보통,0,상대적으로낮음,75,상대적으로낮음,473,상대적으로낮음,17534.73,보통,13032.05,-48.75,True,32945.93,-26.5,True,52.5,False,True,True,True,True,0,0,2,0
1129065000,서울특별시,성북구,정릉4동,성북구 정릉4동,2025-12,2026-05,안심시설수 2023-04-21; 유흥시설수 2026-06-17,20254,27,보통,1,보통,81,보통,629,보통,16577.31,보통,13032.05,-48.75,True,32945.93,-26.5,True,52.5,False,True,True,True,True,0,0,2,0
1129070500,서울특별시,성북구,종암동,성북구 종암동,2025-12,2026-05,안심시설수 2023-04-21; 유흥시설수 2026-06-17,20254,85,상대적으로높음,5,보통,84,보통,1274,보통,39328.23,상대적으로높음,20556.29,-19.16,True,47593.68,6.18,False,101.0,False,True,True,True,True,1,0,1,1
1171063100,서울특별시,송파구,가락1동,송파구 가락1동,2025-12,2026-05,안심시설수 2023-04-21; 유흥시설수 2026-06-17,20254,0,상대적으로낮음,0,상대적으로낮음,73,상대적으로낮음,3420,상대적으로높음,27980.4,보통,35487.07,39.55,False,68706.24,53.28,False,140.0,False,True,True,True,True,0,1,0,0
1171063200,서울특별시,송파구,가락2동,송파구 가락2동,2025-12,2026-05,안심시설수 2023-04-21; 유흥시설수 2026-06-17,20254,50,상대적으로높음,4,보통,87,보통,1493,보통,21499.76,보통,35487.07,39.55,False,68706.24,53.28,False,140.0,False,True,True,True,True,1,0,0,0
1171062000,서울특별시,송파구,가락본동,송파구 가락본동,2025-12,2026-05,안심시설수 2023-04-21; 유흥시설수 2026-06-17,20254,32,보통,70,상대적으로높음,94,상대적으로높음,2371,상대적으로높음,40071.6,상대적으로높음,35487.07,39.55,False,68706.24,53.28,False,140.0,False,True,True,True,True,0,2,0,1
1171053100,서울특별시,송파구,거여1동,송파구 거여1동,2025-12,2026-05,안심시설수 2023-04-21; 유흥시설수 2026-06-17,20254,0,상대적으로낮음,6,보통,81,보통,550,상대적으로낮음,12880.47,상대적으로낮음,34864.51,37.1,False,52747.95,17.68,False,61.33,False,True,True,True,True,0,0,0,0
1171053200,서울특별시,송파구,거여2동,송파구 거여2동,2025-12,2026-05,안심시설수 2023-04-21; 유흥시설수 2026-06-17,20254,0,상대적으로낮음,0,상대적으로낮음,78,보통,667,보통,16022.22,보통,34864.51,37.1,False,52747.95,17.68,False,61.33,False,True,True,True,True,0,0,0,0
1171054000,서울특별시,송파구,마천1동,송파구 마천1동,2025-12,2026-05,안심시설수 2023-04-21; 유흥시설수 2026-06-17,20254,68,상대적으로높음,2,보통,75,상대적으로낮음,558,상대적으로낮음,11460.78,상대적으로낮음,13088.43,-48.53,True,22251.39,-50.36,True,37.0,False,True,True,True,True,1,0,2,0
1171055000,서울특별시,송파구,마천2동,송파구 마천2동,2025-12,2026-05,안심시설수 2023-04-21; 유흥시설수 2026-06-17,20254,42,보통,2,보통,80,보통,853,보통,12243.71,상대적으로낮음,13088.43,-48.53,True,22251.39,-50.36,True,37.0,False,True,True,True,True,0,0,2,0
1171064100,서울특별시,송파구,문정1동,송파구 문정1동,2025-12,2026-05,안심시설수 2023-04-21; 유흥시설수 2026-06-17,20254,0,상대적으로낮음,0,상대적으로낮음,89,보통,1102,보통,21417.51,보통,25409.08,-0.08,True,49882.68,11.29,False,138.67,False,True,True,True,True,0,0,1,0
1171064200,서울특별시,송파구,문정2동,송파구 문정2동,2025-12,2026-05,안심시설수 2023-04-21; 유흥시설수 2026-06-17,20254,0,상대적으로낮음,0,상대적으로낮음,95,상대적으로높음,5684,상대적으로높음,42111.22,상대적으로높음,28296.86,11.27,False,45379.01,1.24,False,373.0,False,True,True,True,True,0,2,0,1
1171056100,서울특별시,송파구,방이1동,송파구 방이1동,2026-01,2026-05,안심시설수 2023-04-21; 유흥시설수 2026-06-17,20254,41,보통,5,보통,84,보통,1127,보통,16519.27,보통,20000.0,-41.09,True,,,,0.33,True,True,True,True,True,0,0,1,0
1171056200,서울특별시,송파구,방이2동,송파구 방이2동,2026-01,2026-05,안심시설수 2023-04-21; 유흥시설수 2026-06-17,20254,0,상대적으로낮음,48,상대적으로높음,96,상대적으로높음,2515,상대적으로높음,38038.83,상대적으로높음,20000.0,-41.09,True,,,,0.33,True,True,True,True,True,0,2,1,1
1171061000,서울특별시,송파구,삼전동,송파구 삼전동,2025-12,2026-05,안심시설수 2023-04-21; 유흥시설수 2026-06-17,20254,26,보통,8,보통,89,보통,1529,보통,27107.13,보통,15819.33,-37.79,True,26181.74,-41.59,True,175.0,False,True,True,True,True,0,0,2,0
1171060000,서울특별시,송파구,석촌동,송파구 석촌동,2025-12,2026-05,안심시설수 2023-04-21; 유흥시설수 2026-06-17,20254,54,상대적으로높음,24,상대적으로높음,97,상대적으로높음,2307,상대적으로높음,26513.7,보통,14131.0,-44.43,True,26294.54,-41.34,True,200.0,False,True,True,True,True,1,2,2,0
1171058000,서울특별시,송파구,송파1동,송파구 송파1동,2025-12,2026-05,안심시설수 2023-04-21; 유흥시설수 2026-06-17,20254,33,보통,13,상대적으로높음,95,상대적으로높음,1852,상대적으로높음,24827.77,보통,24698.09,-2.88,True,46876.41,4.58,False,107.5,False,True,True,True,True,0,2,1,0
1171059000,서울특별시,송파구,송파2동,송파구 송파2동,2025-12,2026-05,안심시설수 2023-04-21; 유흥시설수 2026-06-17,20254,37,보통,0,상대적으로낮음,82,보통,814,보통,18294.6,보통,24698.09,-2.88,True,46876.41,4.58,False,107.5,False,True,True,True,True,0,0,1,0
1171057000,서울특별시,송파구,오금동,송파구 오금동,2025-12,2026-05,안심시설수 2023-04-21; 유흥시설수 2026-06-17,20254,62,상대적으로높음,5,보통,90,보통,1672,보통,34631.44,상대적으로높음,35406.91,39.23,False,50250.31,12.11,False,89.0,False,True,True,True,True,1,0,0,1
1171056600,서울특별시,송파구,오륜동,송파구 오륜동,2026-01,2026-05,안심시설수 2023-04-21; 유흥시설수 2026-06-17,20254,0,상대적으로낮음,0,상대적으로낮음,70,상대적으로낮음,422,상대적으로낮음,24096.82,보통,20000.0,-41.09,True,,,,0.33,True,True,True,True,True,0,0,1,0
1171064700,서울특별시,송파구,위례동,송파구 위례동,2025-12,2026-05,안심시설수 2023-04-21; 유흥시설수 2026-06-17,20254,0,상대적으로낮음,0,상대적으로낮음,79,보통,919,보통,47695.58,상대적으로높음,31013.62,21.96,False,45424.94,1.34,False,295.67,False,True,True,True,True,0,0,0,1
1171067000,서울특별시,송파구,잠실2동,송파구 잠실2동,2026-01,2026-05,안심시설수 2023-04-21; 유흥시설수 2026-06-17,20254,0,상대적으로낮음,0,상대적으로낮음,82,보통,842,보통,36508.66,상대적으로높음,33000.0,-2.8,True,33000.0,-37.79,True,0.25,True,True,True,True,True,0,0,2,1
1171068000,서울특별시,송파구,잠실3동,송파구 잠실3동,2026-01,2026-05,안심시설수 2023-04-21; 유흥시설수 2026-06-17,20254,0,상대적으로낮음,0,상대적으로낮음,75,상대적으로낮음,1520,보통,47589.12,상대적으로높음,33000.0,-2.8,True,33000.0,-37.79,True,0.25,True,True,True,True,True,0,0,2,1
1171069000,서울특별시,송파구,잠실4동,송파구 잠실4동,2025-12,2026-05,안심시설수 2023-04-21; 유흥시설수 2026-06-17,20254,0,상대적으로낮음,0,상대적으로낮음,56,상대적으로낮음,322,상대적으로낮음,27391.88,보통,73150.56,187.66,False,91892.04,105.01,False,86.0,False,True,True,True,True,0,0,0,0
1171071000,서울특별시,송파구,잠실6동,송파구 잠실6동,2025-12,2026-05,안심시설수 2023-04-21; 유흥시설수 2026-06-17,20254,0,상대적으로낮음,0,상대적으로낮음,88,보통,1680,보통,38952.12,상대적으로높음,73150.56,187.66,False,91892.04,105.01,False,86.0,False,True,True,True,True,0,0,0,1
1171072000,서울특별시,송파구,잠실7동,송파구 잠실7동,2026-01,2026-05,안심시설수 2023-04-21; 유흥시설수 2026-06-17,20254,0,상대적으로낮음,0,상대적으로낮음,46,상대적으로낮음,184,상대적으로낮음,10612.94,상대적으로낮음,33000.0,-2.8,True,33000.0,-37.79,True,0.25,True,True,True,True,True,0,0,2,0
1171065000,서울특별시,송파구,잠실본동,송파구 잠실본동,2026-01,2026-05,안심시설수 2023-04-21; 유흥시설수 2026-06-17,20254,77,상대적으로높음,17,상대적으로높음,95,상대적으로높음,2736,상대적으로높음,33317.32,상대적으로높음,33000.0,-2.8,True,33000.0,-37.79,True,0.25,True,True,True,True,True,1,2,2,1
1171064600,서울특별시,송파구,장지동,송파구 장지동,2025-12,2026-05,안심시설수 2023-04-21; 유흥시설수 2026-06-17,20254,0,상대적으로낮음,0,상대적으로낮음,85,보통,934,보통,30286.12,보통,28296.86,11.27,False,45379.01,1.24,False,373.0,False,True,True,True,True,0,0,0,0
1171051000,서울특별시,송파구,풍납1동,송파구 풍납1동,2026-01,2026-05,안심시설수 2023-04-21; 유흥시설수 2026-06-17,20254,18,보통,2,보통,75,상대적으로낮음,422,상대적으로낮음,12819.87,상대적으로낮음,76650.0,125.77,False,76650.0,44.49,False,0.5,True,True,True,True,True,0,0,0,0
1171052000,서울특별시,송파구,풍납2동,송파구 풍납2동,2026-01,2026-05,안심시설수 2023-04-21; 유흥시설수 2026-06-17,20254,31,보통,3,보통,82,보통,768,보통,31986.84,보통,76650.0,125.77,False,76650.0,44.49,False,0.5,True,True,True,True,True,0,0,0,0
1147051000,서울특별시,양천구,목1동,양천구 목1동,2026-01,2026-05,안심시설수 2023-04-21; 유흥시설수 2026-06-17,20254,0,상대적으로낮음,2,보통,92,상대적으로높음,2562,상대적으로높음,38130.99,상대적으로높음,96500.0,184.24,False,113000.0,113.01,False,0.4,True,True,True,True,True,0,2,0,1
1147052000,서울특별시,양천구,목2동,양천구 목2동,2026-01,2026-05,안심시설수 2023-04-21; 유흥시설수 2026-06-17,20254,0,상대적으로낮음,1,보통,88,보통,950,보통,19360.94,보통,96500.0,184.24,False,113000.0,113.01,False,0.4,True,True,True,True,True,0,0,0,0
1147053000,서울특별시,양천구,목3동,양천구 목3동,2026-01,2026-05,안심시설수 2023-04-21; 유흥시설수 2026-06-17,20254,0,상대적으로낮음,4,보통,86,보통,1061,보통,17812.32,보통,96500.0,184.24,False,113000.0,113.01,False,0.4,True,True,True,True,True,0,0,0,0
1147054000,서울특별시,양천구,목4동,양천구 목4동,2026-01,2026-05,안심시설수 2023-04-21; 유흥시설수 2026-06-17,20254,0,상대적으로낮음,3,보통,83,보통,1109,보통,17099.03,보통,96500.0,184.24,False,113000.0,113.01,False,0.4,True,True,True,True,True,0,0,0,0
1147055000,서울특별시,양천구,목5동,양천구 목5동,2026-01,2026-05,안심시설수 2023-04-21; 유흥시설수 2026-06-17,20254,0,상대적으로낮음,0,상대적으로낮음,80,보통,1455,보통,40534.22,상대적으로높음,96500.0,184.24,False,113000.0,113.01,False,0.4,True,True,True,True,True,0,0,0,1
1147056000,서울특별시,양천구,신월1동,양천구 신월1동,2025-12,2026-05,안심시설수 2023-04-21; 유흥시설수 2026-06-17,20254,0,상대적으로낮음,2,보통,80,보통,1031,보통,13704.93,상대적으로낮음,17007.81,-33.12,True,28661.8,-36.06,True,36.71,False,True,True,True,True,0,0,2,0
1147057000,서울특별시,양천구,신월2동,양천구 신월2동,2025-12,2026-05,안심시설수 2023-04-21; 유흥시설수 2026-06-17,20254,58,상대적으로높음,1,보통,75,상대적으로낮음,629,보통,11322.96,상대적으로낮음,17007.81,-33.12,True,28661.8,-36.06,True,36.71,False,True,True,True,True,1,0,2,0
1147058000,서울특별시,양천구,신월3동,양천구 신월3동,2025-12,2026-05,안심시설수 2023-04-21; 유흥시설수 2026-06-17,20254,39,보통,1,보통,76,보통,494,상대적으로낮음,12015.61,상대적으로낮음,17007.81,-33.12,True,28661.8,-36.06,True,36.71,False,True,True,True,True,0,0,2,0
1147059000,서울특별시,양천구,신월4동,양천구 신월4동,2025-12,2026-05,안심시설수 2023-04-21; 유흥시설수 2026-06-17,20254,0,상대적으로낮음,3,보통,76,보통,656,보통,10972.22,상대적으로낮음,17007.81,-33.12,True,28661.8,-36.06,True,36.71,False,True,True,True,True,0,0,2,0
1147060000,서울특별시,양천구,신월5동,양천구 신월5동,2025-12,2026-05,안심시설수 2023-04-21; 유흥시설수 2026-06-17,20254,42,보통,2,보통,80,보통,549,상대적으로낮음,10871.4,상대적으로낮음,17007.81,-33.12,True,28661.8,-36.06,True,36.71,False,True,True,True,True,0,0,2,0
1147061000,서울특별시,양천구,신월6동,양천구 신월6동,2025-12,2026-05,안심시설수 2023-04-21; 유흥시설수 2026-06-17,20254,0,상대적으로낮음,0,상대적으로낮음,75,상대적으로낮음,486,상대적으로낮음,3469.36,상대적으로낮음,17007.81,-33.12,True,28661.8,-36.06,True,36.71,False,True,True,True,True,0,0,2,0
1147061100,서울특별시,양천구,신월7동,양천구 신월7동,2025-12,2026-05,안심시설수 2023-04-21; 유흥시설수 2026-06-17,20254,0,상대적으로낮음,4,보통,81,보통,644,보통,14004.92,보통,17007.81,-33.12,True,28661.8,-36.06,True,36.71,False,True,True,True,True,0,0,2,0
1147062000,서울특별시,양천구,신정1동,양천구 신정1동,2026-01,2026-05,안심시설수 2023-04-21; 유흥시설수 2026-06-17,20254,0,상대적으로낮음,9,보통,83,보통,999,보통,15910.0,보통,84000.0,147.42,False,84000.0,58.35,False,0.5,True,True,True,True,True,0,0,0,0
1147063000,서울특별시,양천구,신정2동,양천구 신정2동,2026-01,2026-05,안심시설수 2023-04-21; 유흥시설수 2026-06-17,20254,0,상대적으로낮음,4,보통,79,보통,922,보통,13885.97,상대적으로낮음,84000.0,147.42,False,84000.0,58.35,False,0.5,True,True,True,True,True,0,0,0,0
1147064000,서울특별시,양천구,신정3동,양천구 신정3동,2026-01,2026-05,안심시설수 2023-04-21; 유흥시설수 2026-06-17,20254,0,상대적으로낮음,8,보통,90,보통,1017,보통,36841.64,상대적으로높음,84000.0,147.42,False,84000.0,58.35,False,0.5,True,True,True,True,True,0,0,0,1
1147065000,서울특별시,양천구,신정4동,양천구 신정4동,2026-01,2026-05,안심시설수 2023-04-21; 유흥시설수 2026-06-17,20254,65,상대적으로높음,13,상대적으로높음,94,상대적으로높음,2359,상대적으로높음,31779.1,보통,84000.0,147.42,False,84000.0,58.35,False,0.5,True,True,True,True,True,1,2,0,0
1147067000,서울특별시,양천구,신정6동,양천구 신정6동,2026-01,2026-05,안심시설수 2023-04-21; 유흥시설수 2026-06-17,20254,0,상대적으로낮음,0,상대적으로낮음,66,상대적으로낮음,639,보통,18306.01,보통,84000.0,147.42,False,84000.0,58.35,False,0.5,True,True,True,True,True,0,0,0,0
1147068000,서울특별시,양천구,신정7동,양천구 신정7동,2026-01,2026-05,안심시설수 2023-04-21; 유흥시설수 2026-06-17,20254,0,상대적으로낮음,0,상대적으로낮음,80,보통,751,보통,19453.21,보통,84000.0,147.42,False,84000.0,58.35,False,0.5,True,True,True,True,True,0,0,0,0
1156055000,서울특별시,영등포구,당산1동,영등포구 당산1동,2026-01,2026-05,안심시설수 2023-04-21; 유흥시설수 2026-06-17,20254,34,보통,33,상대적으로높음,96,상대적으로높음,2441,상대적으로높음,23369.76,보통,19500.0,-42.56,True,,,,1.0,True,True,True,True,True,0,2,1,0
1156056000,서울특별시,영등포구,당산2동,영등포구 당산2동,2025-12,2026-05,안심시설수 2023-04-21; 유흥시설수 2026-06-17,20254,70,상대적으로높음,9,보통,94,상대적으로높음,1786,상대적으로높음,45327.58,상대적으로높음,27882.07,9.64,False,57908.02,29.19,False,247.0,False,True,True,True,True,1,2,0,1
1156070000,서울특별시,영등포구,대림1동,영등포구 대림1동,2025-12,2026-05,안심시설수 2023-04-21; 유흥시설수 2026-06-17,20254,0,상대적으로낮음,6,보통,79,보통,702,보통,14244.41,보통,9920.96,-60.99,True,33852.43,-24.48,True,57.5,False,True,True,True,True,0,0,2,0
1156071000,서울특별시,영등포구,대림2동,영등포구 대림2동,2025-12,2026-05,안심시설수 2023-04-21; 유흥시설수 2026-06-17,20254,80,상대적으로높음,4,보통,82,보통,1190,보통,16537.99,보통,9920.96,-60.99,True,33852.43,-24.48,True,57.5,False,True,True,True,True,1,0,2,0
1156072000,서울특별시,영등포구,대림3동,영등포구 대림3동,2025-12,2026-05,안심시설수 2023-04-21; 유흥시설수 2026-06-17,20254,32,보통,7,보통,92,상대적으로높음,1408,보통,22833.24,보통,9920.96,-60.99,True,33852.43,-24.48,True,57.5,False,True,True,True,True,0,1,2,0
1156058500,서울특별시,영등포구,도림동,영등포구 도림동,2025-12,2026-05,안심시설수 2023-04-21; 유흥시설수 2026-06-17,20254,27,보통,2,보통,84,보통,697,보통,14657.37,보통,15876.56,-37.57,True,36873.29,-17.74,True,70.0,False,True,True,True,True,0,0,2,0
1156060500,서울특별시,영등포구,문래동,영등포구 문래동,2026-01,2026-05,안심시설수 2023-04-21; 유흥시설수 2026-06-17,20254,0,상대적으로낮음,3,보통,96,상대적으로높음,2667,상대적으로높음,33861.88,상대적으로높음,25000.0,-26.36,True,,,,1.0,True,True,True,True,True,0,2,1,1
1156063000,서울특별시,영등포구,신길1동,영등포구 신길1동,2026-01,2026-05,안심시설수 2023-04-21; 유흥시설수 2026-06-17,20254,52,상대적으로높음,5,보통,81,보통,795,보통,17671.01,보통,40000.0,17.82,False,,,,0.14,True,True,True,True,True,1,0,0,0
1156065000,서울특별시,영등포구,신길3동,영등포구 신길3동,2026-01,2026-05,안심시설수 2023-04-21; 유흥시설수 2026-06-17,20254,0,상대적으로낮음,1,보통,89,보통,720,보통,13038.4,상대적으로낮음,40000.0,17.82,False,,,,0.14,True,True,True,True,True,0,0,0,0
1156066000,서울특별시,영등포구,신길4동,영등포구 신길4동,2026-01,2026-05,안심시설수 2023-04-21; 유흥시설수 2026-06-17,20254,13,보통,1,보통,72,상대적으로낮음,335,상대적으로낮음,6631.28,상대적으로낮음,40000.0,17.82,False,,,,0.14,True,True,True,True,True,0,0,0,0
1156067000,서울특별시,영등포구,신길5동,영등포구 신길5동,2026-01,2026-05,안심시설수 2023-04-21; 유흥시설수 2026-06-17,20254,0,상대적으로낮음,1,보통,62,상대적으로낮음,288,상대적으로낮음,9423.99,상대적으로낮음,40000.0,17.82,False,,,,0.14,True,True,True,True,True,0,0,0,0
1156068000,서울특별시,영등포구,신길6동,영등포구 신길6동,2026-01,2026-05,안심시설수 2023-04-21; 유흥시설수 2026-06-17,20254,23,보통,3,보통,84,보통,962,보통,19339.59,보통,40000.0,17.82,False,,,,0.14,True,True,True,True,True,0,0,0,0
1156069000,서울특별시,영등포구,신길7동,영등포구 신길7동,2026-01,2026-05,안심시설수 2023-04-21; 유흥시설수 2026-06-17,20254,35,보통,1,보통,80,보통,479,상대적으로낮음,18049.33,보통,40000.0,17.82,False,,,,0.14,True,True,True,True,True,0,0,0,0
1156061000,서울특별시,영등포구,양평1동,영등포구 양평1동,2025-12,2026-05,안심시설수 2023-04-21; 유흥시설수 2026-06-17,20254,40,보통,7,보통,92,상대적으로높음,1244,보통,19803.62,보통,22178.2,-12.79,True,36392.65,-18.81,True,100.0,False,True,True,True,True,0,1,2,0
1156062000,서울특별시,영등포구,양평2동,영등포구 양평2동,2025-12,2026-05,안심시설수 2023-04-21; 유흥시설수 2026-06-17,20254,40,보통,8,보통,89,보통,1447,보통,25438.85,보통,24752.73,-2.66,True,39042.53,-12.9,True,131.0,False,True,True,True,True,0,0,2,0
1156054000,서울특별시,영등포구,여의동,영등포구 여의동,2025-12,2026-05,안심시설수 2023-04-21; 유흥시설수 2026-06-17,20254,0,상대적으로낮음,57,상대적으로높음,95,상대적으로높음,5152,상대적으로높음,95802.56,상대적으로높음,49185.98,93.42,False,63897.81,42.55,False,149.0,False,True,True,True,True,0,2,0,1
1156053500,서울특별시,영등포구,영등포동,영등포구 영등포동,2025-12,2026-05,안심시설수 2023-04-21; 유흥시설수 2026-06-17,20254,33,보통,94,상대적으로높음,97,상대적으로높음,3748,상대적으로높음,54705.26,상대적으로높음,18605.39,-26.84,True,36645.12,-18.25,True,416.0,False,True,True,True,True,0,2,2,1
1156051500,서울특별시,영등포구,영등포본동,영등포구 영등포본동,2026-01,2026-05,안심시설수 2023-04-21; 유흥시설수 2026-06-17,20254,67,상대적으로높음,3,보통,87,보통,1212,보통,17503.5,보통,40000.0,17.82,False,,,,0.14,True,True,True,True,True,1,0,0,0
1117053000,서울특별시,용산구,남영동,용산구 남영동,2025-12,2026-05,안심시설수 2023-04-21; 유흥시설수 2026-06-17,20254,38,보통,12,상대적으로높음,93,상대적으로높음,1170,보통,16799.56,보통,26235.0,3.17,False,38046.5,-15.12,True,19.0,False,True,True,True,True,0,1,1,0
1117070000,서울특별시,용산구,보광동,용산구 보광동,2025-12,2026-05,안심시설수 2023-04-21; 유흥시설수 2026-06-17,20254,83,상대적으로높음,4,보통,79,보통,555,상대적으로낮음,6645.74,상대적으로낮음,27118.18,6.64,False,45600.0,1.73,False,11.0,False,True,True,True,True,1,0,0,0
1117069000,서울특별시,용산구,서빙고동,용산구 서빙고동,2025-12,2026-05,안심시설수 2023-04-21; 유흥시설수 2026-06-17,20254,22,보통,1,보통,73,상대적으로낮음,344,상대적으로낮음,15284.97,보통,32969.7,29.65,False,43633.33,-2.66,True,33.0,False,True,True,True,True,0,0,1,0
1117059000,서울특별시,용산구,용문동,용산구 용문동,2025-12,2026-05,안심시설수 2023-04-21; 유흥시설수 2026-06-17,20254,0,상대적으로낮음,1,보통,74,상대적으로낮음,519,상대적으로낮음,7090.61,상대적으로낮음,29334.88,15.36,False,41245.23,-7.98,True,40.0,False,True,True,True,True,0,0,1,0
1117052000,서울특별시,용산구,용산2가동,용산구 용산2가동,2025-12,2026-05,안심시설수 2023-04-21; 유흥시설수 2026-06-17,20254,26,보통,0,상대적으로낮음,72,상대적으로낮음,604,보통,12202.46,상대적으로낮음,8751.61,-65.59,True,18111.11,-59.6,True,31.0,False,True,True,True,True,0,0,2,0
1117056000,서울특별시,용산구,원효로1동,용산구 원효로1동,2025-12,2026-05,안심시설수 2023-04-21; 유흥시설수 2026-06-17,20254,0,상대적으로낮음,9,보통,86,보통,1548,보통,18379.95,보통,30884.87,21.45,False,50843.17,13.43,False,146.0,False,True,True,True,True,0,0,0,0
1117057000,서울특별시,용산구,원효로2동,용산구 원효로2동,2025-12,2026-05,안심시설수 2023-04-21; 유흥시설수 2026-06-17,20254,0,상대적으로낮음,3,보통,82,보통,829,보통,14069.83,보통,31934.48,25.58,False,35273.17,-21.31,True,58.0,False,True,True,True,True,0,0,1,0
1117063000,서울특별시,용산구,이촌1동,용산구 이촌1동,2025-12,2026-05,안심시설수 2023-04-21; 유흥시설수 2026-06-17,20254,32,보통,3,보통,73,상대적으로낮음,744,보통,25351.53,보통,60218.22,136.8,False,71242.14,58.94,False,53.5,False,True,True,True,True,0,0,0,0
1117064000,서울특별시,용산구,이촌2동,용산구 이촌2동,2025-12,2026-05,안심시설수 2023-04-21; 유흥시설수 2026-06-17,20254,65,상대적으로높음,0,상대적으로낮음,64,상대적으로낮음,267,상대적으로낮음,7755.88,상대적으로낮음,60218.22,136.8,False,71242.14,58.94,False,53.5,False,True,True,True,True,1,0,0,0
1117065000,서울특별시,용산구,이태원1동,용산구 이태원1동,2025-12,2026-05,안심시설수 2023-04-21; 유흥시설수 2026-06-17,20254,44,보통,16,상대적으로높음,85,보통,1549,보통,11372.26,상대적으로낮음,17714.72,-30.34,True,30249.85,-32.51,True,35.5,False,True,True,True,True,0,0,2,0
1117066000,서울특별시,용산구,이태원2동,용산구 이태원2동,2025-12,2026-05,안심시설수 2023-04-21; 유흥시설수 2026-06-17,20254,0,상대적으로낮음,0,상대적으로낮음,79,보통,835,보통,10932.31,상대적으로낮음,17714.72,-30.34,True,30249.85,-32.51,True,35.5,False,True,True,True,True,0,0,2,0
1117055500,서울특별시,용산구,청파동,용산구 청파동,2025-12,2026-05,안심시설수 2023-04-21; 유흥시설수 2026-06-17,20254,88,상대적으로높음,3,보통,89,보통,1179,보통,23001.79,보통,11271.93,-55.67,True,23905.54,-46.67,True,107.0,False,True,True,True,True,1,0,2,0
1117062500,서울특별시,용산구,한강로동,용산구 한강로동,2025-12,2026-05,안심시설수 2023-04-21; 유흥시설수 2026-06-17,20254,52,상대적으로높음,10,상대적으로높음,96,상대적으로높음,4886,상대적으로높음,53257.86,상대적으로높음,47832.69,88.1,False,83209.44,85.64,False,128.0,False,True,True,True,True,1,2,0,1
1117068500,서울특별시,용산구,한남동,용산구 한남동,2025-12,2026-05,안심시설수 2023-04-21; 유흥시설수 2026-06-17,20254,119,상대적으로높음,19,상대적으로높음,90,보통,2297,상대적으로높음,28331.31,보통,56385.36,121.73,False,127372.25,184.16,False,44.0,False,True,True,True,True,1,1,0,0
1117058000,서울특별시,용산구,효창동,용산구 효창동,2025-12,2026-05,안심시설수 2023-04-21; 유흥시설수 2026-06-17,20254,0,상대적으로낮음,0,상대적으로낮음,65,상대적으로낮음,324,상대적으로낮음,10430.69,상대적으로낮음,29608.38,16.43,False,50841.8,13.43,False,56.0,False,True,True,True,True,0,0,0,0
1117051000,서울특별시,용산구,후암동,용산구 후암동,2025-12,2026-05,안심시설수 2023-04-21; 유흥시설수 2026-06-17,20254,38,보통,0,상대적으로낮음,81,보통,825,보통,12378.6,상대적으로낮음,17934.51,-29.47,True,25515.72,-43.08,True,76.0,False,True,True,True,True,0,0,2,0
1138055100,서울특별시,은평구,갈현1동,은평구 갈현1동,2025-12,2026-05,안심시설수 2023-04-21; 유흥시설수 2026-06-17,20254,31,보통,25,상대적으로높음,85,보통,1074,보통,17089.42,보통,10587.5,-58.37,True,20205.52,-54.92,True,42.0,False,True,True,True,True,0,0,2,0
1138055200,서울특별시,은평구,갈현2동,은평구 갈현2동,2025-12,2026-05,안심시설수 2023-04-21; 유흥시설수 2026-06-17,20254,0,상대적으로낮음,10,상대적으로높음,88,보통,1265,보통,21043.07,보통,10587.5,-58.37,True,20205.52,-54.92,True,42.0,False,True,True,True,True,0,0,2,0
1138056000,서울특별시,은평구,구산동,은평구 구산동,2025-12,2026-05,안심시설수 2023-04-21; 유흥시설수 2026-06-17,20254,38,보통,1,보통,77,보통,787,보통,24625.36,보통,10097.44,-60.29,True,22967.11,-48.76,True,66.0,False,True,True,True,True,0,0,2,0
1138051000,서울특별시,은평구,녹번동,은평구 녹번동,2025-12,2026-05,안심시설수 2023-04-21; 유흥시설수 2026-06-17,20254,24,보통,13,상대적으로높음,88,보통,1240,보통,29050.85,보통,16069.41,-36.81,True,38214.02,-14.75,True,175.0,False,True,True,True,True,0,0,2,0
1138057000,서울특별시,은평구,대조동,은평구 대조동,2025-12,2026-05,안심시설수 2023-04-21; 유흥시설수 2026-06-17,20254,32,보통,39,상대적으로높음,93,상대적으로높음,2065,상대적으로높음,54051.87,상대적으로높음,10741.57,-57.76,True,20214.82,-54.9,True,126.0,False,True,True,True,True,0,2,2,1
1138052000,서울특별시,은평구,불광1동,은평구 불광1동,2025-12,2026-05,안심시설수 2023-04-21; 유흥시설수 2026-06-17,20254,28,보통,24,상대적으로높음,84,보통,1151,보통,23552.36,보통,14229.81,-44.04,True,27596.27,-38.43,True,122.5,False,True,True,True,True,0,0,2,0
1138053000,서울특별시,은평구,불광2동,은평구 불광2동,2025-12,2026-05,안심시설수 2023-04-21; 유흥시설수 2026-06-17,20254,0,상대적으로낮음,5,보통,88,보통,1010,보통,18353.26,보통,14229.81,-44.04,True,27596.27,-38.43,True,122.5,False,True,True,True,True,0,0,2,0
1138065000,서울특별시,은평구,수색동,은평구 수색동,2025-12,2026-05,안심시설수 2023-04-21; 유흥시설수 2026-06-17,20254,0,상대적으로낮음,1,보통,75,상대적으로낮음,451,상대적으로낮음,14735.17,보통,40112.32,57.74,False,61946.43,38.2,False,79.0,False,True,True,True,True,0,0,0,0
1138063100,서울특별시,은평구,신사1동,은평구 신사1동,2025-12,2026-05,안심시설수 2023-04-21; 유흥시설수 2026-06-17,20254,36,보통,2,보통,83,보통,897,보통,19823.05,보통,18590.72,-26.89,True,33497.53,-25.27,True,63.5,False,True,True,True,True,0,0,2,0
1138063200,서울특별시,은평구,신사2동,은평구 신사2동,2025-12,2026-05,안심시설수 2023-04-21; 유흥시설수 2026-06-17,20254,0,상대적으로낮음,0,상대적으로낮음,72,상대적으로낮음,518,상대적으로낮음,13932.42,상대적으로낮음,18590.72,-26.89,True,33497.53,-25.27,True,63.5,False,True,True,True,True,0,0,2,0
1138062500,서울특별시,은평구,역촌동,은평구 역촌동,2025-12,2026-05,안심시설수 2023-04-21; 유흥시설수 2026-06-17,20254,65,상대적으로높음,6,보통,90,보통,1785,상대적으로높음,39873.09,상대적으로높음,9185.72,-63.88,True,19585.71,-56.31,True,75.0,False,True,True,True,True,1,1,2,1
1138058000,서울특별시,은평구,응암1동,은평구 응암1동,2025-12,2026-05,안심시설수 2023-04-21; 유흥시설수 2026-06-17,20254,7,보통,13,상대적으로높음,89,보통,1326,보통,21549.44,보통,22240.39,-12.54,True,44679.82,-0.32,True,97.0,False,True,True,True,True,0,0,2,0
1138059000,서울특별시,은평구,응암2동,은평구 응암2동,2025-12,2026-05,안심시설수 2023-04-21; 유흥시설수 2026-06-17,20254,14,보통,2,보통,77,보통,597,보통,17314.06,보통,22240.39,-12.54,True,44679.82,-0.32,True,97.0,False,True,True,True,True,0,0,2,0
1138060000,서울특별시,은평구,응암3동,은평구 응암3동,2025-12,2026-05,안심시설수 2023-04-21; 유흥시설수 2026-06-17,20254,16,보통,47,상대적으로높음,88,보통,1396,보통,21265.79,보통,22240.39,-12.54,True,44679.82,-0.32,True,97.0,False,True,True,True,True,0,0,2,0
1138064000,서울특별시,은평구,증산동,은평구 증산동,2025-12,2026-05,안심시설수 2023-04-21; 유흥시설수 2026-06-17,20254,0,상대적으로낮음,0,상대적으로낮음,77,보통,595,보통,12637.88,상대적으로낮음,32884.61,29.31,False,49966.67,11.47,False,36.0,False,True,True,True,True,0,0,0,0
1138069000,서울특별시,은평구,진관동,은평구 진관동,2025-12,2026-05,안심시설수 2023-04-21; 유흥시설수 2026-06-17,20254,0,상대적으로낮음,0,상대적으로낮음,93,상대적으로높음,1819,상대적으로높음,55053.3,상대적으로높음,19500.8,-23.32,True,43483.48,-2.99,True,222.0,False,True,True,True,True,0,2,2,1
1111060000,서울특별시,종로구,가회동,종로구 가회동,2025-12,2026-05,안심시설수 2023-04-21; 유흥시설수 2026-06-17,20254,41,보통,1,보통,71,상대적으로낮음,610,보통,5963.09,상대적으로낮음,17000.0,-33.15,True,29500.0,-34.19,True,6.0,False,True,True,True,True,0,0,2,0
1111058000,서울특별시,종로구,교남동,종로구 교남동,2025-12,2026-05,안심시설수 2023-04-21; 유흥시설수 2026-06-17,20254,58,상대적으로높음,2,보통,66,상대적으로낮음,295,상대적으로낮음,7248.76,상대적으로낮음,49397.09,94.25,False,98680.07,120.15,False,76.0,False,True,True,True,True,1,0,0,0
1111057000,서울특별시,종로구,무악동,종로구 무악동,2025-12,2026-05,안심시설수 2023-04-21; 유흥시설수 2026-06-17,20254,3,보통,0,상대적으로낮음,57,상대적으로낮음,167,상대적으로낮음,6197.2,상대적으로낮음,53594.74,110.76,False,75108.33,67.56,False,19.0,False,True,True,True,True,0,0,0,0
1111055000,서울특별시,종로구,부암동,종로구 부암동,2025-12,2026-05,안심시설수 2023-04-21; 유흥시설수 2026-06-17,20254,30,보통,0,상대적으로낮음,78,보통,435,상대적으로낮음,11338.52,상대적으로낮음,19741.18,-22.37,True,47800.0,6.64,False,17.0,False,True,True,True,True,0,0,1,0
1111053000,서울특별시,종로구,사직동,종로구 사직동,2025-12,2026-05,안심시설수 2023-04-21; 유흥시설수 2026-06-17,20254,18,보통,12,상대적으로높음,92,상대적으로높음,2655,상대적으로높음,23617.04,보통,29233.33,14.96,False,88033.33,96.4,False,33.0,False,True,True,True,True,0,2,0,0
1111054000,서울특별시,종로구,삼청동,종로구 삼청동,2025-12,2026-05,안심시설수 2023-04-21; 유흥시설수 2026-06-17,20254,0,상대적으로낮음,0,상대적으로낮음,68,상대적으로낮음,714,보통,7175.33,상대적으로낮음,12075.0,-52.52,True,,,,2.0,True,True,True,True,True,0,0,1,0
1111070000,서울특별시,종로구,숭인1동,종로구 숭인1동,2025-12,2026-05,안심시설수 2023-04-21; 유흥시설수 2026-06-17,20254,15,보통,0,상대적으로낮음,65,상대적으로낮음,259,상대적으로낮음,8254.54,상대적으로낮음,10820.71,-57.45,True,30081.88,-32.89,True,63.0,False,True,True,True,True,0,0,2,0
1111071000,서울특별시,종로구,숭인2동,종로구 숭인2동,2025-12,2026-05,안심시설수 2023-04-21; 유흥시설수 2026-06-17,20254,14,보통,16,상대적으로높음,82,보통,831,보통,12095.7,상대적으로낮음,10820.71,-57.45,True,30081.88,-32.89,True,63.0,False,True,True,True,True,0,0,2,0
1111064000,서울특별시,종로구,이화동,종로구 이화동,2025-12,2026-05,안심시설수 2023-04-21; 유흥시설수 2026-06-17,20254,16,보통,0,상대적으로낮음,81,보통,675,보통,35474.74,상대적으로높음,4392.59,-82.73,True,8250.0,-81.59,True,27.0,False,True,True,True,True,0,0,2,1
1111061500,서울특별시,종로구,종로1·2·3·4가동,종로구 종로1·2·3·4가동,2025-12,2026-05,안심시설수 2023-04-21; 유흥시설수 2026-06-17,20254,0,상대적으로낮음,127,상대적으로높음,95,상대적으로높음,9877,상대적으로높음,62174.58,상대적으로높음,4316.67,-83.03,True,31260.0,-30.26,True,54.0,False,True,True,True,True,0,2,2,1
1111063000,서울특별시,종로구,종로5·6가동,종로구 종로5·6가동,2025-12,2026-05,안심시설수 2023-04-21; 유흥시설수 2026-06-17,20254,0,상대적으로낮음,80,상대적으로높음,83,보통,1873,상대적으로높음,14239.19,보통,13652.72,-46.31,True,42437.5,-5.32,True,36.0,False,True,True,True,True,0,1,2,0
1111067000,서울특별시,종로구,창신1동,종로구 창신1동,2026-01,2026-05,안심시설수 2023-04-21; 유흥시설수 2026-06-17,20254,29,보통,19,상대적으로높음,78,보통,1538,보통,8387.91,상대적으로낮음,7875.0,-76.8,True,7875.0,-85.16,True,0.33,True,True,True,True,True,0,0,2,0
1111068000,서울특별시,종로구,창신2동,종로구 창신2동,2026-01,2026-05,안심시설수 2023-04-21; 유흥시설수 2026-06-17,20254,59,상대적으로높음,1,보통,61,상대적으로낮음,346,상대적으로낮음,6832.28,상대적으로낮음,7875.0,-76.8,True,7875.0,-85.16,True,0.33,True,True,True,True,True,1,0,2,0
1111069000,서울특별시,종로구,창신3동,종로구 창신3동,2026-01,2026-05,안심시설수 2023-04-21; 유흥시설수 2026-06-17,20254,19,보통,0,상대적으로낮음,48,상대적으로낮음,158,상대적으로낮음,4816.64,상대적으로낮음,7875.0,-76.8,True,7875.0,-85.16,True,0.33,True,True,True,True,True,0,0,2,0
1111051500,서울특별시,종로구,청운효자동,종로구 청운효자동,2025-12,2026-05,안심시설수 2023-04-21; 유흥시설수 2026-06-17,20254,33,보통,0,상대적으로낮음,77,보통,917,보통,17792.93,보통,20133.12,-20.83,True,32518.0,-27.45,True,33.0,False,True,True,True,True,0,0,2,0
1111056000,서울특별시,종로구,평창동,종로구 평창동,2025-12,2026-05,안심시설수 2023-04-21; 유흥시설수 2026-06-17,20254,27,보통,4,보통,82,보통,635,보통,18571.9,보통,25678.57,0.98,False,33750.0,-24.71,True,14.0,False,True,True,True,True,0,0,1,0
1111065000,서울특별시,종로구,혜화동,종로구 혜화동,2025-12,2026-05,안심시설수 2023-04-21; 유흥시설수 2026-06-17,20254,100,상대적으로높음,0,상대적으로낮음,85,보통,1331,보통,32925.09,상대적으로높음,7408.78,-70.87,True,24950.0,-44.34,True,131.0,False,True,True,True,True,1,0,2,1
1114059000,서울특별시,중구,광희동,중구 광희동,2025-12,2026-05,안심시설수 2023-04-21; 유흥시설수 2026-06-17,20254,0,상대적으로낮음,59,상대적으로높음,93,상대적으로높음,4885,상대적으로높음,23325.89,보통,14810.7,-41.76,True,30964.17,-30.92,True,39.5,False,True,True,True,True,0,2,2,0
1114062500,서울특별시,중구,다산동,중구 다산동,2025-12,2026-05,안심시설수 2023-04-21; 유흥시설수 2026-06-17,20254,0,상대적으로낮음,2,보통,84,보통,809,보통,13634.37,상대적으로낮음,23314.58,-8.32,True,44377.32,-1.0,True,19.09,False,True,True,True,True,0,0,2,0
1114066500,서울특별시,중구,동화동,중구 동화동,2025-12,2026-05,안심시설수 2023-04-21; 유흥시설수 2026-06-17,20254,29,보통,2,보통,78,보통,531,상대적으로낮음,11940.37,상대적으로낮음,23314.58,-8.32,True,44377.32,-1.0,True,19.09,False,True,True,True,True,0,0,2,0
1114055000,서울특별시,중구,명동,중구 명동,2025-12,2026-05,안심시설수 2023-04-21; 유흥시설수 2026-06-17,20254,51,상대적으로높음,23,상대적으로높음,90,보통,4294,상대적으로높음,38080.27,상대적으로높음,11921.43,-53.12,True,39110.0,-12.75,True,21.0,False,True,True,True,True,1,1,2,1
1114052000,서울특별시,중구,소공동,중구 소공동,2025-12,2026-05,안심시설수 2023-04-21; 유흥시설수 2026-06-17,20254,0,상대적으로낮음,27,상대적으로높음,86,보통,2681,상대적으로높음,23696.0,보통,29785.71,17.13,False,56200.0,25.38,False,7.0,False,True,True,True,True,0,1,0,0
1114061000,서울특별시,중구,신당1동,중구 신당1동,2025-12,,안심시설수 2023-04-21; 유흥시설수 2026-06-17,20254,0,상대적으로낮음,0,상대적으로낮음,0,상대적으로낮음,0,상대적으로낮음,,데이터없음,20149.64,-20.76,True,44185.61,-1.42,True,28.59,False,True,True,False,True,0,0,2,0
1114062000,서울특별시,중구,신당2동,중구 신당2동,2025-12,,안심시설수 2023-04-21; 유흥시설수 2026-06-17,20254,0,상대적으로낮음,0,상대적으로낮음,0,상대적으로낮음,0,상대적으로낮음,,데이터없음,23314.58,-8.32,True,44377.32,-1.0,True,19.09,False,True,True,False,True,0,0,2,0
1114063000,서울특별시,중구,신당3동,중구 신당3동,2025-12,,안심시설수 2023-04-21; 유흥시설수 2026-06-17,20254,0,상대적으로낮음,0,상대적으로낮음,0,상대적으로낮음,0,상대적으로낮음,,데이터없음,23314.58,-8.32,True,44377.32,-1.0,True,19.09,False,True,True,False,True,0,0,2,0
1114064000,서울특별시,중구,신당4동,중구 신당4동,2025-12,,안심시설수 2023-04-21; 유흥시설수 2026-06-17,20254,0,상대적으로낮음,0,상대적으로낮음,0,상대적으로낮음,0,상대적으로낮음,,데이터없음,23314.58,-8.32,True,44377.32,-1.0,True,19.09,False,True,True,False,True,0,0,2,0
1114065000,서울특별시,중구,신당5동,중구 신당5동,2025-12,2026-05,안심시설수 2023-04-21; 유흥시설수 2026-06-17,20254,50,상대적으로높음,11,상대적으로높음,83,보통,720,보통,6572.16,상대적으로낮음,23314.58,-8.32,True,44377.32,-1.0,True,19.09,False,True,True,True,True,1,0,2,0
1114066000,서울특별시,중구,신당6동,중구 신당6동,2025-12,,안심시설수 2023-04-21; 유흥시설수 2026-06-17,20254,0,상대적으로낮음,0,상대적으로낮음,0,상대적으로낮음,0,상대적으로낮음,,데이터없음,23314.58,-8.32,True,44377.32,-1.0,True,19.09,False,True,True,False,True,0,0,2,0
1114061500,서울특별시,중구,신당동,중구 신당동,2025-12,2026-05,안심시설수 2023-04-21; 유흥시설수 2026-06-17,20254,38,보통,10,상대적으로높음,88,보통,9992,상대적으로높음,20010.37,보통,20149.64,-20.76,True,44185.61,-1.42,True,28.59,False,True,True,True,True,0,1,2,0
1114063500,서울특별시,중구,약수동,중구 약수동,2025-12,2026-05,안심시설수 2023-04-21; 유흥시설수 2026-06-17,20254,0,상대적으로낮음,0,상대적으로낮음,79,보통,632,보통,13256.97,상대적으로낮음,23314.58,-8.32,True,44377.32,-1.0,True,19.09,False,True,True,True,True,0,0,2,0
1114060500,서울특별시,중구,을지로동,중구 을지로동,2025-12,2026-05,안심시설수 2023-04-21; 유흥시설수 2026-06-17,20254,0,상대적으로낮음,46,상대적으로높음,91,상대적으로높음,2850,상대적으로높음,16048.01,보통,26715.22,5.05,False,57811.11,28.97,False,23.0,False,True,True,True,True,0,2,0,0
1114058000,서울특별시,중구,장충동,중구 장충동,2025-12,2026-05,안심시설수 2023-04-21; 유흥시설수 2026-06-17,20254,38,보통,2,보통,68,상대적으로낮음,495,상대적으로낮음,11700.07,상대적으로낮음,7695.74,-69.74,True,25295.71,-43.57,True,30.5,False,True,True,True,True,0,0,2,0
1114068000,서울특별시,중구,중림동,중구 중림동,2025-12,2026-05,안심시설수 2023-04-21; 유흥시설수 2026-06-17,20254,77,상대적으로높음,6,보통,79,보통,626,보통,7825.93,상대적으로낮음,41619.12,63.66,False,65764.63,46.72,False,77.0,False,True,True,True,True,1,0,0,0
1114064500,서울특별시,중구,청구동,중구 청구동,2025-12,2026-05,안심시설수 2023-04-21; 유흥시설수 2026-06-17,20254,57,상대적으로높음,2,보통,76,보통,437,상대적으로낮음,9133.28,상대적으로낮음,23314.58,-8.32,True,44377.32,-1.0,True,19.09,False,True,True,True,True,1,0,2,0
1114057000,서울특별시,중구,필동,중구 필동,2025-12,2026-05,안심시설수 2023-04-21; 유흥시설수 2026-06-17,20254,44,보통,30,상대적으로높음,90,보통,1160,보통,14332.37,보통,11719.78,-53.91,True,40026.07,-10.7,True,34.5,False,True,True,True,True,0,0,2,0
1114067000,서울특별시,중구,황학동,중구 황학동,2025-12,2026-05,안심시설수 2023-04-21; 유흥시설수 2026-06-17,20254,8,보통,19,상대적으로높음,85,보통,1305,보통,12165.74,상대적으로낮음,20945.39,-17.63,True,32320.8,-27.89,True,96.0,False,True,True,True,True,0,0,2,0
1114054000,서울특별시,중구,회현동,중구 회현동,2025-12,2026-05,안심시설수 2023-04-21; 유흥시설수 2026-06-17,20254,0,상대적으로낮음,12,상대적으로높음,85,보통,4752,상대적으로높음,26799.06,보통,49286.96,93.82,False,93100.0,107.7,False,11.5,False,True,True,True,True,0,1,0,0
1126066000,서울특별시,중랑구,망우3동,중랑구 망우3동,2026-01,2026-05,안심시설수 2023-04-21; 유흥시설수 2026-06-17,20254,0,상대적으로낮음,2,보통,75,상대적으로낮음,500,상대적으로낮음,9350.88,상대적으로낮음,23500.0,-30.78,True,23500.0,-55.7,True,0.5,True,True,True,True,True,0,0,2,0
1126065500,서울특별시,중랑구,망우본동,중랑구 망우본동,2026-01,2026-05,안심시설수 2023-04-21; 유흥시설수 2026-06-17,20254,69,상대적으로높음,17,상대적으로높음,92,상대적으로높음,1911,상대적으로높음,39308.69,상대적으로높음,23500.0,-30.78,True,23500.0,-55.7,True,0.5,True,True,True,True,True,1,2,2,1
1126052000,서울특별시,중랑구,면목2동,중랑구 면목2동,2025-12,2026-05,안심시설수 2023-04-21; 유흥시설수 2026-06-17,20254,30,보통,2,보통,86,보통,1063,보통,19108.29,보통,13868.36,-45.46,True,26519.35,-40.84,True,66.5,False,True,True,True,True,0,0,2,0
1126057500,서울특별시,중랑구,면목3·8동,중랑구 면목3·8동,2025-12,2026-05,안심시설수 2023-04-21; 유흥시설수 2026-06-17,20254,92,상대적으로높음,8,보통,90,보통,1288,보통,20053.62,보통,13868.36,-45.46,True,26519.35,-40.84,True,66.5,False,True,True,True,True,1,0,2,0
1126054000,서울특별시,중랑구,면목4동,중랑구 면목4동,2025-12,2026-05,안심시설수 2023-04-21; 유흥시설수 2026-06-17,20254,13,보통,1,보통,72,상대적으로낮음,525,상대적으로낮음,14737.35,보통,13868.36,-45.46,True,26519.35,-40.84,True,66.5,False,True,True,True,True,0,0,2,0
1126055000,서울특별시,중랑구,면목5동,중랑구 면목5동,2025-12,2026-05,안심시설수 2023-04-21; 유흥시설수 2026-06-17,20254,38,보통,1,보통,77,보통,437,상대적으로낮음,11202.45,상대적으로낮음,13868.36,-45.46,True,26519.35,-40.84,True,66.5,False,True,True,True,True,0,0,2,0
1126057000,서울특별시,중랑구,면목7동,중랑구 면목7동,2025-12,2026-05,안심시설수 2023-04-21; 유흥시설수 2026-06-17,20254,32,보통,4,보통,80,보통,910,보통,14748.63,보통,13868.36,-45.46,True,26519.35,-40.84,True,66.5,False,True,True,True,True,0,0,2,0
1126056500,서울특별시,중랑구,면목본동,중랑구 면목본동,2025-12,2026-05,안심시설수 2023-04-21; 유흥시설수 2026-06-17,20254,57,상대적으로높음,10,상대적으로높음,91,상대적으로높음,1546,보통,27102.73,보통,13868.36,-45.46,True,26519.35,-40.84,True,66.5,False,True,True,True,True,1,1,2,0
1126062000,서울특별시,중랑구,묵1동,중랑구 묵1동,2025-12,2026-05,안심시설수 2023-04-21; 유흥시설수 2026-06-17,20254,17,보통,11,상대적으로높음,85,보통,1040,보통,24044.11,보통,13844.96,-45.56,True,28028.23,-37.47,True,69.0,False,True,True,True,True,0,0,2,0
1126063000,서울특별시,중랑구,묵2동,중랑구 묵2동,2025-12,2026-05,안심시설수 2023-04-21; 유흥시설수 2026-06-17,20254,0,상대적으로낮음,15,상대적으로높음,83,보통,899,보통,17877.02,보통,13844.96,-45.56,True,28028.23,-37.47,True,69.0,False,True,True,True,True,0,0,2,0
1126058000,서울특별시,중랑구,상봉1동,중랑구 상봉1동,2025-12,2026-05,안심시설수 2023-04-21; 유흥시설수 2026-06-17,20254,2,보통,0,상대적으로낮음,80,보통,825,보통,17946.24,보통,13735.27,-45.99,True,27055.24,-39.64,True,140.5,False,True,True,True,True,0,0,2,0
1126059000,서울특별시,중랑구,상봉2동,중랑구 상봉2동,2025-12,2026-05,안심시설수 2023-04-21; 유흥시설수 2026-06-17,20254,25,보통,28,상대적으로높음,90,보통,1622,보통,23166.76,보통,13735.27,-45.99,True,27055.24,-39.64,True,140.5,False,True,True,True,True,0,0,2,0
1126068000,서울특별시,중랑구,신내1동,중랑구 신내1동,2025-12,2026-05,안심시설수 2023-04-21; 유흥시설수 2026-06-17,20254,25,보통,0,상대적으로낮음,87,보통,1230,보통,32414.74,보통,15823.73,-37.77,True,33106.48,-26.14,True,104.5,False,True,True,True,True,0,0,2,0
1126069000,서울특별시,중랑구,신내2동,중랑구 신내2동,2025-12,2026-05,안심시설수 2023-04-21; 유흥시설수 2026-06-17,20254,0,상대적으로낮음,0,상대적으로낮음,80,보통,681,보통,13053.02,상대적으로낮음,15823.73,-37.77,True,33106.48,-26.14,True,104.5,False,True,True,True,True,0,0,2,0
1126060000,서울특별시,중랑구,중화1동,중랑구 중화1동,2025-12,2026-05,안심시설수 2023-04-21; 유흥시설수 2026-06-17,20254,35,보통,0,상대적으로낮음,78,보통,604,보통,14751.64,보통,13508.84,-46.88,True,23845.37,-46.8,True,60.5,False,True,True,True,True,0,0,2,0
1126061000,서울특별시,중랑구,중화2동,중랑구 중화2동,2025-12,2026-05,안심시설수 2023-04-21; 유흥시설수 2026-06-17,20254,24,보통,4,보통,83,보통,1199,보통,24726.82,보통,13508.84,-46.88,True,23845.37,-46.8,True,60.5,False,True,True,True,True,0,0,2,0
