region_id,area_km2,centroid_lon,centroid_lat,map_x,map_y
1111051500,2.56856,126.969917,37.584414,0.49047,0.427536
1111053000,1.157671,126.970376,37.573888,0.491389,0.466057
1111054000,1.477188,126.981206,37.588364,0.517451,0.413269
1111055000,2.273287,126.963544,37.596961,0.475493,0.381521
1111056000,8.940413,126.968126,37.615686,0.486731,0.313083
1111057000,0.369245,126.958586,37.577111,0.46333,0.454071
1111058000,0.346667,126.964118,37.571065,0.476418,0.476284
1111060000,0.5396,126.986547,37.582514,0.530089,0.434757
1111061500,2.414221,126.989865,37.575185,0.53788,0.461627
1111063000,0.602713,127.004399,37.572858,0.5725,0.470369
1111064000,0.78181,127.003022,37.57972,0.569326,0.445237
1111065000,1.131702,126.99743,37.587471,0.556116,0.416793
1111067000,0.304915,127.013804,37.572369,0.594918,0.472299
1111068000,0.257321,127.010188,37.576027,0.586355,0.45886
1111069000,0.216672,127.013222,37.578954,0.593633,0.448197
1111070000,0.239215,127.016891,37.577183,0.602354,0.454733
1111071000,0.35164,127.020343,37.57449,0.610543,0.464636
1114052000,0.94309,126.974375,37.564259,0.500762,0.501354
1114054000,0.897156,126.977102,37.556941,0.507143,0.528176
1114055000,0.968876,126.984304,37.563952,0.524436,0.50264
1114057000,1.463587,126.993771,37.556866,0.546899,0.528718
1114058000,1.017022,127.002166,37.555562,0.5669,0.533618
1114059000,0.736652,127.003764,37.565157,0.570864,0.498537
1114060500,0.611192,126.996561,37.566621,0.55371,0.493068
1114061500,0.534538,127.013704,37.565692,0.594578,0.496729
1114062500,0.52371,127.008355,37.554933,0.581653,0.536013
1114063500,0.485866,127.010288,37.550149,0.586187,0.553548
1114064500,0.342312,127.015188,37.556882,0.59798,0.528989
1114065000,0.319348,127.021867,37.563635,0.614012,0.504376
1114066500,0.326798,127.018652,37.56071,0.606301,0.515031
1114067000,0.328391,127.020846,37.568535,0.611651,0.486433
1114068000,0.48393,126.966037,37.557347,0.480759,0.52651
1117051000,0.86527,126.980615,37.549906,0.515406,0.553974
1117052000,1.970115,126.985086,37.537884,0.525874,0.598035
1117053000,1.176909,126.974828,37.54403,0.501505,0.575381
1117055500,0.885524,126.966843,37.547582,0.482516,0.562253
1117056000,0.588618,126.966558,37.537495,0.481664,0.599154
1117057000,0.708449,126.95246,37.533853,0.447969,0.612245
1117058000,0.445874,126.960944,37.542812,0.468363,0.579607
1117059000,0.277325,126.958513,37.537979,0.462481,0.597251
1117062500,2.867676,126.968592,37.529127,0.486376,0.629809
1117063000,2.870622,126.971758,37.515173,0.493696,0.680915
1117064000,1.204648,126.954206,37.522857,0.451942,0.65251
1117065000,0.582409,126.993242,37.533361,0.545257,0.61471
1117066000,0.873533,126.992055,37.541761,0.542563,0.583958
1117068500,3.029595,127.005176,37.537527,0.573796,0.599655
1117069000,2.8151,126.98892,37.519622,0.534722,0.664914
1117070000,0.714656,127.000901,37.526886,0.563427,0.63852
1120052000,0.37226,127.027726,37.56145,0.627952,0.512458
1120053500,0.709747,127.029605,37.566853,0.632514,0.492716
1120054000,1.034156,127.040597,37.567419,0.658735,0.490803
1120055000,1.168661,127.045395,37.558122,0.670043,0.524889
1120056000,0.57313,127.036174,37.559088,0.648066,0.521222
1120057000,0.457322,127.029656,37.556675,0.632483,0.529959
1120058000,0.553165,127.033723,37.55088,0.642096,0.55122
1120059000,0.445097,127.024982,37.553585,0.621288,0.541195
1120061500,0.630719,127.019968,37.551403,0.609297,0.549105
1120062000,0.831189,127.02416,37.545391,0.619204,0.571164
1120064500,1.920742,127.020581,37.540847,0.610598,0.587739
1120065000,1.884442,127.042267,37.540791,0.662329,0.588257
1120066000,0.929378,127.043649,37.549015,0.665747,0.558187
1120067000,1.184061,127.055308,37.536354,0.693377,0.604675
1120069000,1.053697,127.058083,37.54557,0.700127,0.570991
1120072000,0.681394,127.064263,37.552373,0.714964,0.546186
1120079000,2.375334,127.057472,37.558917,0.698858,0.52215
1121571000,1.135422,127.073201,37.543244,0.736158,0.579707
1121573000,0.73746,127.073708,37.553042,0.737499,0.543862
1121574000,0.614034,127.077685,37.5621,0.747107,0.510774
1121575000,0.545123,127.084579,37.558909,0.763507,0.522539
1121576000,0.601404,127.082017,37.567911,0.757517,0.489569
1121577000,2.311687,127.094494,37.563874,0.787219,0.504498
1121578000,1.091267,127.081791,37.55059,0.756746,0.552939
1121581000,2.391914,127.104714,37.547823,0.811388,0.563354
1121582000,0.568431,127.080454,37.535591,0.753358,0.607805
1121583000,1.656251,127.082751,37.529103,0.758752,0.631572
1121584000,1.195503,127.071018,37.531367,0.730787,0.623134
1121584700,1.179146,127.063621,37.533751,0.713172,0.614312
1121585000,0.594547,127.085719,37.541632,0.765997,0.585768
1121586000,1.386972,127.094857,37.551104,0.787918,0.551228
1121587000,1.02677,127.094222,37.536958,0.786222,0.602977
1123053600,1.617172,127.032454,37.57556,0.639438,0.460902
1123054500,1.180808,127.037225,37.583749,0.650935,0.431005
1123056000,1.125837,127.050954,37.579219,0.683604,0.447774
1123057000,0.976821,127.061118,37.580698,0.707858,0.442504
1123060000,0.787641,127.051876,37.571278,0.685688,0.476842
1123061000,0.875076,127.061036,37.57078,0.707523,0.478793
1123065000,1.341141,127.068521,37.566238,0.725311,0.495509
1123066000,0.995877,127.072073,37.575642,0.733908,0.461149
1123070500,1.203482,127.045216,37.588841,0.670061,0.412488
1123071000,0.766332,127.051512,37.593717,0.68514,0.394735
1123072000,0.521398,127.062601,37.591955,0.71155,0.401334
1123073000,1.112758,127.065822,37.586641,0.719156,0.420821
1123074000,1.03801,127.060446,37.597368,0.706491,0.3815
1123075000,0.724017,127.067516,37.602841,0.723417,0.36157
1126052000,0.762536,127.07784,37.589288,0.747844,0.411297
1126054000,0.842818,127.085374,37.573618,0.765597,0.468728
1126055000,0.704395,127.07888,37.582518,0.750232,0.436081
1126056500,0.848366,127.089379,37.588316,0.775341,0.415001
1126057000,1.234524,127.092798,37.577139,0.783346,0.455942
1126057500,1.613531,127.098349,37.584489,0.796675,0.429118
1126058000,0.853122,127.089446,37.601722,0.775675,0.36595
1126059000,0.676925,127.084015,37.594321,0.762632,0.39296
1126060000,0.641441,127.083071,37.602593,0.760491,0.362682
1126061000,1.016176,127.075029,37.599182,0.741276,0.375057
1126062000,1.237485,127.082533,37.613726,0.759357,0.321939
1126063000,0.668691,127.074623,37.610826,0.740466,0.332446
1126065500,2.94796,127.107442,37.602137,0.818576,0.364656
1126066000,0.961818,127.102829,37.591885,0.80745,0.402111
1126068000,2.602779,127.10404,37.613163,0.810607,0.324271
1126069000,0.910609,127.091587,37.610984,0.7809,0.33209
1129052500,2.877618,126.994132,37.596683,0.548402,0.383035
1129055500,0.925528,127.011707,37.586553,0.590138,0.420369
1129057500,0.72426,127.018515,37.593649,0.606479,0.394507
1129058000,0.488925,127.024398,37.599751,0.620596,0.372268
1129059000,0.518094,127.011601,37.597082,0.59005,0.381844
1129060000,1.378526,127.02722,37.587727,0.627142,0.416304
1129061000,0.552588,127.019131,37.582826,0.607782,0.43412
1129062000,0.411654,127.016982,37.60328,0.602972,0.359247
1129063000,1.094064,127.008499,37.603675,0.58276,0.357674
1129064000,3.324627,126.99459,37.612097,0.549742,0.326642
1129065000,3.568232,126.994897,37.623948,0.550666,0.283285
1129066000,0.79671,127.019743,37.608224,0.609629,0.341199
1129068500,0.587557,127.027164,37.608287,0.627317,0.341077
1129070500,1.403462,127.033866,37.597441,0.643129,0.380858
1129071500,0.801149,127.036551,37.607834,0.649685,0.342871
1129072500,1.364206,127.045403,37.603228,0.670715,0.359849
1129076000,0.708007,127.044655,37.615099,0.669106,0.316403
1129077000,0.67904,127.051898,37.612349,0.686329,0.326568
1129078000,0.652104,127.05345,37.618258,0.69011,0.304967
1129081000,1.70387,127.061358,37.608278,0.708816,0.341593
1130553400,0.923394,127.01493,37.623804,0.598399,0.284118
1130553500,0.840568,127.026389,37.628643,0.625778,0.266583
1130554500,1.07498,127.032983,37.617672,0.641327,0.306821
1130555500,0.929209,127.024908,37.618186,0.622092,0.304823
1130557500,0.621441,127.016525,37.617159,0.602097,0.308455
1130564500,10.579835,127.000487,37.660353,0.564567,0.150166
1130566000,2.99571,127.003548,37.637405,0.571494,0.234181
1132051100,1.121318,127.043542,37.647091,0.66692,0.19933
1132051200,0.653945,127.036767,37.642512,0.650713,0.215989
1132051300,0.654987,127.041725,37.637294,0.662447,0.235151
1132051400,1.138803,127.050909,37.652719,0.684549,0.17884
1132051500,0.700943,127.042789,37.655372,0.665247,0.169019
1132052100,8.445069,127.026798,37.685321,0.627611,0.059203
1132052200,1.118179,127.047703,37.681255,0.677324,0.074384
1132066000,1.174886,127.019516,37.653069,0.609776,0.177107
1132067000,0.540782,127.036918,37.65711,0.651287,0.162577
1132068000,0.504423,127.030588,37.647663,0.636068,0.19705
1132068100,0.554447,127.030421,37.655429,0.635787,0.168632
1132069000,1.040066,127.043477,37.665045,0.667025,0.133637
1132070000,1.091986,127.032692,37.669186,0.641401,0.118328
1132071000,1.94955,127.023563,37.66319,0.619571,0.140136
1135056000,1.140715,127.058339,37.621926,0.701813,0.291613
1135057000,2.003761,127.051296,37.633974,0.685201,0.247432
1135058000,1.133291,127.064829,37.624458,0.717313,0.282437
1135059500,1.262293,127.072554,37.624213,0.735719,0.283436
1135060000,6.979651,127.094322,37.631623,0.787685,0.256607
1135061100,1.52589,127.075068,37.638514,0.741902,0.231145
1135061200,0.499676,127.064966,37.635047,0.717786,0.243696
1135061900,2.181556,127.08602,37.648629,0.76813,0.194274
1135062100,0.622973,127.073701,37.650149,0.738803,0.188553
1135062400,1.518105,127.082516,37.659364,0.759924,0.154952
1135062500,0.91838,127.065894,37.64344,0.720114,0.212998
1135063000,5.398484,127.065115,37.683386,0.718814,0.066823
1135064000,0.622649,127.0671,37.656652,0.72317,0.164672
1135066500,5.207883,127.084219,37.67578,0.764199,0.094907
1135067000,0.906113,127.069999,37.66601,0.730203,0.130471
1135069500,1.449154,127.060101,37.648662,0.706387,0.193813
1135070000,0.66584,127.053504,37.666525,0.690928,0.128361
1135071000,0.718979,127.062182,37.6676,0.711609,0.124545
1135072000,0.808597,127.058384,37.659718,0.702453,0.153334
1138051000,1.792889,126.934574,37.605307,0.406585,0.350488
1138052000,3.122614,126.938659,37.61687,0.416529,0.308251
1138053000,1.395058,126.928699,37.624279,0.392926,0.28097
1138055100,0.960364,126.914737,37.625194,0.359674,0.277369
1138055200,0.984441,126.912452,37.61798,0.354095,0.303723
1138056000,1.388755,126.907309,37.611069,0.341706,0.328917
1138057000,0.851065,126.923154,37.612256,0.379494,0.324861
1138058000,1.109044,126.927065,37.598345,0.38856,0.375831
1138059000,0.75469,126.922896,37.592093,0.378506,0.398633
1138060000,0.752219,126.917554,37.588926,0.365713,0.410126
1138062500,1.156691,126.91462,37.604572,0.359011,0.352824
1138063100,0.80772,126.908506,37.59914,0.344335,0.372589
1138063200,1.045454,126.9062,37.592855,0.338718,0.395541
1138064000,0.807136,126.90594,37.584128,0.337933,0.427469
1138065000,1.288994,126.894531,37.58559,0.310761,0.421906
1138069000,11.556756,126.937823,37.639678,0.414946,0.224786
1141052000,0.982086,126.956654,37.57132,0.458623,0.475228
1141055500,0.458652,126.95502,37.559291,0.454517,0.519214
1141056500,1.115171,126.958319,37.563941,0.462465,0.502254
1141058500,2.71822,126.941579,37.564076,0.422546,0.501474
1141061500,2.927088,126.932793,37.572229,0.401741,0.47149
1141062000,1.234833,126.94432,37.583405,0.429425,0.4308
1141064000,1.207992,126.951615,37.592386,0.446975,0.398063
1141065500,0.699458,126.952514,37.584386,0.448978,0.427348
1141066000,1.597573,126.946935,37.600635,0.435964,0.367799
1141068500,2.07351,126.932129,37.587171,0.400429,0.416807
1141069000,0.475186,126.916279,37.571817,0.362354,0.472702
1141070000,0.783037,126.921346,37.577928,0.37455,0.450435
1141071000,0.577555,126.908097,37.575416,0.342911,0.459386
1141072000,0.824345,126.913339,37.581177,0.355519,0.438402
1144055500,0.748278,126.952706,37.551851,0.44887,0.546395
1144056500,1.018523,126.957945,37.549318,0.461322,0.555751
1144058500,0.624554,126.949108,37.538644,0.440056,0.594657
1144059000,0.790016,126.942213,37.541529,0.423657,0.583984
1144060000,0.84757,126.941465,37.552037,0.422061,0.545524
1144061000,0.496964,126.947537,37.549898,0.436506,0.553454
1144063000,0.79729,126.934793,37.545656,0.406032,0.568754
1144065500,1.477694,126.926031,37.54673,0.38515,0.564669
1144066000,1.677535,126.920937,37.554748,0.373148,0.535241
1144068000,1.711131,126.908957,37.546963,0.344427,0.563509
1144069000,1.100198,126.899752,37.553619,0.322596,0.538984
1144070000,0.675915,126.900177,37.558988,0.323711,0.519349
1144071000,0.646963,126.921537,37.563018,0.374731,0.504993
1144072000,0.858623,126.911846,37.562002,0.351599,0.508535
1144073000,1.977273,126.901968,37.568329,0.328161,0.485204
1144074000,8.396291,126.879901,37.570726,0.275587,0.476015
1147051000,1.432068,126.874435,37.527519,0.261691,0.634003
1147052000,1.020612,126.874287,37.543632,0.261659,0.575042
1147053000,0.531464,126.865551,37.545167,0.240851,0.569257
1147054000,0.577074,126.866956,37.535353,0.244005,0.605191
1147055000,1.765074,126.879882,37.536052,0.274856,0.602887
1147056000,0.621952,126.834489,37.531269,0.16646,0.619482
1147057000,0.606373,126.846326,37.523421,0.194538,0.648439
1147058000,0.91738,126.827463,37.532448,0.14972,0.615024
1147059000,0.469535,126.839853,37.522155,0.179066,0.65294
1147060000,0.638108,126.829436,37.540901,0.15461,0.584134
1147061000,0.443966,126.842162,37.515985,0.184447,0.675565
1147061100,1.229743,126.830604,37.519054,0.156931,0.664097
1147062000,0.747026,126.859671,37.518906,0.226288,0.665229
1147063000,0.525516,126.874794,37.519407,0.262386,0.663689
1147064000,2.754548,126.841093,37.511806,0.181808,0.690833
1147065000,0.996421,126.857618,37.525411,0.221523,0.641387
1147067000,0.940201,126.869767,37.515884,0.25032,0.676484
1147068000,1.233234,126.865408,37.509877,0.239796,0.698378
1150051000,1.733196,126.871801,37.554545,0.255948,0.535065
1150052000,0.650269,126.85961,37.555859,0.226896,0.530017
1150053000,0.910006,126.860027,37.545844,0.227688,0.56667
1150053500,1.059597,126.846195,37.561204,0.195012,0.510193
1150054000,1.196655,126.840922,37.533773,0.18186,0.610452
1150055000,0.454292,126.854383,37.532262,0.213943,0.616254
1150056000,0.521444,126.834305,37.543994,0.166291,0.572918
1150057000,0.851432,126.858597,37.536081,0.224076,0.602364
1150059000,0.971674,126.848118,37.542636,0.199213,0.578172
1150059100,1.037161,126.851231,37.551721,0.206826,0.54499
1150059300,0.593251,126.848773,37.534267,0.2006,0.608805
1150060300,4.865765,126.834908,37.571877,0.168321,0.470907
1150060400,0.823278,126.854357,37.566769,0.214592,0.489995
1150060500,0.472284,126.861099,37.560807,0.230548,0.511943
1150061100,2.885595,126.825262,37.550507,0.144859,0.5489
1150061500,1.260678,126.841132,37.550612,0.182714,0.548844
1150062000,10.955945,126.794899,37.555864,0.072555,0.528649
1150063000,1.474548,126.817578,37.568606,0.126924,0.482514
1150064000,6.153143,126.804027,37.582714,0.094921,0.430604
1150064100,2.557045,126.81759,37.582115,0.127246,0.433086
1153051000,1.391773,126.882175,37.51003,0.279813,0.698142
1153052000,1.008158,126.875398,37.493141,0.263305,0.759809
1153053000,1.702115,126.879918,37.496876,0.274169,0.746228
1153054000,1.039347,126.894914,37.484873,0.309733,0.790431
1153055000,0.524118,126.890309,37.491608,0.29887,0.765703
1153056000,1.011734,126.888551,37.501992,0.294874,0.727673
1153059500,0.410699,126.88806,37.482694,0.293327,0.798276
1153072000,1.150403,126.8637,37.500708,0.235534,0.731894
1153073000,1.024687,126.853469,37.505895,0.21122,0.71271
1153074000,1.319314,126.849127,37.500004,0.200735,0.73418
1153075000,0.781891,126.856485,37.492572,0.218146,0.761518
1153076000,0.827819,126.85222,37.486538,0.20784,0.783511
1153077000,0.727083,126.841648,37.496868,0.182819,0.745499
1153078000,3.058879,126.838451,37.4853,0.174944,0.787762
1153079000,2.659441,126.826017,37.498437,0.14554,0.739437
1153080000,1.445902,126.824596,37.481035,0.141775,0.803079
1154551000,2.51102,126.883791,37.476661,0.283017,0.820269
1154561000,2.060413,126.892496,37.464308,0.303561,0.865633
1154562000,0.616755,126.902732,37.46395,0.328,0.867134
1154563000,0.934299,126.904606,37.475786,0.332697,0.823859
1154564000,0.590578,126.904091,37.469175,0.331342,0.84804
1154567000,1.522242,126.900148,37.45241,0.321607,0.909307
1154568000,1.307918,126.919824,37.450904,0.368573,0.915178
1154569000,1.260465,126.906,37.440078,0.335351,0.954538
1154570000,0.821106,126.909309,37.460069,0.343631,0.881452
1154571000,1.385953,126.912357,37.447462,0.350676,0.927637
1156051500,0.845749,126.909531,37.513675,0.34517,0.685318
1156053500,1.371376,126.907599,37.521593,0.340708,0.656312
1156054000,8.431316,126.928472,37.528506,0.39064,0.631394
1156055000,0.744759,126.896779,37.523902,0.314935,0.647661
1156056000,1.579861,126.902371,37.534108,0.328472,0.610425
1156058500,0.585455,126.900558,37.509111,0.32367,0.701852
1156060500,1.785403,126.891059,37.516531,0.301143,0.674525
1156061000,0.9742,126.886718,37.525457,0.290957,0.641783
1156062000,2.872496,126.890591,37.543506,0.30055,0.575818
1156063000,0.722392,126.919479,37.512431,0.368888,0.69005
1156065000,0.519702,126.905772,37.506238,0.336059,0.712459
1156066000,0.322364,126.912829,37.50688,0.352913,0.710239
1156067000,0.49429,126.905512,37.50096,0.335337,0.731766
1156068000,0.617899,126.913588,37.498791,0.354572,0.739852
1156069000,0.646693,126.919562,37.505941,0.368966,0.713797
1156070000,0.498612,126.905216,37.493679,0.334494,0.758404
1156071000,0.572128,126.900503,37.48962,0.323165,0.773166
1156072000,0.921022,126.897142,37.500001,0.315341,0.73512
1159051000,1.612249,126.948958,37.512236,0.439233,0.69128
1159052000,0.600124,126.937809,37.510956,0.412605,0.695772
1159053000,1.481433,126.953353,37.498371,0.44948,0.742087
1159054000,0.778402,126.94187,37.503681,0.422168,0.72246
1159055000,0.636904,126.932933,37.497565,0.400726,0.744683
1159056000,0.938867,126.94067,37.497421,0.41919,0.745343
1159060500,1.707034,126.962237,37.505426,0.470807,0.716423
1159062000,0.634698,126.977518,37.479787,0.506852,0.810483
1159063000,2.761108,126.974831,37.497196,0.500727,0.746742
1159064000,0.907037,126.970977,37.488753,0.491386,0.77757
1159065000,0.435822,126.970759,37.480539,0.490728,0.807621
1159065100,0.68169,126.964959,37.485799,0.476971,0.78828
1159066000,1.543763,126.928046,37.506904,0.389232,0.710426
1159067000,0.674785,126.910672,37.489983,0.347447,0.772024
1159068000,0.969703,126.921668,37.494579,0.373783,0.75541
1162052500,0.756106,126.932576,37.4904,0.399745,0.770894
1162054500,0.296934,126.959481,37.489563,0.463958,0.774418
1162056500,0.677719,126.951047,37.48955,0.443822,0.774321
1162057500,0.7177,126.960553,37.480975,0.466369,0.805859
1162058500,2.261134,126.959843,37.467688,0.464446,0.85446
1162059500,1.194718,126.94581,37.478057,0.431119,0.816285
1162060500,0.775637,126.942099,37.486999,0.422417,0.783502
1162061500,0.384443,126.950659,37.484152,0.442803,0.794068
1162062500,1.088266,126.967561,37.4697,0.482909,0.847226
1162063000,3.278572,126.977768,37.464112,0.50719,0.86784
1162064500,0.647054,126.933332,37.480599,0.401373,0.806766
1162065500,0.544575,126.926614,37.479395,0.38531,0.811052
1162066500,0.940555,126.941492,37.472861,0.420716,0.83522
1162068500,0.64063,126.918625,37.485826,0.366356,0.787382
1162069500,0.54077,126.927168,37.487142,0.386776,0.78272
1162071500,0.820792,126.918524,37.461503,0.365666,0.876374
1162072500,0.666117,126.907348,37.482824,0.339379,0.79816
1162073500,8.398948,126.94852,37.452911,0.437148,0.908337
1162074500,2.602464,126.930089,37.460851,0.393272,0.878967
1162076500,1.35843,126.915475,37.475928,0.358652,0.82354
1162077500,0.971657,126.921138,37.470637,0.372075,0.843
1165051000,1.38164,127.020101,37.486936,0.608628,0.784987
1165052000,1.230236,127.027909,37.488828,0.627296,0.778181
1165053000,2.996312,127.009454,37.48552,0.583188,0.790008
1165053100,0.879108,127.019814,37.498947,0.608127,0.741035
1165054000,1.755542,127.012737,37.517079,0.591516,0.674586
1165055000,0.971807,126.987557,37.504212,0.531219,0.721276
1165056000,0.991618,127.016763,37.505529,0.600945,0.716909
1165057000,1.394983,126.995962,37.507225,0.551327,0.710384
1165058000,1.250766,127.003976,37.512327,0.570535,0.691839
1165058100,1.426067,127.003353,37.499551,0.568846,0.738577
1165059000,0.677002,126.987725,37.495051,0.531471,0.754798
1165060000,0.688727,126.99626,37.484877,0.55168,0.792159
1165061000,1.902603,126.988424,37.473206,0.532783,0.834737
1165062000,2.373349,126.997922,37.474372,0.555481,0.830619
1165062100,0.948815,126.990979,37.489832,0.539152,0.773944
1165065100,5.760105,127.022496,37.469501,0.614082,0.848816
1165065200,7.557413,127.045753,37.451152,0.669349,0.916287
1165066000,12.699236,127.070632,37.455859,0.728835,0.899405
1168051000,2.057678,127.020185,37.526077,0.609426,0.641775
1168052100,1.257791,127.026499,37.51187,0.624279,0.693849
1168053100,1.457417,127.036211,37.51524,0.647506,0.681661
1168054500,2.343278,127.034314,37.529752,0.643193,0.628535
1168056500,2.327443,127.050464,37.524392,0.68165,0.648376
1168058000,1.943144,127.060802,37.515304,0.70619,0.681769
1168059000,1.241326,127.048777,37.511858,0.677445,0.694215
1168060000,0.809205,127.05909,37.493363,0.701796,0.762026
1168061000,1.835962,127.065657,37.500987,0.717578,0.734219
1168063000,0.700547,127.054754,37.501565,0.691562,0.731956
1168064000,2.360341,127.035499,37.500845,0.645593,0.734322
1168065000,1.134166,127.044896,37.498484,0.667987,0.743094
1168065500,1.049811,127.041011,37.488888,0.658575,0.77815
1168065600,0.990009,127.049798,37.488276,0.679542,0.780513
1168066000,1.448844,127.062324,37.477782,0.709298,0.819079
1168067000,2.241622,127.069011,37.484674,0.725358,0.793955
1168067500,1.299293,127.078828,37.496288,0.748952,0.751588
1168069000,1.664192,127.053411,37.475333,0.687983,0.827917
1168070000,6.362006,127.104305,37.470659,0.809441,0.845685
1168072000,2.352816,127.084547,37.482309,0.762418,0.802812
1168073000,0.952738,127.089242,37.493466,0.773772,0.762046
1168075000,1.628147,127.100143,37.486921,0.799711,0.786133
1171051000,1.074462,127.11466,37.538437,0.834998,0.597815
1171052000,2.562573,127.108163,37.530167,0.819396,0.627999
1171053100,0.521901,127.141863,37.494753,0.899397,0.757964
1171053200,0.509223,127.147129,37.492297,0.911939,0.767008
1171054000,0.574808,127.156012,37.495318,0.933177,0.756052
1171055000,0.889993,127.150649,37.500532,0.920432,0.736917
1171056100,0.608787,127.122454,37.509855,0.853248,0.702488
1171056200,0.769245,127.113892,37.513247,0.832857,0.689975
1171056600,3.082692,127.128835,37.517429,0.868567,0.674849
1171057000,1.647586,127.134021,37.504005,0.880784,0.724025
1171058000,0.686394,127.110366,37.507178,0.824367,0.712138
1171059000,0.630534,127.117009,37.502853,0.840169,0.728042
1171060000,0.946184,127.102513,37.502726,0.805567,0.728332
1171061000,0.952605,127.091888,37.501903,0.780198,0.731213
1171062000,1.013952,127.121654,37.497019,0.851183,0.749443
1171063100,1.392151,127.108273,37.495188,0.819221,0.755983
1171063200,0.931587,127.130766,37.495853,0.872921,0.753815
1171064100,0.612071,127.126904,37.488443,0.863613,0.780885
1171064200,2.240296,127.119141,37.481197,0.844994,0.807306
1171064600,1.277362,127.131505,37.482974,0.874532,0.800947
1171064700,2.638595,127.141227,37.4816,0.897729,0.806084
1171065000,1.028207,127.08262,37.505988,0.758132,0.716146
1171067000,2.68479,127.079342,37.517429,0.750462,0.674243
1171068000,1.541455,127.094239,37.513897,0.785965,0.687354
1171069000,0.779601,127.109162,37.5207,0.82166,0.662649
1171071000,1.506839,127.099463,37.519772,0.798506,0.665924
1171072000,0.722932,127.073884,37.507318,0.7373,0.711165
1174051500,2.270384,127.173356,37.568941,0.975343,0.486852
1174052500,1.802632,127.164787,37.550638,0.954713,0.553733
1174052600,1.115525,127.177474,37.551856,0.984987,0.549407
1174053000,0.634447,127.145945,37.55035,0.909768,0.554588
1174054000,0.913614,127.154281,37.548236,0.929626,0.562414
1174055000,1.51581,127.150936,37.561705,0.921798,0.513093
1174056000,2.474875,127.162756,37.565104,0.950024,0.500784
1174057000,0.734908,127.134595,37.551848,0.882713,0.548978
1174058000,2.172643,127.123686,37.557033,0.856754,0.529884
1174059000,1.797967,127.138638,37.561187,0.892462,0.514855
1174060000,0.668478,127.138548,37.546325,0.892077,0.569231
1174061000,1.849737,127.122009,37.544992,0.852609,0.573918
1174062000,0.561117,127.133309,37.539693,0.879503,0.593438
1174064000,0.66316,127.12554,37.528692,0.860838,0.633602
1174065000,0.624662,127.127705,37.534402,0.866072,0.612733
1174066000,0.646853,127.133772,37.528348,0.880475,0.634955
1174068500,1.630344,127.145966,37.539696,0.909698,0.593568
1174069000,0.911467,127.140419,37.523065,0.896273,0.654359
1174070000,1.549246,127.147243,37.531308,0.91265,0.624272
