region_id,기준일자,안심시설수,유흥시설수,CCTV수,경찰시설수,매핑방법,데이터출처
1111051500,2026-06-17,0,0,,,좌표공간조인,"서울시 단란주점영업 인허가 정보, 서울시 유흥주점영업 인허가 정보"
1111053000,2026-06-17,0,12,,,좌표공간조인,"서울시 단란주점영업 인허가 정보, 서울시 유흥주점영업 인허가 정보"
1111054000,2026-06-17,0,0,,,좌표공간조인,"서울시 단란주점영업 인허가 정보, 서울시 유흥주점영업 인허가 정보"
1111055000,2026-06-17,0,0,,,좌표공간조인,"서울시 단란주점영업 인허가 정보, 서울시 유흥주점영업 인허가 정보"
1111056000,2026-06-17,0,4,,,좌표공간조인,"서울시 단란주점영업 인허가 정보, 서울시 유흥주점영업 인허가 정보"
1111057000,2026-06-17,0,0,,,좌표공간조인,"서울시 단란주점영업 인허가 정보, 서울시 유흥주점영업 인허가 정보"
1111058000,2026-06-17,0,2,,,좌표공간조인,"서울시 단란주점영업 인허가 정보, 서울시 유흥주점영업 인허가 정보"
1111060000,2026-06-17,0,1,,,좌표공간조인,"서울시 단란주점영업 인허가 정보, 서울시 유흥주점영업 인허가 정보"
1111061500,2026-06-17,0,127,,,좌표공간조인,"서울시 단란주점영업 인허가 정보, 서울시 유흥주점영업 인허가 정보"
1111063000,2026-06-17,0,80,,,좌표공간조인,"서울시 단란주점영업 인허가 정보, 서울시 유흥주점영업 인허가 정보"
1111064000,2026-06-17,0,0,,,좌표공간조인,"서울시 단란주점영업 인허가 정보, 서울시 유흥주점영업 인허가 정보"
1111065000,2026-06-17,0,0,,,좌표공간조인,"서울시 단란주점영업 인허가 정보, 서울시 유흥주점영업 인허가 정보"
1111067000,2026-06-17,0,19,,,좌표공간조인,"서울시 단란주점영업 인허가 정보, 서울시 유흥주점영업 인허가 정보"
1111068000,2026-06-17,0,1,,,좌표공간조인,"서울시 단란주점영업 인허가 정보, 서울시 유흥주점영업 인허가 정보"
1111069000,2026-06-17,0,0,,,좌표공간조인,"서울시 단란주점영업 인허가 정보, 서울시 유흥주점영업 인허가 정보"
1111070000,2026-06-17,0,0,,,좌표공간조인,"서울시 단란주점영업 인허가 정보, 서울시 유흥주점영업 인허가 정보"
1111071000,2026-06-17,0,16,,,좌표공간조인,"서울시 단란주점영업 인허가 정보, 서울시 유흥주점영업 인허가 정보"
1114052000,2026-06-17,0,27,,,좌표공간조인,"서울시 단란주점영업 인허가 정보, 서울시 유흥주점영업 인허가 정보"
1114054000,2026-06-17,0,12,,,좌표공간조인,"서울시 단란주점영업 인허가 정보, 서울시 유흥주점영업 인허가 정보"
1114055000,2026-06-17,0,23,,,좌표공간조인,"서울시 단란주점영업 인허가 정보, 서울시 유흥주점영업 인허가 정보"
1114057000,2026-06-17,0,30,,,좌표공간조인,"서울시 단란주점영업 인허가 정보, 서울시 유흥주점영업 인허가 정보"
1114058000,2026-06-17,0,2,,,좌표공간조인,"서울시 단란주점영업 인허가 정보, 서울시 유흥주점영업 인허가 정보"
1114059000,2026-06-17,0,59,,,좌표공간조인,"서울시 단란주점영업 인허가 정보, 서울시 유흥주점영업 인허가 정보"
1114060500,2026-06-17,0,46,,,좌표공간조인,"서울시 단란주점영업 인허가 정보, 서울시 유흥주점영업 인허가 정보"
1114061000,2026-06-17,0,0,,,좌표공간조인,"서울시 단란주점영업 인허가 정보, 서울시 유흥주점영업 인허가 정보"
1114061500,2026-06-17,0,10,,,좌표공간조인,"서울시 단란주점영업 인허가 정보, 서울시 유흥주점영업 인허가 정보"
1114062000,2026-06-17,0,0,,,좌표공간조인,"서울시 단란주점영업 인허가 정보, 서울시 유흥주점영업 인허가 정보"
1114062500,2026-06-17,0,2,,,좌표공간조인,"서울시 단란주점영업 인허가 정보, 서울시 유흥주점영업 인허가 정보"
1114063000,2026-06-17,0,0,,,좌표공간조인,"서울시 단란주점영업 인허가 정보, 서울시 유흥주점영업 인허가 정보"
1114063500,2026-06-17,0,0,,,좌표공간조인,"서울시 단란주점영업 인허가 정보, 서울시 유흥주점영업 인허가 정보"
1114064000,2026-06-17,0,0,,,좌표공간조인,"서울시 단란주점영업 인허가 정보, 서울시 유흥주점영업 인허가 정보"
1114064500,2026-06-17,0,2,,,좌표공간조인,"서울시 단란주점영업 인허가 정보, 서울시 유흥주점영업 인허가 정보"
1114065000,2026-06-17,0,11,,,좌표공간조인,"서울시 단란주점영업 인허가 정보, 서울시 유흥주점영업 인허가 정보"
1114066000,2026-06-17,0,0,,,좌표공간조인,"서울시 단란주점영업 인허가 정보, 서울시 유흥주점영업 인허가 정보"
1114066500,2026-06-17,0,2,,,좌표공간조인,"서울시 단란주점영업 인허가 정보, 서울시 유흥주점영업 인허가 정보"
1114067000,2026-06-17,0,19,,,좌표공간조인,"서울시 단란주점영업 인허가 정보, 서울시 유흥주점영업 인허가 정보"
1114068000,2026-06-17,0,6,,,좌표공간조인,"서울시 단란주점영업 인허가 정보, 서울시 유흥주점영업 인허가 정보"
1117051000,2026-06-17,0,0,,,좌표공간조인,"서울시 단란주점영업 인허가 정보, 서울시 유흥주점영업 인허가 정보"
1117052000,2026-06-17,0,0,,,좌표공간조인,"서울시 단란주점영업 인허가 정보, 서울시 유흥주점영업 인허가 정보"
1117053000,2026-06-17,0,12,,,좌표공간조인,"서울시 단란주점영업 인허가 정보, 서울시 유흥주점영업 인허가 정보"
1117055500,2026-06-17,0,3,,,좌표공간조인,"서울시 단란주점영업 인허가 정보, 서울시 유흥주점영업 인허가 정보"
1117056000,2026-06-17,0,9,,,좌표공간조인,"서울시 단란주점영업 인허가 정보, 서울시 유흥주점영업 인허가 정보"
1117057000,2026-06-17,0,3,,,좌표공간조인,"서울시 단란주점영업 인허가 정보, 서울시 유흥주점영업 인허가 정보"
1117058000,2026-06-17,0,0,,,좌표공간조인,"서울시 단란주점영업 인허가 정보, 서울시 유흥주점영업 인허가 정보"
1117059000,2026-06-17,0,1,,,좌표공간조인,"서울시 단란주점영업 인허가 정보, 서울시 유흥주점영업 인허가 정보"
1117062500,2026-06-17,0,10,,,좌표공간조인,"서울시 단란주점영업 인허가 정보, 서울시 유흥주점영업 인허가 정보"
1117063000,2026-06-17,0,3,,,좌표공간조인,"서울시 단란주점영업 인허가 정보, 서울시 유흥주점영업 인허가 정보"
1117064000,2026-06-17,0,0,,,좌표공간조인,"서울시 단란주점영업 인허가 정보, 서울시 유흥주점영업 인허가 정보"
1117065000,2026-06-17,0,16,,,좌표공간조인,"서울시 단란주점영업 인허가 정보, 서울시 유흥주점영업 인허가 정보"
1117066000,2026-06-17,0,0,,,좌표공간조인,"서울시 단란주점영업 인허가 정보, 서울시 유흥주점영업 인허가 정보"
1117068500,2026-06-17,0,19,,,좌표공간조인,"서울시 단란주점영업 인허가 정보, 서울시 유흥주점영업 인허가 정보"
1117069000,2026-06-17,0,1,,,좌표공간조인,"서울시 단란주점영업 인허가 정보, 서울시 유흥주점영업 인허가 정보"
1117070000,2026-06-17,0,4,,,좌표공간조인,"서울시 단란주점영업 인허가 정보, 서울시 유흥주점영업 인허가 정보"
1120052000,2026-06-17,0,1,,,좌표공간조인,"서울시 단란주점영업 인허가 정보, 서울시 유흥주점영업 인허가 정보"
1120053500,2026-06-17,0,26,,,좌표공간조인,"서울시 단란주점영업 인허가 정보, 서울시 유흥주점영업 인허가 정보"
1120054000,2026-06-17,0,3,,,좌표공간조인,"서울시 단란주점영업 인허가 정보, 서울시 유흥주점영업 인허가 정보"
1120055000,2026-06-17,0,1,,,좌표공간조인,"서울시 단란주점영업 인허가 정보, 서울시 유흥주점영업 인허가 정보"
1120056000,2026-06-17,0,3,,,좌표공간조인,"서울시 단란주점영업 인허가 정보, 서울시 유흥주점영업 인허가 정보"
1120057000,2026-06-17,0,0,,,좌표공간조인,"서울시 단란주점영업 인허가 정보, 서울시 유흥주점영업 인허가 정보"
1120058000,2026-06-17,0,0,,,좌표공간조인,"서울시 단란주점영업 인허가 정보, 서울시 유흥주점영업 인허가 정보"
1120059000,2026-06-17,0,2,,,좌표공간조인,"서울시 단란주점영업 인허가 정보, 서울시 유흥주점영업 인허가 정보"
1120061500,2026-06-17,0,2,,,좌표공간조인,"서울시 단란주점영업 인허가 정보, 서울시 유흥주점영업 인허가 정보"
1120062000,2026-06-17,0,0,,,좌표공간조인,"서울시 단란주점영업 인허가 정보, 서울시 유흥주점영업 인허가 정보"
1120064500,2026-06-17,0,0,,,좌표공간조인,"서울시 단란주점영업 인허가 정보, 서울시 유흥주점영업 인허가 정보"
1120065000,2026-06-17,0,1,,,좌표공간조인,"서울시 단란주점영업 인허가 정보, 서울시 유흥주점영업 인허가 정보"
1120066000,2026-06-17,0,0,,,좌표공간조인,"서울시 단란주점영업 인허가 정보, 서울시 유흥주점영업 인허가 정보"
1120067000,2026-06-17,0,3,,,좌표공간조인,"서울시 단란주점영업 인허가 정보, 서울시 유흥주점영업 인허가 정보"
1120069000,2026-06-17,0,1,,,좌표공간조인,"서울시 단란주점영업 인허가 정보, 서울시 유흥주점영업 인허가 정보"
1120072000,2026-06-17,0,2,,,좌표공간조인,"서울시 단란주점영업 인허가 정보, 서울시 유흥주점영업 인허가 정보"
1120079000,2026-06-17,0,2,,,좌표공간조인,"서울시 단란주점영업 인허가 정보, 서울시 유흥주점영업 인허가 정보"
1121571000,2026-06-17,0,14,,,좌표공간조인,"서울시 단란주점영업 인허가 정보, 서울시 유흥주점영업 인허가 정보"
1121573000,2026-06-17,0,7,,,좌표공간조인,"서울시 단란주점영업 인허가 정보, 서울시 유흥주점영업 인허가 정보"
1121574000,2026-06-17,0,4,,,좌표공간조인,"서울시 단란주점영업 인허가 정보, 서울시 유흥주점영업 인허가 정보"
1121575000,2026-06-17,0,2,,,좌표공간조인,"서울시 단란주점영업 인허가 정보, 서울시 유흥주점영업 인허가 정보"
1121576000,2026-06-17,0,3,,,좌표공간조인,"서울시 단란주점영업 인허가 정보, 서울시 유흥주점영업 인허가 정보"
1121577000,2026-06-17,0,2,,,좌표공간조인,"서울시 단란주점영업 인허가 정보, 서울시 유흥주점영업 인허가 정보"
1121578000,2026-06-17,0,0,,,좌표공간조인,"서울시 단란주점영업 인허가 정보, 서울시 유흥주점영업 인허가 정보"
1121581000,2026-06-17,0,6,,,좌표공간조인,"서울시 단란주점영업 인허가 정보, 서울시 유흥주점영업 인허가 정보"
1121582000,2026-06-17,0,6,,,좌표공간조인,"서울시 단란주점영업 인허가 정보, 서울시 유흥주점영업 인허가 정보"
1121583000,2026-06-17,0,2,,,좌표공간조인,"서울시 단란주점영업 인허가 정보, 서울시 유흥주점영업 인허가 정보"
1121584000,2026-06-17,0,1,,,좌표공간조인,"서울시 단란주점영업 인허가 정보, 서울시 유흥주점영업 인허가 정보"
1121584700,2026-06-17,0,6,,,좌표공간조인,"서울시 단란주점영업 인허가 정보, 서울시 유흥주점영업 인허가 정보"
1121585000,2026-06-17,0,15,,,좌표공간조인,"서울시 단란주점영업 인허가 정보, 서울시 유흥주점영업 인허가 정보"
1121586000,2026-06-17,0,3,,,좌표공간조인,"서울시 단란주점영업 인허가 정보, 서울시 유흥주점영업 인허가 정보"
1121587000,2026-06-17,0,5,,,좌표공간조인,"서울시 단란주점영업 인허가 정보, 서울시 유흥주점영업 인허가 정보"
1123053600,2026-06-17,0,19,,,좌표공간조인,"서울시 단란주점영업 인허가 정보, 서울시 유흥주점영업 인허가 정보"
1123054500,2026-06-17,0,1,,,좌표공간조인,"서울시 단란주점영업 인허가 정보, 서울시 유흥주점영업 인허가 정보"
1123056000,2026-06-17,0,8,,,좌표공간조인,"서울시 단란주점영업 인허가 정보, 서울시 유흥주점영업 인허가 정보"
1123057000,2026-06-17,0,2,,,좌표공간조인,"서울시 단란주점영업 인허가 정보, 서울시 유흥주점영업 인허가 정보"
1123060000,2026-06-17,0,6,,,좌표공간조인,"서울시 단란주점영업 인허가 정보, 서울시 유흥주점영업 인허가 정보"
1123061000,2026-06-17,0,6,,,좌표공간조인,"서울시 단란주점영업 인허가 정보, 서울시 유흥주점영업 인허가 정보"
1123065000,2026-06-17,0,24,,,좌표공간조인,"서울시 단란주점영업 인허가 정보, 서울시 유흥주점영업 인허가 정보"
1123066000,2026-06-17,0,34,,,좌표공간조인,"서울시 단란주점영업 인허가 정보, 서울시 유흥주점영업 인허가 정보"
1123070500,2026-06-17,0,9,,,좌표공간조인,"서울시 단란주점영업 인허가 정보, 서울시 유흥주점영업 인허가 정보"
1123071000,2026-06-17,0,1,,,좌표공간조인,"서울시 단란주점영업 인허가 정보, 서울시 유흥주점영업 인허가 정보"
1123072000,2026-06-17,0,3,,,좌표공간조인,"서울시 단란주점영업 인허가 정보, 서울시 유흥주점영업 인허가 정보"
1123073000,2026-06-17,0,0,,,좌표공간조인,"서울시 단란주점영업 인허가 정보, 서울시 유흥주점영업 인허가 정보"
1123074000,2026-06-17,0,1,,,좌표공간조인,"서울시 단란주점영업 인허가 정보, 서울시 유흥주점영업 인허가 정보"
1123075000,2026-06-17,0,3,,,좌표공간조인,"서울시 단란주점영업 인허가 정보, 서울시 유흥주점영업 인허가 정보"
1126052000,2026-06-17,0,2,,,좌표공간조인,"서울시 단란주점영업 인허가 정보, 서울시 유흥주점영업 인허가 정보"
1126054000,2026-06-17,0,1,,,좌표공간조인,"서울시 단란주점영업 인허가 정보, 서울시 유흥주점영업 인허가 정보"
1126055000,2026-06-17,0,1,,,좌표공간조인,"서울시 단란주점영업 인허가 정보, 서울시 유흥주점영업 인허가 정보"
1126056500,2026-06-17,0,10,,,좌표공간조인,"서울시 단란주점영업 인허가 정보, 서울시 유흥주점영업 인허가 정보"
1126057000,2026-06-17,0,4,,,좌표공간조인,"서울시 단란주점영업 인허가 정보, 서울시 유흥주점영업 인허가 정보"
1126057500,2026-06-17,0,8,,,좌표공간조인,"서울시 단란주점영업 인허가 정보, 서울시 유흥주점영업 인허가 정보"
1126058000,2026-06-17,0,0,,,좌표공간조인,"서울시 단란주점영업 인허가 정보, 서울시 유흥주점영업 인허가 정보"
1126059000,2026-06-17,0,28,,,좌표공간조인,"서울시 단란주점영업 인허가 정보, 서울시 유흥주점영업 인허가 정보"
1126060000,2026-06-17,0,0,,,좌표공간조인,"서울시 단란주점영업 인허가 정보, 서울시 유흥주점영업 인허가 정보"
1126061000,2026-06-17,0,4,,,좌표공간조인,"서울시 단란주점영업 인허가 정보, 서울시 유흥주점영업 인허가 정보"
1126062000,2026-06-17,0,11,,,좌표공간조인,"서울시 단란주점영업 인허가 정보, 서울시 유흥주점영업 인허가 정보"
1126063000,2026-06-17,0,15,,,좌표공간조인,"서울시 단란주점영업 인허가 정보, 서울시 유흥주점영업 인허가 정보"
1126065500,2026-06-17,0,17,,,좌표공간조인,"서울시 단란주점영업 인허가 정보, 서울시 유흥주점영업 인허가 정보"
1126066000,2026-06-17,0,2,,,좌표공간조인,"서울시 단란주점영업 인허가 정보, 서울시 유흥주점영업 인허가 정보"
1126068000,2026-06-17,0,0,,,좌표공간조인,"서울시 단란주점영업 인허가 정보, 서울시 유흥주점영업 인허가 정보"
1126069000,2026-06-17,0,0,,,좌표공간조인,"서울시 단란주점영업 인허가 정보, 서울시 유흥주점영업 인허가 정보"
1129052500,2026-06-17,0,0,,,좌표공간조인,"서울시 단란주점영업 인허가 정보, 서울시 유흥주점영업 인허가 정보"
1129055500,2026-06-17,0,10,,,좌표공간조인,"서울시 단란주점영업 인허가 정보, 서울시 유흥주점영업 인허가 정보"
1129057500,2026-06-17,0,13,,,좌표공간조인,"서울시 단란주점영업 인허가 정보, 서울시 유흥주점영업 인허가 정보"
1129058000,2026-06-17,0,0,,,좌표공간조인,"서울시 단란주점영업 인허가 정보, 서울시 유흥주점영업 인허가 정보"
1129059000,2026-06-17,0,0,,,좌표공간조인,"서울시 단란주점영업 인허가 정보, 서울시 유흥주점영업 인허가 정보"
1129060000,2026-06-17,0,0,,,좌표공간조인,"서울시 단란주점영업 인허가 정보, 서울시 유흥주점영업 인허가 정보"
1129061000,2026-06-17,0,7,,,좌표공간조인,"서울시 단란주점영업 인허가 정보, 서울시 유흥주점영업 인허가 정보"
1129062000,2026-06-17,0,1,,,좌표공간조인,"서울시 단란주점영업 인허가 정보, 서울시 유흥주점영업 인허가 정보"
1129063000,2026-06-17,0,2,,,좌표공간조인,"서울시 단란주점영업 인허가 정보, 서울시 유흥주점영업 인허가 정보"
1129064000,2026-06-17,0,0,,,좌표공간조인,"서울시 단란주점영업 인허가 정보, 서울시 유흥주점영업 인허가 정보"
1129065000,2026-06-17,0,1,,,좌표공간조인,"서울시 단란주점영업 인허가 정보, 서울시 유흥주점영업 인허가 정보"
1129066000,2026-06-17,0,2,,,좌표공간조인,"서울시 단란주점영업 인허가 정보, 서울시 유흥주점영업 인허가 정보"
1129068500,2026-06-17,0,0,,,좌표공간조인,"서울시 단란주점영업 인허가 정보, 서울시 유흥주점영업 인허가 정보"
1129070500,2026-06-17,0,5,,,좌표공간조인,"서울시 단란주점영업 인허가 정보, 서울시 유흥주점영업 인허가 정보"
1129071500,2026-06-17,0,1,,,좌표공간조인,"서울시 단란주점영업 인허가 정보, 서울시 유흥주점영업 인허가 정보"
1129072500,2026-06-17,0,3,,,좌표공간조인,"서울시 단란주점영업 인허가 정보, 서울시 유흥주점영업 인허가 정보"
1129076000,2026-06-17,0,3,,,좌표공간조인,"서울시 단란주점영업 인허가 정보, 서울시 유흥주점영업 인허가 정보"
1129077000,2026-06-17,0,4,,,좌표공간조인,"서울시 단란주점영업 인허가 정보, 서울시 유흥주점영업 인허가 정보"
1129078000,2026-06-17,0,0,,,좌표공간조인,"서울시 단란주점영업 인허가 정보, 서울시 유흥주점영업 인허가 정보"
1129081000,2026-06-17,0,1,,,좌표공간조인,"서울시 단란주점영업 인허가 정보, 서울시 유흥주점영업 인허가 정보"
1130553400,2026-06-17,0,3,,,좌표공간조인,"서울시 단란주점영업 인허가 정보, 서울시 유흥주점영업 인허가 정보"
1130553500,2026-06-17,0,13,,,좌표공간조인,"서울시 단란주점영업 인허가 정보, 서울시 유흥주점영업 인허가 정보"
1130554500,2026-06-17,0,11,,,좌표공간조인,"서울시 단란주점영업 인허가 정보, 서울시 유흥주점영업 인허가 정보"
1130555500,2026-06-17,0,3,,,좌표공간조인,"서울시 단란주점영업 인허가 정보, 서울시 유흥주점영업 인허가 정보"
1130557500,2026-06-17,0,0,,,좌표공간조인,"서울시 단란주점영업 인허가 정보, 서울시 유흥주점영업 인허가 정보"
1130559000,2026-06-17,0,0,,,좌표공간조인,"서울시 단란주점영업 인허가 정보, 서울시 유흥주점영업 인허가 정보"
1130559500,2026-06-17,0,0,,,좌표공간조인,"서울시 단란주점영업 인허가 정보, 서울시 유흥주점영업 인허가 정보"
1130560000,2026-06-17,0,0,,,좌표공간조인,"서울시 단란주점영업 인허가 정보, 서울시 유흥주점영업 인허가 정보"
1130560300,2026-06-17,0,0,,,좌표공간조인,"서울시 단란주점영업 인허가 정보, 서울시 유흥주점영업 인허가 정보"
1130560600,2026-06-17,0,0,,,좌표공간조인,"서울시 단란주점영업 인허가 정보, 서울시 유흥주점영업 인허가 정보"
1130560800,2026-06-17,0,0,,,좌표공간조인,"서울시 단란주점영업 인허가 정보, 서울시 유흥주점영업 인허가 정보"
1130561000,2026-06-17,0,0,,,좌표공간조인,"서울시 단란주점영업 인허가 정보, 서울시 유흥주점영업 인허가 정보"
1130561500,2026-06-17,0,0,,,좌표공간조인,"서울시 단란주점영업 인허가 정보, 서울시 유흥주점영업 인허가 정보"
1130562000,2026-06-17,0,0,,,좌표공간조인,"서울시 단란주점영업 인허가 정보, 서울시 유흥주점영업 인허가 정보"
1130562500,2026-06-17,0,0,,,좌표공간조인,"서울시 단란주점영업 인허가 정보, 서울시 유흥주점영업 인허가 정보"
1130563000,2026-06-17,0,0,,,좌표공간조인,"서울시 단란주점영업 인허가 정보, 서울시 유흥주점영업 인허가 정보"
1130563500,2026-06-17,0,0,,,좌표공간조인,"서울시 단란주점영업 인허가 정보, 서울시 유흥주점영업 인허가 정보"
1130564500,2026-06-17,0,4,,,좌표공간조인,"서울시 단란주점영업 인허가 정보, 서울시 유흥주점영업 인허가 정보"
1130566000,2026-06-17,0,8,,,좌표공간조인,"서울시 단란주점영업 인허가 정보, 서울시 유흥주점영업 인허가 정보"
1132051100,2026-06-17,0,5,,,좌표공간조인,"서울시 단란주점영업 인허가 정보, 서울시 유흥주점영업 인허가 정보"
1132051200,2026-06-17,0,1,,,좌표공간조인,"서울시 단란주점영업 인허가 정보, 서울시 유흥주점영업 인허가 정보"
1132051300,2026-06-17,0,3,,,좌표공간조인,"서울시 단란주점영업 인허가 정보, 서울시 유흥주점영업 인허가 정보"
1132051400,2026-06-17,0,24,,,좌표공간조인,"서울시 단란주점영업 인허가 정보, 서울시 유흥주점영업 인허가 정보"
1132051500,2026-06-17,0,4,,,좌표공간조인,"서울시 단란주점영업 인허가 정보, 서울시 유흥주점영업 인허가 정보"
1132052100,2026-06-17,0,5,,,좌표공간조인,"서울시 단란주점영업 인허가 정보, 서울시 유흥주점영업 인허가 정보"
1132052200,2026-06-17,0,2,,,좌표공간조인,"서울시 단란주점영업 인허가 정보, 서울시 유흥주점영업 인허가 정보"
1132066000,2026-06-17,0,0,,,좌표공간조인,"서울시 단란주점영업 인허가 정보, 서울시 유흥주점영업 인허가 정보"
1132067000,2026-06-17,0,1,,,좌표공간조인,"서울시 단란주점영업 인허가 정보, 서울시 유흥주점영업 인허가 정보"
1132068000,2026-06-17,0,2,,,좌표공간조인,"서울시 단란주점영업 인허가 정보, 서울시 유흥주점영업 인허가 정보"
1132068100,2026-06-17,0,0,,,좌표공간조인,"서울시 단란주점영업 인허가 정보, 서울시 유흥주점영업 인허가 정보"
1132069000,2026-06-17,0,15,,,좌표공간조인,"서울시 단란주점영업 인허가 정보, 서울시 유흥주점영업 인허가 정보"
1132070000,2026-06-17,0,1,,,좌표공간조인,"서울시 단란주점영업 인허가 정보, 서울시 유흥주점영업 인허가 정보"
1132071000,2026-06-17,0,0,,,좌표공간조인,"서울시 단란주점영업 인허가 정보, 서울시 유흥주점영업 인허가 정보"
1135056000,2026-06-17,0,0,,,좌표공간조인,"서울시 단란주점영업 인허가 정보, 서울시 유흥주점영업 인허가 정보"
1135057000,2026-06-17,0,0,,,좌표공간조인,"서울시 단란주점영업 인허가 정보, 서울시 유흥주점영업 인허가 정보"
1135058000,2026-06-17,0,0,,,좌표공간조인,"서울시 단란주점영업 인허가 정보, 서울시 유흥주점영업 인허가 정보"
1135059500,2026-06-17,0,4,,,좌표공간조인,"서울시 단란주점영업 인허가 정보, 서울시 유흥주점영업 인허가 정보"
1135060000,2026-06-17,0,3,,,좌표공간조인,"서울시 단란주점영업 인허가 정보, 서울시 유흥주점영업 인허가 정보"
1135061100,2026-06-17,0,0,,,좌표공간조인,"서울시 단란주점영업 인허가 정보, 서울시 유흥주점영업 인허가 정보"
1135061200,2026-06-17,0,0,,,좌표공간조인,"서울시 단란주점영업 인허가 정보, 서울시 유흥주점영업 인허가 정보"
1135061900,2026-06-17,0,0,,,좌표공간조인,"서울시 단란주점영업 인허가 정보, 서울시 유흥주점영업 인허가 정보"
1135062100,2026-06-17,0,0,,,좌표공간조인,"서울시 단란주점영업 인허가 정보, 서울시 유흥주점영업 인허가 정보"
1135062400,2026-06-17,0,0,,,좌표공간조인,"서울시 단란주점영업 인허가 정보, 서울시 유흥주점영업 인허가 정보"
1135062500,2026-06-17,0,0,,,좌표공간조인,"서울시 단란주점영업 인허가 정보, 서울시 유흥주점영업 인허가 정보"
1135063000,2026-06-17,0,0,,,좌표공간조인,"서울시 단란주점영업 인허가 정보, 서울시 유흥주점영업 인허가 정보"
1135064000,2026-06-17,0,15,,,좌표공간조인,"서울시 단란주점영업 인허가 정보, 서울시 유흥주점영업 인허가 정보"
1135066500,2026-06-17,0,1,,,좌표공간조인,"서울시 단란주점영업 인허가 정보, 서울시 유흥주점영업 인허가 정보"
1135067000,2026-06-17,0,6,,,좌표공간조인,"서울시 단란주점영업 인허가 정보, 서울시 유흥주점영업 인허가 정보"
1135069500,2026-06-17,0,27,,,좌표공간조인,"서울시 단란주점영업 인허가 정보, 서울시 유흥주점영업 인허가 정보"
1135070000,2026-06-17,0,0,,,좌표공간조인,"서울시 단란주점영업 인허가 정보, 서울시 유흥주점영업 인허가 정보"
1135071000,2026-06-17,0,0,,,좌표공간조인,"서울시 단란주점영업 인허가 정보, 서울시 유흥주점영업 인허가 정보"
1135072000,2026-06-17,0,1,,,좌표공간조인,"서울시 단란주점영업 인허가 정보, 서울시 유흥주점영업 인허가 정보"
1138051000,2026-06-17,0,13,,,좌표공간조인,"서울시 단란주점영업 인허가 정보, 서울시 유흥주점영업 인허가 정보"
1138052000,2026-06-17,0,24,,,좌표공간조인,"서울시 단란주점영업 인허가 정보, 서울시 유흥주점영업 인허가 정보"
1138053000,2026-06-17,0,5,,,좌표공간조인,"서울시 단란주점영업 인허가 정보, 서울시 유흥주점영업 인허가 정보"
1138055100,2026-06-17,0,25,,,좌표공간조인,"서울시 단란주점영업 인허가 정보, 서울시 유흥주점영업 인허가 정보"
1138055200,2026-06-17,0,10,,,좌표공간조인,"서울시 단란주점영업 인허가 정보, 서울시 유흥주점영업 인허가 정보"
1138056000,2026-06-17,0,1,,,좌표공간조인,"서울시 단란주점영업 인허가 정보, 서울시 유흥주점영업 인허가 정보"
1138057000,2026-06-17,0,39,,,좌표공간조인,"서울시 단란주점영업 인허가 정보, 서울시 유흥주점영업 인허가 정보"
1138058000,2026-06-17,0,13,,,좌표공간조인,"서울시 단란주점영업 인허가 정보, 서울시 유흥주점영업 인허가 정보"
1138059000,2026-06-17,0,2,,,좌표공간조인,"서울시 단란주점영업 인허가 정보, 서울시 유흥주점영업 인허가 정보"
1138060000,2026-06-17,0,47,,,좌표공간조인,"서울시 단란주점영업 인허가 정보, 서울시 유흥주점영업 인허가 정보"
1138062500,2026-06-17,0,6,,,좌표공간조인,"서울시 단란주점영업 인허가 정보, 서울시 유흥주점영업 인허가 정보"
1138063100,2026-06-17,0,2,,,좌표공간조인,"서울시 단란주점영업 인허가 정보, 서울시 유흥주점영업 인허가 정보"
1138063200,2026-06-17,0,0,,,좌표공간조인,"서울시 단란주점영업 인허가 정보, 서울시 유흥주점영업 인허가 정보"
1138064000,2026-06-17,0,0,,,좌표공간조인,"서울시 단란주점영업 인허가 정보, 서울시 유흥주점영업 인허가 정보"
1138065000,2026-06-17,0,1,,,좌표공간조인,"서울시 단란주점영업 인허가 정보, 서울시 유흥주점영업 인허가 정보"
1138069000,2026-06-17,0,0,,,좌표공간조인,"서울시 단란주점영업 인허가 정보, 서울시 유흥주점영업 인허가 정보"
1141052000,2026-06-17,0,2,,,좌표공간조인,"서울시 단란주점영업 인허가 정보, 서울시 유흥주점영업 인허가 정보"
1141055500,2026-06-17,0,3,,,좌표공간조인,"서울시 단란주점영업 인허가 정보, 서울시 유흥주점영업 인허가 정보"
1141056500,2026-06-17,0,2,,,좌표공간조인,"서울시 단란주점영업 인허가 정보, 서울시 유흥주점영업 인허가 정보"
1141058500,2026-06-17,0,18,,,좌표공간조인,"서울시 단란주점영업 인허가 정보, 서울시 유흥주점영업 인허가 정보"
1141061500,2026-06-17,0,5,,,좌표공간조인,"서울시 단란주점영업 인허가 정보, 서울시 유흥주점영업 인허가 정보"
1141062000,2026-06-17,0,5,,,좌표공간조인,"서울시 단란주점영업 인허가 정보, 서울시 유흥주점영업 인허가 정보"
1141064000,2026-06-17,0,4,,,좌표공간조인,"서울시 단란주점영업 인허가 정보, 서울시 유흥주점영업 인허가 정보"
1141065500,2026-06-17,0,3,,,좌표공간조인,"서울시 단란주점영업 인허가 정보, 서울시 유흥주점영업 인허가 정보"
1141066000,2026-06-17,0,2,,,좌표공간조인,"서울시 단란주점영업 인허가 정보, 서울시 유흥주점영업 인허가 정보"
1141068500,2026-06-17,0,4,,,좌표공간조인,"서울시 단란주점영업 인허가 정보, 서울시 유흥주점영업 인허가 정보"
1141069000,2026-06-17,0,9,,,좌표공간조인,"서울시 단란주점영업 인허가 정보, 서울시 유흥주점영업 인허가 정보"
1141070000,2026-06-17,0,2,,,좌표공간조인,"서울시 단란주점영업 인허가 정보, 서울시 유흥주점영업 인허가 정보"
1141071000,2026-06-17,0,0,,,좌표공간조인,"서울시 단란주점영업 인허가 정보, 서울시 유흥주점영업 인허가 정보"
1141072000,2026-06-17,0,6,,,좌표공간조인,"서울시 단란주점영업 인허가 정보, 서울시 유흥주점영업 인허가 정보"
1144055500,2026-06-17,0,1,,,좌표공간조인,"서울시 단란주점영업 인허가 정보, 서울시 유흥주점영업 인허가 정보"
1144056500,2026-06-17,0,10,,,좌표공간조인,"서울시 단란주점영업 인허가 정보, 서울시 유흥주점영업 인허가 정보"
1144058500,2026-06-17,0,8,,,좌표공간조인,"서울시 단란주점영업 인허가 정보, 서울시 유흥주점영업 인허가 정보"
1144059000,2026-06-17,0,14,,,좌표공간조인,"서울시 단란주점영업 인허가 정보, 서울시 유흥주점영업 인허가 정보"
1144060000,2026-06-17,0,5,,,좌표공간조인,"서울시 단란주점영업 인허가 정보, 서울시 유흥주점영업 인허가 정보"
1144061000,2026-06-17,0,0,,,좌표공간조인,"서울시 단란주점영업 인허가 정보, 서울시 유흥주점영업 인허가 정보"
1144063000,2026-06-17,0,3,,,좌표공간조인,"서울시 단란주점영업 인허가 정보, 서울시 유흥주점영업 인허가 정보"
1144065500,2026-06-17,0,0,,,좌표공간조인,"서울시 단란주점영업 인허가 정보, 서울시 유흥주점영업 인허가 정보"
1144066000,2026-06-17,0,44,,,좌표공간조인,"서울시 단란주점영업 인허가 정보, 서울시 유흥주점영업 인허가 정보"
1144068000,2026-06-17,0,5,,,좌표공간조인,"서울시 단란주점영업 인허가 정보, 서울시 유흥주점영업 인허가 정보"
1144069000,2026-06-17,0,3,,,좌표공간조인,"서울시 단란주점영업 인허가 정보, 서울시 유흥주점영업 인허가 정보"
1144070000,2026-06-17,0,0,,,좌표공간조인,"서울시 단란주점영업 인허가 정보, 서울시 유흥주점영업 인허가 정보"
1144071000,2026-06-17,0,1,,,좌표공간조인,"서울시 단란주점영업 인허가 정보, 서울시 유흥주점영업 인허가 정보"
1144072000,2026-06-17,0,0,,,좌표공간조인,"서울시 단란주점영업 인허가 정보, 서울시 유흥주점영업 인허가 정보"
1144073000,2026-06-17,0,0,,,좌표공간조인,"서울시 단란주점영업 인허가 정보, 서울시 유흥주점영업 인허가 정보"
1144074000,2026-06-17,0,0,,,좌표공간조인,"서울시 단란주점영업 인허가 정보, 서울시 유흥주점영업 인허가 정보"
1147051000,2026-06-17,0,2,,,좌표공간조인,"서울시 단란주점영업 인허가 정보, 서울시 유흥주점영업 인허가 정보"
1147052000,2026-06-17,0,1,,,좌표공간조인,"서울시 단란주점영업 인허가 정보, 서울시 유흥주점영업 인허가 정보"
1147053000,2026-06-17,0,4,,,좌표공간조인,"서울시 단란주점영업 인허가 정보, 서울시 유흥주점영업 인허가 정보"
1147054000,2026-06-17,0,3,,,좌표공간조인,"서울시 단란주점영업 인허가 정보, 서울시 유흥주점영업 인허가 정보"
1147055000,2026-06-17,0,0,,,좌표공간조인,"서울시 단란주점영업 인허가 정보, 서울시 유흥주점영업 인허가 정보"
1147056000,2026-06-17,0,2,,,좌표공간조인,"서울시 단란주점영업 인허가 정보, 서울시 유흥주점영업 인허가 정보"
1147057000,2026-06-17,0,1,,,좌표공간조인,"서울시 단란주점영업 인허가 정보, 서울시 유흥주점영업 인허가 정보"
1147058000,2026-06-17,0,1,,,좌표공간조인,"서울시 단란주점영업 인허가 정보, 서울시 유흥주점영업 인허가 정보"
1147059000,2026-06-17,0,3,,,좌표공간조인,"서울시 단란주점영업 인허가 정보, 서울시 유흥주점영업 인허가 정보"
1147060000,2026-06-17,0,2,,,좌표공간조인,"서울시 단란주점영업 인허가 정보, 서울시 유흥주점영업 인허가 정보"
1147061000,2026-06-17,0,0,,,좌표공간조인,"서울시 단란주점영업 인허가 정보, 서울시 유흥주점영업 인허가 정보"
1147061100,2026-06-17,0,4,,,좌표공간조인,"서울시 단란주점영업 인허가 정보, 서울시 유흥주점영업 인허가 정보"
1147062000,2026-06-17,0,9,,,좌표공간조인,"서울시 단란주점영업 인허가 정보, 서울시 유흥주점영업 인허가 정보"
1147063000,2026-06-17,0,4,,,좌표공간조인,"서울시 단란주점영업 인허가 정보, 서울시 유흥주점영업 인허가 정보"
1147064000,2026-06-17,0,8,,,좌표공간조인,"서울시 단란주점영업 인허가 정보, 서울시 유흥주점영업 인허가 정보"
1147065000,2026-06-17,0,13,,,좌표공간조인,"서울시 단란주점영업 인허가 정보, 서울시 유흥주점영업 인허가 정보"
1147067000,2026-06-17,0,0,,,좌표공간조인,"서울시 단란주점영업 인허가 정보, 서울시 유흥주점영업 인허가 정보"
1147068000,2026-06-17,0,0,,,좌표공간조인,"서울시 단란주점영업 인허가 정보, 서울시 유흥주점영업 인허가 정보"
1150051000,2026-06-17,0,3,,,좌표공간조인,"서울시 단란주점영업 인허가 정보, 서울시 유흥주점영업 인허가 정보"
1150052000,2026-06-17,0,6,,,좌표공간조인,"서울시 단란주점영업 인허가 정보, 서울시 유흥주점영업 인허가 정보"
1150053000,2026-06-17,0,0,,,좌표공간조인,"서울시 단란주점영업 인허가 정보, 서울시 유흥주점영업 인허가 정보"
1150053500,2026-06-17,0,0,,,좌표공간조인,"서울시 단란주점영업 인허가 정보, 서울시 유흥주점영업 인허가 정보"
1150054000,2026-06-17,0,115,,,좌표공간조인,"서울시 단란주점영업 인허가 정보, 서울시 유흥주점영업 인허가 정보"
1150055000,2026-06-17,0,1,,,좌표공간조인,"서울시 단란주점영업 인허가 정보, 서울시 유흥주점영업 인허가 정보"
1150056000,2026-06-17,0,10,,,좌표공간조인,"서울시 단란주점영업 인허가 정보, 서울시 유흥주점영업 인허가 정보"
1150057000,2026-06-17,0,5,,,좌표공간조인,"서울시 단란주점영업 인허가 정보, 서울시 유흥주점영업 인허가 정보"
1150059000,2026-06-17,0,3,,,좌표공간조인,"서울시 단란주점영업 인허가 정보, 서울시 유흥주점영업 인허가 정보"
1150059100,2026-06-17,0,56,,,좌표공간조인,"서울시 단란주점영업 인허가 정보, 서울시 유흥주점영업 인허가 정보"
1150059300,2026-06-17,0,10,,,좌표공간조인,"서울시 단란주점영업 인허가 정보, 서울시 유흥주점영업 인허가 정보"
1150060300,2026-06-17,0,35,,,좌표공간조인,"서울시 단란주점영업 인허가 정보, 서울시 유흥주점영업 인허가 정보"
1150060400,2026-06-17,0,2,,,좌표공간조인,"서울시 단란주점영업 인허가 정보, 서울시 유흥주점영업 인허가 정보"
1150060500,2026-06-17,0,0,,,좌표공간조인,"서울시 단란주점영업 인허가 정보, 서울시 유흥주점영업 인허가 정보"
1150061100,2026-06-17,0,0,,,좌표공간조인,"서울시 단란주점영업 인허가 정보, 서울시 유흥주점영업 인허가 정보"
1150061500,2026-06-17,0,3,,,좌표공간조인,"서울시 단란주점영업 인허가 정보, 서울시 유흥주점영업 인허가 정보"
1150062000,2026-06-17,0,7,,,좌표공간조인,"서울시 단란주점영업 인허가 정보, 서울시 유흥주점영업 인허가 정보"
1150063000,2026-06-17,0,0,,,좌표공간조인,"서울시 단란주점영업 인허가 정보, 서울시 유흥주점영업 인허가 정보"
1150064000,2026-06-17,0,4,,,좌표공간조인,"서울시 단란주점영업 인허가 정보, 서울시 유흥주점영업 인허가 정보"
1150064100,2026-06-17,0,0,,,좌표공간조인,"서울시 단란주점영업 인허가 정보, 서울시 유흥주점영업 인허가 정보"
1153051000,2026-06-17,0,3,,,좌표공간조인,"서울시 단란주점영업 인허가 정보, 서울시 유흥주점영업 인허가 정보"
1153052000,2026-06-17,0,0,,,좌표공간조인,"서울시 단란주점영업 인허가 정보, 서울시 유흥주점영업 인허가 정보"
1153053000,2026-06-17,0,17,,,좌표공간조인,"서울시 단란주점영업 인허가 정보, 서울시 유흥주점영업 인허가 정보"
1153054000,2026-06-17,0,20,,,좌표공간조인,"서울시 단란주점영업 인허가 정보, 서울시 유흥주점영업 인허가 정보"
1153055000,2026-06-17,0,2,,,좌표공간조인,"서울시 단란주점영업 인허가 정보, 서울시 유흥주점영업 인허가 정보"
1153056000,2026-06-17,0,3,,,좌표공간조인,"서울시 단란주점영업 인허가 정보, 서울시 유흥주점영업 인허가 정보"
1153059500,2026-06-17,0,7,,,좌표공간조인,"서울시 단란주점영업 인허가 정보, 서울시 유흥주점영업 인허가 정보"
1153072000,2026-06-17,0,2,,,좌표공간조인,"서울시 단란주점영업 인허가 정보, 서울시 유흥주점영업 인허가 정보"
1153073000,2026-06-17,0,5,,,좌표공간조인,"서울시 단란주점영업 인허가 정보, 서울시 유흥주점영업 인허가 정보"
1153074000,2026-06-17,0,2,,,좌표공간조인,"서울시 단란주점영업 인허가 정보, 서울시 유흥주점영업 인허가 정보"
1153075000,2026-06-17,0,5,,,좌표공간조인,"서울시 단란주점영업 인허가 정보, 서울시 유흥주점영업 인허가 정보"
1153076000,2026-06-17,0,4,,,좌표공간조인,"서울시 단란주점영업 인허가 정보, 서울시 유흥주점영업 인허가 정보"
1153077000,2026-06-17,0,32,,,좌표공간조인,"서울시 단란주점영업 인허가 정보, 서울시 유흥주점영업 인허가 정보"
1153078000,2026-06-17,0,0,,,좌표공간조인,"서울시 단란주점영업 인허가 정보, 서울시 유흥주점영업 인허가 정보"
1153079000,2026-06-17,0,0,,,좌표공간조인,"서울시 단란주점영업 인허가 정보, 서울시 유흥주점영업 인허가 정보"
1153080000,2026-06-17,0,0,,,좌표공간조인,"서울시 단란주점영업 인허가 정보, 서울시 유흥주점영업 인허가 정보"
1154551000,2026-06-17,0,15,,,좌표공간조인,"서울시 단란주점영업 인허가 정보, 서울시 유흥주점영업 인허가 정보"
1154561000,2026-06-17,0,10,,,좌표공간조인,"서울시 단란주점영업 인허가 정보, 서울시 유흥주점영업 인허가 정보"
1154562000,2026-06-17,0,7,,,좌표공간조인,"서울시 단란주점영업 인허가 정보, 서울시 유흥주점영업 인허가 정보"
1154563000,2026-06-17,0,20,,,좌표공간조인,"서울시 단란주점영업 인허가 정보, 서울시 유흥주점영업 인허가 정보"
1154564000,2026-06-17,0,5,,,좌표공간조인,"서울시 단란주점영업 인허가 정보, 서울시 유흥주점영업 인허가 정보"
1154567000,2026-06-17,0,46,,,좌표공간조인,"서울시 단란주점영업 인허가 정보, 서울시 유흥주점영업 인허가 정보"
1154568000,2026-06-17,0,0,,,좌표공간조인,"서울시 단란주점영업 인허가 정보, 서울시 유흥주점영업 인허가 정보"
1154569000,2026-06-17,0,2,,,좌표공간조인,"서울시 단란주점영업 인허가 정보, 서울시 유흥주점영업 인허가 정보"
1154570000,2026-06-17,0,0,,,좌표공간조인,"서울시 단란주점영업 인허가 정보, 서울시 유흥주점영업 인허가 정보"
1154571000,2026-06-17,0,1,,,좌표공간조인,"서울시 단란주점영업 인허가 정보, 서울시 유흥주점영업 인허가 정보"
1156051500,2026-06-17,0,3,,,좌표공간조인,"서울시 단란주점영업 인허가 정보, 서울시 유흥주점영업 인허가 정보"
1156053500,2026-06-17,0,94,,,좌표공간조인,"서울시 단란주점영업 인허가 정보, 서울시 유흥주점영업 인허가 정보"
1156054000,2026-06-17,0,57,,,좌표공간조인,"서울시 단란주점영업 인허가 정보, 서울시 유흥주점영업 인허가 정보"
1156055000,2026-06-17,0,33,,,좌표공간조인,"서울시 단란주점영업 인허가 정보, 서울시 유흥주점영업 인허가 정보"
1156056000,2026-06-17,0,9,,,좌표공간조인,"서울시 단란주점영업 인허가 정보, 서울시 유흥주점영업 인허가 정보"
1156058500,2026-06-17,0,2,,,좌표공간조인,"서울시 단란주점영업 인허가 정보, 서울시 유흥주점영업 인허가 정보"
1156060500,2026-06-17,0,3,,,좌표공간조인,"서울시 단란주점영업 인허가 정보, 서울시 유흥주점영업 인허가 정보"
1156061000,2026-06-17,0,7,,,좌표공간조인,"서울시 단란주점영업 인허가 정보, 서울시 유흥주점영업 인허가 정보"
1156062000,2026-06-17,0,8,,,좌표공간조인,"서울시 단란주점영업 인허가 정보, 서울시 유흥주점영업 인허가 정보"
1156063000,2026-06-17,0,5,,,좌표공간조인,"서울시 단란주점영업 인허가 정보, 서울시 유흥주점영업 인허가 정보"
1156065000,2026-06-17,0,1,,,좌표공간조인,"서울시 단란주점영업 인허가 정보, 서울시 유흥주점영업 인허가 정보"
1156066000,2026-06-17,0,1,,,좌표공간조인,"서울시 단란주점영업 인허가 정보, 서울시 유흥주점영업 인허가 정보"
1156067000,2026-06-17,0,1,,,좌표공간조인,"서울시 단란주점영업 인허가 정보, 서울시 유흥주점영업 인허가 정보"
1156068000,2026-06-17,0,3,,,좌표공간조인,"서울시 단란주점영업 인허가 정보, 서울시 유흥주점영업 인허가 정보"
1156069000,2026-06-17,0,1,,,좌표공간조인,"서울시 단란주점영업 인허가 정보, 서울시 유흥주점영업 인허가 정보"
1156070000,2026-06-17,0,6,,,좌표공간조인,"서울시 단란주점영업 인허가 정보, 서울시 유흥주점영업 인허가 정보"
1156071000,2026-06-17,0,4,,,좌표공간조인,"서울시 단란주점영업 인허가 정보, 서울시 유흥주점영업 인허가 정보"
1156072000,2026-06-17,0,7,,,좌표공간조인,"서울시 단란주점영업 인허가 정보, 서울시 유흥주점영업 인허가 정보"
1159051000,2026-06-17,0,1,,,좌표공간조인,"서울시 단란주점영업 인허가 정보, 서울시 유흥주점영업 인허가 정보"
1159052000,2026-06-17,0,10,,,좌표공간조인,"서울시 단란주점영업 인허가 정보, 서울시 유흥주점영업 인허가 정보"
1159053000,2026-06-17,0,3,,,좌표공간조인,"서울시 단란주점영업 인허가 정보, 서울시 유흥주점영업 인허가 정보"
1159054000,2026-06-17,0,5,,,좌표공간조인,"서울시 단란주점영업 인허가 정보, 서울시 유흥주점영업 인허가 정보"
1159055000,2026-06-17,0,5,,,좌표공간조인,"서울시 단란주점영업 인허가 정보, 서울시 유흥주점영업 인허가 정보"
1159056000,2026-06-17,0,1,,,좌표공간조인,"서울시 단란주점영업 인허가 정보, 서울시 유흥주점영업 인허가 정보"
1159060500,2026-06-17,0,4,,,좌표공간조인,"서울시 단란주점영업 인허가 정보, 서울시 유흥주점영업 인허가 정보"
1159062000,2026-06-17,0,12,,,좌표공간조인,"서울시 단란주점영업 인허가 정보, 서울시 유흥주점영업 인허가 정보"
1159063000,2026-06-17,0,19,,,좌표공간조인,"서울시 단란주점영업 인허가 정보, 서울시 유흥주점영업 인허가 정보"
1159064000,2026-06-17,0,0,,,좌표공간조인,"서울시 단란주점영업 인허가 정보, 서울시 유흥주점영업 인허가 정보"
1159065000,2026-06-17,0,0,,,좌표공간조인,"서울시 단란주점영업 인허가 정보, 서울시 유흥주점영업 인허가 정보"
1159065100,2026-06-17,0,0,,,좌표공간조인,"서울시 단란주점영업 인허가 정보, 서울시 유흥주점영업 인허가 정보"
1159066000,2026-06-17,0,5,,,좌표공간조인,"서울시 단란주점영업 인허가 정보, 서울시 유흥주점영업 인허가 정보"
1159067000,2026-06-17,0,1,,,좌표공간조인,"서울시 단란주점영업 인허가 정보, 서울시 유흥주점영업 인허가 정보"
1159068000,2026-06-17,0,4,,,좌표공간조인,"서울시 단란주점영업 인허가 정보, 서울시 유흥주점영업 인허가 정보"
1162052500,2026-06-17,0,1,,,좌표공간조인,"서울시 단란주점영업 인허가 정보, 서울시 유흥주점영업 인허가 정보"
1162054500,2026-06-17,0,0,,,좌표공간조인,"서울시 단란주점영업 인허가 정보, 서울시 유흥주점영업 인허가 정보"
1162056500,2026-06-17,0,1,,,좌표공간조인,"서울시 단란주점영업 인허가 정보, 서울시 유흥주점영업 인허가 정보"
1162057500,2026-06-17,0,16,,,좌표공간조인,"서울시 단란주점영업 인허가 정보, 서울시 유흥주점영업 인허가 정보"
1162058500,2026-06-17,0,8,,,좌표공간조인,"서울시 단란주점영업 인허가 정보, 서울시 유흥주점영업 인허가 정보"
1162059500,2026-06-17,0,8,,,좌표공간조인,"서울시 단란주점영업 인허가 정보, 서울시 유흥주점영업 인허가 정보"
1162060500,2026-06-17,0,4,,,좌표공간조인,"서울시 단란주점영업 인허가 정보, 서울시 유흥주점영업 인허가 정보"
1162061500,2026-06-17,0,5,,,좌표공간조인,"서울시 단란주점영업 인허가 정보, 서울시 유흥주점영업 인허가 정보"
1162062500,2026-06-17,0,2,,,좌표공간조인,"서울시 단란주점영업 인허가 정보, 서울시 유흥주점영업 인허가 정보"
1162063000,2026-06-17,0,19,,,좌표공간조인,"서울시 단란주점영업 인허가 정보, 서울시 유흥주점영업 인허가 정보"
1162064500,2026-06-17,0,38,,,좌표공간조인,"서울시 단란주점영업 인허가 정보, 서울시 유흥주점영업 인허가 정보"
1162065500,2026-06-17,0,1,,,좌표공간조인,"서울시 단란주점영업 인허가 정보, 서울시 유흥주점영업 인허가 정보"
1162066500,2026-06-17,0,1,,,좌표공간조인,"서울시 단란주점영업 인허가 정보, 서울시 유흥주점영업 인허가 정보"
1162068500,2026-06-17,0,12,,,좌표공간조인,"서울시 단란주점영업 인허가 정보, 서울시 유흥주점영업 인허가 정보"
1162069500,2026-06-17,0,103,,,좌표공간조인,"서울시 단란주점영업 인허가 정보, 서울시 유흥주점영업 인허가 정보"
1162071500,2026-06-17,0,1,,,좌표공간조인,"서울시 단란주점영업 인허가 정보, 서울시 유흥주점영업 인허가 정보"
1162072500,2026-06-17,0,38,,,좌표공간조인,"서울시 단란주점영업 인허가 정보, 서울시 유흥주점영업 인허가 정보"
1162073500,2026-06-17,0,0,,,좌표공간조인,"서울시 단란주점영업 인허가 정보, 서울시 유흥주점영업 인허가 정보"
1162074500,2026-06-17,0,1,,,좌표공간조인,"서울시 단란주점영업 인허가 정보, 서울시 유흥주점영업 인허가 정보"
1162076500,2026-06-17,0,8,,,좌표공간조인,"서울시 단란주점영업 인허가 정보, 서울시 유흥주점영업 인허가 정보"
1162077500,2026-06-17,0,0,,,좌표공간조인,"서울시 단란주점영업 인허가 정보, 서울시 유흥주점영업 인허가 정보"
1165051000,2026-06-17,0,4,,,좌표공간조인,"서울시 단란주점영업 인허가 정보, 서울시 유흥주점영업 인허가 정보"
1165052000,2026-06-17,0,10,,,좌표공간조인,"서울시 단란주점영업 인허가 정보, 서울시 유흥주점영업 인허가 정보"
1165053000,2026-06-17,0,32,,,좌표공간조인,"서울시 단란주점영업 인허가 정보, 서울시 유흥주점영업 인허가 정보"
1165053100,2026-06-17,0,14,,,좌표공간조인,"서울시 단란주점영업 인허가 정보, 서울시 유흥주점영업 인허가 정보"
1165054000,2026-06-17,0,12,,,좌표공간조인,"서울시 단란주점영업 인허가 정보, 서울시 유흥주점영업 인허가 정보"
1165055000,2026-06-17,0,0,,,좌표공간조인,"서울시 단란주점영업 인허가 정보, 서울시 유흥주점영업 인허가 정보"
1165056000,2026-06-17,0,4,,,좌표공간조인,"서울시 단란주점영업 인허가 정보, 서울시 유흥주점영업 인허가 정보"
1165057000,2026-06-17,0,0,,,좌표공간조인,"서울시 단란주점영업 인허가 정보, 서울시 유흥주점영업 인허가 정보"
1165058000,2026-06-17,0,0,,,좌표공간조인,"서울시 단란주점영업 인허가 정보, 서울시 유흥주점영업 인허가 정보"
1165058100,2026-06-17,0,0,,,좌표공간조인,"서울시 단란주점영업 인허가 정보, 서울시 유흥주점영업 인허가 정보"
1165059000,2026-06-17,0,9,,,좌표공간조인,"서울시 단란주점영업 인허가 정보, 서울시 유흥주점영업 인허가 정보"
1165060000,2026-06-17,0,1,,,좌표공간조인,"서울시 단란주점영업 인허가 정보, 서울시 유흥주점영업 인허가 정보"
1165061000,2026-06-17,0,6,,,좌표공간조인,"서울시 단란주점영업 인허가 정보, 서울시 유흥주점영업 인허가 정보"
1165062000,2026-06-17,0,0,,,좌표공간조인,"서울시 단란주점영업 인허가 정보, 서울시 유흥주점영업 인허가 정보"
1165062100,2026-06-17,0,4,,,좌표공간조인,"서울시 단란주점영업 인허가 정보, 서울시 유흥주점영업 인허가 정보"
1165065100,2026-06-17,0,5,,,좌표공간조인,"서울시 단란주점영업 인허가 정보, 서울시 유흥주점영업 인허가 정보"
1165065200,2026-06-17,0,5,,,좌표공간조인,"서울시 단란주점영업 인허가 정보, 서울시 유흥주점영업 인허가 정보"
1165066000,2026-06-17,0,0,,,좌표공간조인,"서울시 단란주점영업 인허가 정보, 서울시 유흥주점영업 인허가 정보"
1168051000,2026-06-17,0,15,,,좌표공간조인,"서울시 단란주점영업 인허가 정보, 서울시 유흥주점영업 인허가 정보"
1168052100,2026-06-17,0,30,,,좌표공간조인,"서울시 단란주점영업 인허가 정보, 서울시 유흥주점영업 인허가 정보"
1168053100,2026-06-17,0,45,,,좌표공간조인,"서울시 단란주점영업 인허가 정보, 서울시 유흥주점영업 인허가 정보"
1168054500,2026-06-17,0,13,,,좌표공간조인,"서울시 단란주점영업 인허가 정보, 서울시 유흥주점영업 인허가 정보"
1168056500,2026-06-17,0,23,,,좌표공간조인,"서울시 단란주점영업 인허가 정보, 서울시 유흥주점영업 인허가 정보"
1168058000,2026-06-17,0,8,,,좌표공간조인,"서울시 단란주점영업 인허가 정보, 서울시 유흥주점영업 인허가 정보"
1168059000,2026-06-17,0,35,,,좌표공간조인,"서울시 단란주점영업 인허가 정보, 서울시 유흥주점영업 인허가 정보"
1168060000,2026-06-17,0,2,,,좌표공간조인,"서울시 단란주점영업 인허가 정보, 서울시 유흥주점영업 인허가 정보"
1168061000,2026-06-17,0,4,,,좌표공간조인,"서울시 단란주점영업 인허가 정보, 서울시 유흥주점영업 인허가 정보"
1168063000,2026-06-17,0,9,,,좌표공간조인,"서울시 단란주점영업 인허가 정보, 서울시 유흥주점영업 인허가 정보"
1168064000,2026-06-17,0,121,,,좌표공간조인,"서울시 단란주점영업 인허가 정보, 서울시 유흥주점영업 인허가 정보"
1168065000,2026-06-17,0,19,,,좌표공간조인,"서울시 단란주점영업 인허가 정보, 서울시 유흥주점영업 인허가 정보"
1168065500,2026-06-17,0,2,,,좌표공간조인,"서울시 단란주점영업 인허가 정보, 서울시 유흥주점영업 인허가 정보"
1168065600,2026-06-17,0,4,,,좌표공간조인,"서울시 단란주점영업 인허가 정보, 서울시 유흥주점영업 인허가 정보"
1168066000,2026-06-17,0,0,,,좌표공간조인,"서울시 단란주점영업 인허가 정보, 서울시 유흥주점영업 인허가 정보"
1168067000,2026-06-17,0,0,,,좌표공간조인,"서울시 단란주점영업 인허가 정보, 서울시 유흥주점영업 인허가 정보"
1168067500,2026-06-17,0,0,,,좌표공간조인,"서울시 단란주점영업 인허가 정보, 서울시 유흥주점영업 인허가 정보"
1168069000,2026-06-17,0,3,,,좌표공간조인,"서울시 단란주점영업 인허가 정보, 서울시 유흥주점영업 인허가 정보"
1168070000,2026-06-17,0,0,,,좌표공간조인,"서울시 단란주점영업 인허가 정보, 서울시 유흥주점영업 인허가 정보"
1168072000,2026-06-17,0,0,,,좌표공간조인,"서울시 단란주점영업 인허가 정보, 서울시 유흥주점영업 인허가 정보"
1168073000,2026-06-17,0,0,,,좌표공간조인,"서울시 단란주점영업 인허가 정보, 서울시 유흥주점영업 인허가 정보"
1168074000,2026-06-17,0,0,,,좌표공간조인,"서울시 단란주점영업 인허가 정보, 서울시 유흥주점영업 인허가 정보"
1168075000,2026-06-17,0,0,,,좌표공간조인,"서울시 단란주점영업 인허가 정보, 서울시 유흥주점영업 인허가 정보"
1171051000,2026-06-17,0,2,,,좌표공간조인,"서울시 단란주점영업 인허가 정보, 서울시 유흥주점영업 인허가 정보"
1171052000,2026-06-17,0,3,,,좌표공간조인,"서울시 단란주점영업 인허가 정보, 서울시 유흥주점영업 인허가 정보"
1171053100,2026-06-17,0,6,,,좌표공간조인,"서울시 단란주점영업 인허가 정보, 서울시 유흥주점영업 인허가 정보"
1171053200,2026-06-17,0,0,,,좌표공간조인,"서울시 단란주점영업 인허가 정보, 서울시 유흥주점영업 인허가 정보"
1171054000,2026-06-17,0,2,,,좌표공간조인,"서울시 단란주점영업 인허가 정보, 서울시 유흥주점영업 인허가 정보"
1171055000,2026-06-17,0,2,,,좌표공간조인,"서울시 단란주점영업 인허가 정보, 서울시 유흥주점영업 인허가 정보"
1171056100,2026-06-17,0,5,,,좌표공간조인,"서울시 단란주점영업 인허가 정보, 서울시 유흥주점영업 인허가 정보"
1171056200,2026-06-17,0,48,,,좌표공간조인,"서울시 단란주점영업 인허가 정보, 서울시 유흥주점영업 인허가 정보"
1171056600,2026-06-17,0,0,,,좌표공간조인,"서울시 단란주점영업 인허가 정보, 서울시 유흥주점영업 인허가 정보"
1171057000,2026-06-17,0,5,,,좌표공간조인,"서울시 단란주점영업 인허가 정보, 서울시 유흥주점영업 인허가 정보"
1171058000,2026-06-17,0,13,,,좌표공간조인,"서울시 단란주점영업 인허가 정보, 서울시 유흥주점영업 인허가 정보"
1171059000,2026-06-17,0,0,,,좌표공간조인,"서울시 단란주점영업 인허가 정보, 서울시 유흥주점영업 인허가 정보"
1171060000,2026-06-17,0,24,,,좌표공간조인,"서울시 단란주점영업 인허가 정보, 서울시 유흥주점영업 인허가 정보"
1171061000,2026-06-17,0,8,,,좌표공간조인,"서울시 단란주점영업 인허가 정보, 서울시 유흥주점영업 인허가 정보"
1171062000,2026-06-17,0,70,,,좌표공간조인,"서울시 단란주점영업 인허가 정보, 서울시 유흥주점영업 인허가 정보"
1171063100,2026-06-17,0,0,,,좌표공간조인,"서울시 단란주점영업 인허가 정보, 서울시 유흥주점영업 인허가 정보"
1171063200,2026-06-17,0,4,,,좌표공간조인,"서울시 단란주점영업 인허가 정보, 서울시 유흥주점영업 인허가 정보"
1171064100,2026-06-17,0,0,,,좌표공간조인,"서울시 단란주점영업 인허가 정보, 서울시 유흥주점영업 인허가 정보"
1171064200,2026-06-17,0,0,,,좌표공간조인,"서울시 단란주점영업 인허가 정보, 서울시 유흥주점영업 인허가 정보"
1171064600,2026-06-17,0,0,,,좌표공간조인,"서울시 단란주점영업 인허가 정보, 서울시 유흥주점영업 인허가 정보"
1171064700,2026-06-17,0,0,,,좌표공간조인,"서울시 단란주점영업 인허가 정보, 서울시 유흥주점영업 인허가 정보"
1171065000,2026-06-17,0,17,,,좌표공간조인,"서울시 단란주점영업 인허가 정보, 서울시 유흥주점영업 인허가 정보"
1171067000,2026-06-17,0,0,,,좌표공간조인,"서울시 단란주점영업 인허가 정보, 서울시 유흥주점영업 인허가 정보"
1171068000,2026-06-17,0,0,,,좌표공간조인,"서울시 단란주점영업 인허가 정보, 서울시 유흥주점영업 인허가 정보"
1171069000,2026-06-17,0,0,,,좌표공간조인,"서울시 단란주점영업 인허가 정보, 서울시 유흥주점영업 인허가 정보"
1171071000,2026-06-17,0,0,,,좌표공간조인,"서울시 단란주점영업 인허가 정보, 서울시 유흥주점영업 인허가 정보"
1171072000,2026-06-17,0,0,,,좌표공간조인,"서울시 단란주점영업 인허가 정보, 서울시 유흥주점영업 인허가 정보"
1174051500,2026-06-17,0,0,,,좌표공간조인,"서울시 단란주점영업 인허가 정보, 서울시 유흥주점영업 인허가 정보"
1174052000,2026-06-17,0,0,,,좌표공간조인,"서울시 단란주점영업 인허가 정보, 서울시 유흥주점영업 인허가 정보"
1174052500,2026-06-17,0,1,,,좌표공간조인,"서울시 단란주점영업 인허가 정보, 서울시 유흥주점영업 인허가 정보"
1174052600,2026-06-17,0,0,,,좌표공간조인,"서울시 단란주점영업 인허가 정보, 서울시 유흥주점영업 인허가 정보"
1174053000,2026-06-17,0,13,,,좌표공간조인,"서울시 단란주점영업 인허가 정보, 서울시 유흥주점영업 인허가 정보"
1174054000,2026-06-17,0,0,,,좌표공간조인,"서울시 단란주점영업 인허가 정보, 서울시 유흥주점영업 인허가 정보"
1174055000,2026-06-17,0,0,,,좌표공간조인,"서울시 단란주점영업 인허가 정보, 서울시 유흥주점영업 인허가 정보"
1174056000,2026-06-17,0,0,,,좌표공간조인,"서울시 단란주점영업 인허가 정보, 서울시 유흥주점영업 인허가 정보"
1174057000,2026-06-17,0,7,,,좌표공간조인,"서울시 단란주점영업 인허가 정보, 서울시 유흥주점영업 인허가 정보"
1174058000,2026-06-17,0,2,,,좌표공간조인,"서울시 단란주점영업 인허가 정보, 서울시 유흥주점영업 인허가 정보"
1174059000,2026-06-17,0,0,,,좌표공간조인,"서울시 단란주점영업 인허가 정보, 서울시 유흥주점영업 인허가 정보"
1174060000,2026-06-17,0,5,,,좌표공간조인,"서울시 단란주점영업 인허가 정보, 서울시 유흥주점영업 인허가 정보"
1174061000,2026-06-17,0,19,,,좌표공간조인,"서울시 단란주점영업 인허가 정보, 서울시 유흥주점영업 인허가 정보"
1174062000,2026-06-17,0,13,,,좌표공간조인,"서울시 단란주점영업 인허가 정보, 서울시 유흥주점영업 인허가 정보"
1174064000,2026-06-17,0,4,,,좌표공간조인,"서울시 단란주점영업 인허가 정보, 서울시 유흥주점영업 인허가 정보"
1174065000,2026-06-17,0,1,,,좌표공간조인,"서울시 단란주점영업 인허가 정보, 서울시 유흥주점영업 인허가 정보"
1174066000,2026-06-17,0,10,,,좌표공간조인,"서울시 단란주점영업 인허가 정보, 서울시 유흥주점영업 인허가 정보"
1174068500,2026-06-17,0,96,,,좌표공간조인,"서울시 단란주점영업 인허가 정보, 서울시 유흥주점영업 인허가 정보"
1174069000,2026-06-17,0,0,,,좌표공간조인,"서울시 단란주점영업 인허가 정보, 서울시 유흥주점영업 인허가 정보"
1174070000,2026-06-17,0,2,,,좌표공간조인,"서울시 단란주점영업 인허가 정보, 서울시 유흥주점영업 인허가 정보"
