region_id,기준일자,지하철_기준일자,버스_기준일자,지하철역수,지하철노선수,최근접지하철역명,최근접지하철역거리_m,버스정류소수,버스정류소_면적당,교통_매핑방법,교통_데이터출처
1111051500,2026-07-13,2026-07-13,2026-07-01,0,0,경복궁(정부서울청사),1012.0,29,11.29,WGS84 좌표의 행정동 경계 포함 여부; 최근접 거리는 행정동 대표 중심점 기준 직선거리,서울특별시 T-DATA 지하철역 좌표정보; 서울 열린데이터광장 서울시 버스정류소 위치정보
1111053000,2026-07-13,2026-07-13,2026-07-01,2,2,경복궁(정부서울청사),348.0,33,28.506,WGS84 좌표의 행정동 경계 포함 여부; 최근접 거리는 행정동 대표 중심점 기준 직선거리,서울특별시 T-DATA 지하철역 좌표정보; 서울 열린데이터광장 서울시 버스정류소 위치정보
1111054000,2026-07-13,2026-07-13,2026-07-01,0,0,안국,1371.0,17,11.508,WGS84 좌표의 행정동 경계 포함 여부; 최근접 거리는 행정동 대표 중심점 기준 직선거리,서울특별시 T-DATA 지하철역 좌표정보; 서울 열린데이터광장 서울시 버스정류소 위치정보
1111055000,2026-07-13,2026-07-13,2026-07-01,0,0,홍제,1956.0,34,14.956,WGS84 좌표의 행정동 경계 포함 여부; 최근접 거리는 행정동 대표 중심점 기준 직선거리,서울특별시 T-DATA 지하철역 좌표정보; 서울 열린데이터광장 서울시 버스정류소 위치정보
1111056000,2026-07-13,2026-07-13,2026-07-01,0,0,독바위,3112.0,54,6.04,WGS84 좌표의 행정동 경계 포함 여부; 최근접 거리는 행정동 대표 중심점 기준 직선거리,서울특별시 T-DATA 지하철역 좌표정보; 서울 열린데이터광장 서울시 버스정류소 위치정보
1111057000,2026-07-13,2026-07-13,2026-07-01,0,0,독립문,291.0,4,10.833,WGS84 좌표의 행정동 경계 포함 여부; 최근접 거리는 행정동 대표 중심점 기준 직선거리,서울특별시 T-DATA 지하철역 좌표정보; 서울 열린데이터광장 서울시 버스정류소 위치정보
1111058000,2026-07-13,2026-07-13,2026-07-01,0,0,서대문,628.0,22,63.461,WGS84 좌표의 행정동 경계 포함 여부; 최근접 거리는 행정동 대표 중심점 기준 직선거리,서울특별시 T-DATA 지하철역 좌표정보; 서울 열린데이터광장 서울시 버스정류소 위치정보
1111060000,2026-07-13,2026-07-13,2026-07-01,0,0,안국,677.0,21,38.918,WGS84 좌표의 행정동 경계 포함 여부; 최근접 거리는 행정동 대표 중심점 기준 직선거리,서울특별시 T-DATA 지하철역 좌표정보; 서울 열린데이터광장 서울시 버스정류소 위치정보
1111061500,2026-07-13,2026-07-13,2026-07-01,5,3,종로3가,296.0,68,28.166,WGS84 좌표의 행정동 경계 포함 여부; 최근접 거리는 행정동 대표 중심점 기준 직선거리,서울특별시 T-DATA 지하철역 좌표정보; 서울 열린데이터광장 서울시 버스정류소 위치정보
1111063000,2026-07-13,2026-07-13,2026-07-01,2,2,종로5가,311.0,18,29.865,WGS84 좌표의 행정동 경계 포함 여부; 최근접 거리는 행정동 대표 중심점 기준 직선거리,서울특별시 T-DATA 지하철역 좌표정보; 서울 열린데이터광장 서울시 버스정류소 위치정보
1111064000,2026-07-13,2026-07-13,2026-07-01,1,1,혜화,308.0,20,25.582,WGS84 좌표의 행정동 경계 포함 여부; 최근접 거리는 행정동 대표 중심점 기준 직선거리,서울특별시 T-DATA 지하철역 좌표정보; 서울 열린데이터광장 서울시 버스정류소 위치정보
1111065000,2026-07-13,2026-07-13,2026-07-01,0,0,혜화,690.0,38,33.578,WGS84 좌표의 행정동 경계 포함 여부; 최근접 거리는 행정동 대표 중심점 기준 직선거리,서울특별시 T-DATA 지하철역 좌표정보; 서울 열린데이터광장 서울시 버스정류소 위치정보
1111067000,2026-07-13,2026-07-13,2026-07-01,2,2,동묘앞,164.0,8,26.237,WGS84 좌표의 행정동 경계 포함 여부; 최근접 거리는 행정동 대표 중심점 기준 직선거리,서울특별시 T-DATA 지하철역 좌표정보; 서울 열린데이터광장 서울시 버스정류소 위치정보
1111068000,2026-07-13,2026-07-13,2026-07-01,0,0,동대문,486.0,1,3.886,WGS84 좌표의 행정동 경계 포함 여부; 최근접 거리는 행정동 대표 중심점 기준 직선거리,서울특별시 T-DATA 지하철역 좌표정보; 서울 열린데이터광장 서울시 버스정류소 위치정보
1111069000,2026-07-13,2026-07-13,2026-07-01,1,1,창신,195.0,6,27.692,WGS84 좌표의 행정동 경계 포함 여부; 최근접 거리는 행정동 대표 중심점 기준 직선거리,서울특별시 T-DATA 지하철역 좌표정보; 서울 열린데이터광장 서울시 버스정류소 위치정보
1111070000,2026-07-13,2026-07-13,2026-07-01,1,1,창신,311.0,12,50.164,WGS84 좌표의 행정동 경계 포함 여부; 최근접 거리는 행정동 대표 중심점 기준 직선거리,서울특별시 T-DATA 지하철역 좌표정보; 서울 열린데이터광장 서울시 버스정류소 위치정보
1111071000,2026-07-13,2026-07-13,2026-07-01,0,0,신설동,312.0,8,22.751,WGS84 좌표의 행정동 경계 포함 여부; 최근접 거리는 행정동 대표 중심점 기준 직선거리,서울특별시 T-DATA 지하철역 좌표정보; 서울 열린데이터광장 서울시 버스정류소 위치정보
1114052000,2026-07-13,2026-07-13,2026-07-01,3,2,시청,118.0,40,42.414,WGS84 좌표의 행정동 경계 포함 여부; 최근접 거리는 행정동 대표 중심점 기준 직선거리,서울특별시 T-DATA 지하철역 좌표정보; 서울 열린데이터광장 서울시 버스정류소 위치정보
1114054000,2026-07-13,2026-07-13,2026-07-01,5,5,회현(남대문시장),202.0,33,36.783,WGS84 좌표의 행정동 경계 포함 여부; 최근접 거리는 행정동 대표 중심점 기준 직선거리,서울특별시 T-DATA 지하철역 좌표정보; 서울 열린데이터광장 서울시 버스정류소 위치정보
1114055000,2026-07-13,2026-07-13,2026-07-01,1,1,을지로입구,273.0,30,30.964,WGS84 좌표의 행정동 경계 포함 여부; 최근접 거리는 행정동 대표 중심점 기준 직선거리,서울특별시 T-DATA 지하철역 좌표정보; 서울 열린데이터광장 서울시 버스정류소 위치정보
1114057000,2026-07-13,2026-07-13,2026-07-01,2,2,충무로,482.0,10,6.833,WGS84 좌표의 행정동 경계 포함 여부; 최근접 거리는 행정동 대표 중심점 기준 직선거리,서울특별시 T-DATA 지하철역 좌표정보; 서울 열린데이터광장 서울시 버스정류소 위치정보
1114058000,2026-07-13,2026-07-13,2026-07-01,1,1,동대입구,492.0,13,12.782,WGS84 좌표의 행정동 경계 포함 여부; 최근접 거리는 행정동 대표 중심점 기준 직선거리,서울특별시 T-DATA 지하철역 좌표정보; 서울 열린데이터광장 서울시 버스정류소 위치정보
1114059000,2026-07-13,2026-07-13,2026-07-01,3,3,동대문역사문화공원,151.0,24,32.58,WGS84 좌표의 행정동 경계 포함 여부; 최근접 거리는 행정동 대표 중심점 기준 직선거리,서울특별시 T-DATA 지하철역 좌표정보; 서울 열린데이터광장 서울시 버스정류소 위치정보
1114060500,2026-07-13,2026-07-13,2026-07-01,4,3,을지로4가,111.0,17,27.815,WGS84 좌표의 행정동 경계 포함 여부; 최근접 거리는 행정동 대표 중심점 기준 직선거리,서울특별시 T-DATA 지하철역 좌표정보; 서울 열린데이터광장 서울시 버스정류소 위치정보
1114061000,,,,,,,,,,,
1114061500,2026-07-13,2026-07-13,2026-07-01,2,1,신당,222.0,8,14.966,WGS84 좌표의 행정동 경계 포함 여부; 최근접 거리는 행정동 대표 중심점 기준 직선거리,서울특별시 T-DATA 지하철역 좌표정보; 서울 열린데이터광장 서울시 버스정류소 위치정보
1114062000,,,,,,,,,,,
1114062500,2026-07-13,2026-07-13,2026-07-01,2,2,약수,192.0,8,15.276,WGS84 좌표의 행정동 경계 포함 여부; 최근접 거리는 행정동 대표 중심점 기준 직선거리,서울특별시 T-DATA 지하철역 좌표정보; 서울 열린데이터광장 서울시 버스정류소 위치정보
1114063000,,,,,,,,,,,
1114063500,2026-07-13,2026-07-13,2026-07-01,2,1,버티고개,371.0,12,24.698,WGS84 좌표의 행정동 경계 포함 여부; 최근접 거리는 행정동 대표 중심점 기준 직선거리,서울특별시 T-DATA 지하철역 좌표정보; 서울 열린데이터광장 서울시 버스정류소 위치정보
1114064000,,,,,,,,,,,
1114064500,2026-07-13,2026-07-13,2026-07-01,0,0,청구,401.0,5,14.607,WGS84 좌표의 행정동 경계 포함 여부; 최근접 거리는 행정동 대표 중심점 기준 직선거리,서울특별시 T-DATA 지하철역 좌표정보; 서울 열린데이터광장 서울시 버스정류소 위치정보
1114065000,2026-07-13,2026-07-13,2026-07-01,1,1,신당,298.0,8,25.051,WGS84 좌표의 행정동 경계 포함 여부; 최근접 거리는 행정동 대표 중심점 기준 직선거리,서울특별시 T-DATA 지하철역 좌표정보; 서울 열린데이터광장 서울시 버스정류소 위치정보
1114066000,,,,,,,,,,,
1114066500,2026-07-13,2026-07-13,2026-07-01,0,0,청구,412.0,4,12.24,WGS84 좌표의 행정동 경계 포함 여부; 최근접 거리는 행정동 대표 중심점 기준 직선거리,서울특별시 T-DATA 지하철역 좌표정보; 서울 열린데이터광장 서울시 버스정류소 위치정보
1114067000,2026-07-13,2026-07-13,2026-07-01,0,0,신당,339.0,7,21.316,WGS84 좌표의 행정동 경계 포함 여부; 최근접 거리는 행정동 대표 중심점 기준 직선거리,서울특별시 T-DATA 지하철역 좌표정보; 서울 열린데이터광장 서울시 버스정류소 위치정보
1114068000,2026-07-13,2026-07-13,2026-07-01,0,0,충정로(경기대입구),300.0,9,18.598,WGS84 좌표의 행정동 경계 포함 여부; 최근접 거리는 행정동 대표 중심점 기준 직선거리,서울특별시 T-DATA 지하철역 좌표정보; 서울 열린데이터광장 서울시 버스정류소 위치정보
1117051000,2026-07-13,2026-07-13,2026-07-01,0,0,서울역,781.0,16,18.491,WGS84 좌표의 행정동 경계 포함 여부; 최근접 거리는 행정동 대표 중심점 기준 직선거리,서울특별시 T-DATA 지하철역 좌표정보; 서울 열린데이터광장 서울시 버스정류소 위치정보
1117052000,2026-07-13,2026-07-13,2026-07-01,1,1,녹사평(용산구청),383.0,27,13.705,WGS84 좌표의 행정동 경계 포함 여부; 최근접 거리는 행정동 대표 중심점 기준 직선거리,서울특별시 T-DATA 지하철역 좌표정보; 서울 열린데이터광장 서울시 버스정류소 위치정보
1117053000,2026-07-13,2026-07-13,2026-07-01,4,3,숙대입구(갈월),248.0,21,17.843,WGS84 좌표의 행정동 경계 포함 여부; 최근접 거리는 행정동 대표 중심점 기준 직선거리,서울특별시 T-DATA 지하철역 좌표정보; 서울 열린데이터광장 서울시 버스정류소 위치정보
1117055500,2026-07-13,2026-07-13,2026-07-01,0,0,숙대입구(갈월),573.0,24,27.103,WGS84 좌표의 행정동 경계 포함 여부; 최근접 거리는 행정동 대표 중심점 기준 직선거리,서울특별시 T-DATA 지하철역 좌표정보; 서울 열린데이터광장 서울시 버스정류소 위치정보
1117056000,2026-07-13,2026-07-13,2026-07-01,0,0,효창공원앞,402.0,23,39.075,WGS84 좌표의 행정동 경계 포함 여부; 최근접 거리는 행정동 대표 중심점 기준 직선거리,서울특별시 T-DATA 지하철역 좌표정보; 서울 열린데이터광장 서울시 버스정류소 위치정보
1117057000,2026-07-13,2026-07-13,2026-07-01,0,0,마포,858.0,23,32.465,WGS84 좌표의 행정동 경계 포함 여부; 최근접 거리는 행정동 대표 중심점 기준 직선거리,서울특별시 T-DATA 지하철역 좌표정보; 서울 열린데이터광장 서울시 버스정류소 위치정보
1117058000,2026-07-13,2026-07-13,2026-07-01,0,0,효창공원앞,399.0,15,33.642,WGS84 좌표의 행정동 경계 포함 여부; 최근접 거리는 행정동 대표 중심점 기준 직선거리,서울특별시 T-DATA 지하철역 좌표정보; 서울 열린데이터광장 서울시 버스정류소 위치정보
1117059000,2026-07-13,2026-07-13,2026-07-01,2,2,효창공원앞,289.0,16,57.694,WGS84 좌표의 행정동 경계 포함 여부; 최근접 거리는 행정동 대표 중심점 기준 직선거리,서울특별시 T-DATA 지하철역 좌표정보; 서울 열린데이터광장 서울시 버스정류소 위치정보
1117062500,2026-07-13,2026-07-13,2026-07-01,6,4,신용산,62.0,41,14.297,WGS84 좌표의 행정동 경계 포함 여부; 최근접 거리는 행정동 대표 중심점 기준 직선거리,서울특별시 T-DATA 지하철역 좌표정보; 서울 열린데이터광장 서울시 버스정류소 위치정보
1117063000,2026-07-13,2026-07-13,2026-07-01,0,0,이촌(국립중앙박물관),818.0,21,7.315,WGS84 좌표의 행정동 경계 포함 여부; 최근접 거리는 행정동 대표 중심점 기준 직선거리,서울특별시 T-DATA 지하철역 좌표정보; 서울 열린데이터광장 서울시 버스정류소 위치정보
1117064000,2026-07-13,2026-07-13,2026-07-01,0,0,노들,1109.0,8,6.641,WGS84 좌표의 행정동 경계 포함 여부; 최근접 거리는 행정동 대표 중심점 기준 직선거리,서울특별시 T-DATA 지하철역 좌표정보; 서울 열린데이터광장 서울시 버스정류소 위치정보
1117065000,2026-07-13,2026-07-13,2026-07-01,1,1,이태원,156.0,15,25.755,WGS84 좌표의 행정동 경계 포함 여부; 최근접 거리는 행정동 대표 중심점 기준 직선거리,서울특별시 T-DATA 지하철역 좌표정보; 서울 열린데이터광장 서울시 버스정류소 위치정보
1117066000,2026-07-13,2026-07-13,2026-07-01,0,0,이태원,831.0,21,24.04,WGS84 좌표의 행정동 경계 포함 여부; 최근접 거리는 행정동 대표 중심점 기준 직선거리,서울특별시 T-DATA 지하철역 좌표정보; 서울 열린데이터광장 서울시 버스정류소 위치정보
1117068500,2026-07-13,2026-07-13,2026-07-01,2,2,한강진,384.0,34,11.223,WGS84 좌표의 행정동 경계 포함 여부; 최근접 거리는 행정동 대표 중심점 기준 직선거리,서울특별시 T-DATA 지하철역 좌표정보; 서울 열린데이터광장 서울시 버스정류소 위치정보
1117069000,2026-07-13,2026-07-13,2026-07-01,1,1,서빙고,34.0,22,7.815,WGS84 좌표의 행정동 경계 포함 여부; 최근접 거리는 행정동 대표 중심점 기준 직선거리,서울특별시 T-DATA 지하철역 좌표정보; 서울 열린데이터광장 서울시 버스정류소 위치정보
1117070000,2026-07-13,2026-07-13,2026-07-01,0,0,한남,783.0,9,12.593,WGS84 좌표의 행정동 경계 포함 여부; 최근접 거리는 행정동 대표 중심점 기준 직선거리,서울특별시 T-DATA 지하철역 좌표정보; 서울 열린데이터광장 서울시 버스정류소 위치정보
1120052000,2026-07-13,2026-07-13,2026-07-01,1,1,상왕십리,353.0,13,34.922,WGS84 좌표의 행정동 경계 포함 여부; 최근접 거리는 행정동 대표 중심점 기준 직선거리,서울특별시 T-DATA 지하철역 좌표정보; 서울 열린데이터광장 서울시 버스정류소 위치정보
1120053500,2026-07-13,2026-07-13,2026-07-01,0,0,상왕십리,278.0,25,35.224,WGS84 좌표의 행정동 경계 포함 여부; 최근접 거리는 행정동 대표 중심점 기준 직선거리,서울특별시 T-DATA 지하철역 좌표정보; 서울 열린데이터광장 서울시 버스정류소 위치정보
1120054000,2026-07-13,2026-07-13,2026-07-01,1,1,마장,256.0,28,27.075,WGS84 좌표의 행정동 경계 포함 여부; 최근접 거리는 행정동 대표 중심점 기준 직선거리,서울특별시 T-DATA 지하철역 좌표정보; 서울 열린데이터광장 서울시 버스정류소 위치정보
1120055000,2026-07-13,2026-07-13,2026-07-01,2,1,한양대,351.0,40,34.227,WGS84 좌표의 행정동 경계 포함 여부; 최근접 거리는 행정동 대표 중심점 기준 직선거리,서울특별시 T-DATA 지하철역 좌표정보; 서울 열린데이터광장 서울시 버스정류소 위치정보
1120056000,2026-07-13,2026-07-13,2026-07-01,3,3,왕십리(성동구청),248.0,26,45.365,WGS84 좌표의 행정동 경계 포함 여부; 최근접 거리는 행정동 대표 중심점 기준 직선거리,서울특별시 T-DATA 지하철역 좌표정보; 서울 열린데이터광장 서울시 버스정류소 위치정보
1120057000,2026-07-13,2026-07-13,2026-07-01,1,1,행당,74.0,25,54.666,WGS84 좌표의 행정동 경계 포함 여부; 최근접 거리는 행정동 대표 중심점 기준 직선거리,서울특별시 T-DATA 지하철역 좌표정보; 서울 열린데이터광장 서울시 버스정류소 위치정보
1120058000,2026-07-13,2026-07-13,2026-07-01,1,1,응봉,126.0,33,59.657,WGS84 좌표의 행정동 경계 포함 여부; 최근접 거리는 행정동 대표 중심점 기준 직선거리,서울특별시 T-DATA 지하철역 좌표정보; 서울 열린데이터광장 서울시 버스정류소 위치정보
1120059000,2026-07-13,2026-07-13,2026-07-01,1,1,신금호,424.0,39,87.621,WGS84 좌표의 행정동 경계 포함 여부; 최근접 거리는 행정동 대표 중심점 기준 직선거리,서울특별시 T-DATA 지하철역 좌표정보; 서울 열린데이터광장 서울시 버스정류소 위치정보
1120061500,2026-07-13,2026-07-13,2026-07-01,0,0,신금호,350.0,38,60.249,WGS84 좌표의 행정동 경계 포함 여부; 최근접 거리는 행정동 대표 중심점 기준 직선거리,서울특별시 T-DATA 지하철역 좌표정보; 서울 열린데이터광장 서울시 버스정류소 위치정보
1120062000,2026-07-13,2026-07-13,2026-07-01,1,1,옥수,732.0,30,36.093,WGS84 좌표의 행정동 경계 포함 여부; 최근접 거리는 행정동 대표 중심점 기준 직선거리,서울특별시 T-DATA 지하철역 좌표정보; 서울 열린데이터광장 서울시 버스정류소 위치정보
1120064500,2026-07-13,2026-07-13,2026-07-01,2,2,옥수,174.0,41,21.346,WGS84 좌표의 행정동 경계 포함 여부; 최근접 거리는 행정동 대표 중심점 기준 직선거리,서울특별시 T-DATA 지하철역 좌표정보; 서울 열린데이터광장 서울시 버스정류소 위치정보
1120065000,2026-07-13,2026-07-13,2026-07-01,1,1,서울숲,380.0,31,16.45,WGS84 좌표의 행정동 경계 포함 여부; 최근접 거리는 행정동 대표 중심점 기준 직선거리,서울특별시 T-DATA 지하철역 좌표정보; 서울 열린데이터광장 서울시 버스정류소 위치정보
1120066000,2026-07-13,2026-07-13,2026-07-01,1,1,뚝섬,386.0,12,12.912,WGS84 좌표의 행정동 경계 포함 여부; 최근접 거리는 행정동 대표 중심점 기준 직선거리,서울특별시 T-DATA 지하철역 좌표정보; 서울 열린데이터광장 서울시 버스정류소 위치정보
1120067000,2026-07-13,2026-07-13,2026-07-01,0,0,성수,915.0,30,25.337,WGS84 좌표의 행정동 경계 포함 여부; 최근접 거리는 행정동 대표 중심점 기준 직선거리,서울특별시 T-DATA 지하철역 좌표정보; 서울 열린데이터광장 서울시 버스정류소 위치정보
1120069000,2026-07-13,2026-07-13,2026-07-01,1,1,성수,217.0,20,18.981,WGS84 좌표의 행정동 경계 포함 여부; 최근접 거리는 행정동 대표 중심점 기준 직선거리,서울특별시 T-DATA 지하철역 좌표정보; 서울 열린데이터광장 서울시 버스정류소 위치정보
1120072000,2026-07-13,2026-07-13,2026-07-01,0,0,장한평,1006.0,13,19.079,WGS84 좌표의 행정동 경계 포함 여부; 최근접 거리는 행정동 대표 중심점 기준 직선거리,서울특별시 T-DATA 지하철역 좌표정보; 서울 열린데이터광장 서울시 버스정류소 위치정보
1120079000,2026-07-13,2026-07-13,2026-07-01,3,2,용답,669.0,12,5.052,WGS84 좌표의 행정동 경계 포함 여부; 최근접 거리는 행정동 대표 중심점 기준 직선거리,서울특별시 T-DATA 지하철역 좌표정보; 서울 열린데이터광장 서울시 버스정류소 위치정보
1121571000,2026-07-13,2026-07-13,2026-07-01,2,2,건대입구,334.0,19,16.734,WGS84 좌표의 행정동 경계 포함 여부; 최근접 거리는 행정동 대표 중심점 기준 직선거리,서울특별시 T-DATA 지하철역 좌표정보; 서울 열린데이터광장 서울시 버스정류소 위치정보
1121573000,2026-07-13,2026-07-13,2026-07-01,0,0,어린이대공원(세종대),564.0,22,29.832,WGS84 좌표의 행정동 경계 포함 여부; 최근접 거리는 행정동 대표 중심점 기준 직선거리,서울특별시 T-DATA 지하철역 좌표정보; 서울 열린데이터광장 서울시 버스정류소 위치정보
1121574000,2026-07-13,2026-07-13,2026-07-01,0,0,군자(능동),581.0,18,29.314,WGS84 좌표의 행정동 경계 포함 여부; 최근접 거리는 행정동 대표 중심점 기준 직선거리,서울특별시 T-DATA 지하철역 좌표정보; 서울 열린데이터광장 서울시 버스정류소 위치정보
1121575000,2026-07-13,2026-07-13,2026-07-01,0,0,군자(능동),486.0,17,31.186,WGS84 좌표의 행정동 경계 포함 여부; 최근접 거리는 행정동 대표 중심점 기준 직선거리,서울특별시 T-DATA 지하철역 좌표정보; 서울 열린데이터광장 서울시 버스정류소 위치정보
1121576000,2026-07-13,2026-07-13,2026-07-01,1,1,중곡,300.0,22,36.581,WGS84 좌표의 행정동 경계 포함 여부; 최근접 거리는 행정동 대표 중심점 기준 직선거리,서울특별시 T-DATA 지하철역 좌표정보; 서울 열린데이터광장 서울시 버스정류소 위치정보
1121577000,2026-07-13,2026-07-13,2026-07-01,0,0,중곡,927.0,34,14.708,WGS84 좌표의 행정동 경계 포함 여부; 최근접 거리는 행정동 대표 중심점 기준 직선거리,서울특별시 T-DATA 지하철역 좌표정보; 서울 열린데이터광장 서울시 버스정류소 위치정보
1121578000,2026-07-13,2026-07-13,2026-07-01,3,2,어린이대공원(세종대),692.0,9,8.247,WGS84 좌표의 행정동 경계 포함 여부; 최근접 거리는 행정동 대표 중심점 기준 직선거리,서울특별시 T-DATA 지하철역 좌표정보; 서울 열린데이터광장 서울시 버스정류소 위치정보
1121581000,2026-07-13,2026-07-13,2026-07-01,1,1,광나루(장신대),297.0,38,15.887,WGS84 좌표의 행정동 경계 포함 여부; 최근접 거리는 행정동 대표 중심점 기준 직선거리,서울특별시 T-DATA 지하철역 좌표정보; 서울 열린데이터광장 서울시 버스정류소 위치정보
1121582000,2026-07-13,2026-07-13,2026-07-01,0,0,구의(광진구청),510.0,13,22.87,WGS84 좌표의 행정동 경계 포함 여부; 최근접 거리는 행정동 대표 중심점 기준 직선거리,서울특별시 T-DATA 지하철역 좌표정보; 서울 열린데이터광장 서울시 버스정류소 위치정보
1121583000,2026-07-13,2026-07-13,2026-07-01,0,0,구의(광진구청),928.0,14,8.453,WGS84 좌표의 행정동 경계 포함 여부; 최근접 거리는 행정동 대표 중심점 기준 직선거리,서울특별시 T-DATA 지하철역 좌표정보; 서울 열린데이터광장 서울시 버스정류소 위치정보
1121584000,2026-07-13,2026-07-13,2026-07-01,0,0,뚝섬유원지,382.0,20,16.729,WGS84 좌표의 행정동 경계 포함 여부; 최근접 거리는 행정동 대표 중심점 기준 직선거리,서울특별시 T-DATA 지하철역 좌표정보; 서울 열린데이터광장 서울시 버스정류소 위치정보
1121584700,2026-07-13,2026-07-13,2026-07-01,1,1,뚝섬유원지,367.0,12,10.177,WGS84 좌표의 행정동 경계 포함 여부; 최근접 거리는 행정동 대표 중심점 기준 직선거리,서울특별시 T-DATA 지하철역 좌표정보; 서울 열린데이터광장 서울시 버스정류소 위치정보
1121585000,2026-07-13,2026-07-13,2026-07-01,1,1,구의(광진구청),506.0,13,21.865,WGS84 좌표의 행정동 경계 포함 여부; 최근접 거리는 행정동 대표 중심점 기준 직선거리,서울특별시 T-DATA 지하철역 좌표정보; 서울 열린데이터광장 서울시 버스정류소 위치정보
1121586000,2026-07-13,2026-07-13,2026-07-01,1,1,아차산(어린이대공원후문),455.0,21,15.141,WGS84 좌표의 행정동 경계 포함 여부; 최근접 거리는 행정동 대표 중심점 기준 직선거리,서울특별시 T-DATA 지하철역 좌표정보; 서울 열린데이터광장 서울시 버스정류소 위치정보
1121587000,2026-07-13,2026-07-13,2026-07-01,1,1,강변(동서울터미널),211.0,23,22.4,WGS84 좌표의 행정동 경계 포함 여부; 최근접 거리는 행정동 대표 중심점 기준 직선거리,서울특별시 T-DATA 지하철역 좌표정보; 서울 열린데이터광장 서울시 버스정류소 위치정보
1123053600,2026-07-13,2026-07-13,2026-07-01,5,3,제기동,355.0,39,24.116,WGS84 좌표의 행정동 경계 포함 여부; 최근접 거리는 행정동 대표 중심점 기준 직선거리,서울특별시 T-DATA 지하철역 좌표정보; 서울 열린데이터광장 서울시 버스정류소 위치정보
1123054500,2026-07-13,2026-07-13,2026-07-01,1,1,제기동,659.0,27,22.866,WGS84 좌표의 행정동 경계 포함 여부; 최근접 거리는 행정동 대표 중심점 기준 직선거리,서울특별시 T-DATA 지하철역 좌표정보; 서울 열린데이터광장 서울시 버스정류소 위치정보
1123056000,2026-07-13,2026-07-13,2026-07-01,2,2,청량리(서울시립대입구),290.0,31,27.535,WGS84 좌표의 행정동 경계 포함 여부; 최근접 거리는 행정동 대표 중심점 기준 직선거리,서울특별시 T-DATA 지하철역 좌표정보; 서울 열린데이터광장 서울시 버스정류소 위치정보
1123057000,2026-07-13,2026-07-13,2026-07-01,0,0,회기,1021.0,12,12.285,WGS84 좌표의 행정동 경계 포함 여부; 최근접 거리는 행정동 대표 중심점 기준 직선거리,서울특별시 T-DATA 지하철역 좌표정보; 서울 열린데이터광장 서울시 버스정류소 위치정보
1123060000,2026-07-13,2026-07-13,2026-07-01,0,0,신답,496.0,27,34.28,WGS84 좌표의 행정동 경계 포함 여부; 최근접 거리는 행정동 대표 중심점 기준 직선거리,서울특별시 T-DATA 지하철역 좌표정보; 서울 열린데이터광장 서울시 버스정류소 위치정보
1123061000,2026-07-13,2026-07-13,2026-07-01,0,0,답십리,861.0,20,22.855,WGS84 좌표의 행정동 경계 포함 여부; 최근접 거리는 행정동 대표 중심점 기준 직선거리,서울특별시 T-DATA 지하철역 좌표정보; 서울 열린데이터광장 서울시 버스정류소 위치정보
1123065000,2026-07-13,2026-07-13,2026-07-01,0,0,장한평,634.0,27,20.132,WGS84 좌표의 행정동 경계 포함 여부; 최근접 거리는 행정동 대표 중심점 기준 직선거리,서울특별시 T-DATA 지하철역 좌표정보; 서울 열린데이터광장 서울시 버스정류소 위치정보
1123066000,2026-07-13,2026-07-13,2026-07-01,0,0,용마산,1313.0,34,34.141,WGS84 좌표의 행정동 경계 포함 여부; 최근접 거리는 행정동 대표 중심점 기준 직선거리,서울특별시 T-DATA 지하철역 좌표정보; 서울 열린데이터광장 서울시 버스정류소 위치정보
1123070500,2026-07-13,2026-07-13,2026-07-01,0,0,고려대(종암),809.0,24,19.942,WGS84 좌표의 행정동 경계 포함 여부; 최근접 거리는 행정동 대표 중심점 기준 직선거리,서울특별시 T-DATA 지하철역 좌표정보; 서울 열린데이터광장 서울시 버스정류소 위치정보
1123071000,2026-07-13,2026-07-13,2026-07-01,0,0,회기,714.0,10,13.049,WGS84 좌표의 행정동 경계 포함 여부; 최근접 거리는 행정동 대표 중심점 기준 직선거리,서울특별시 T-DATA 지하철역 좌표정보; 서울 열린데이터광장 서울시 버스정류소 위치정보
1123072000,2026-07-13,2026-07-13,2026-07-01,1,1,외대앞,464.0,13,24.933,WGS84 좌표의 행정동 경계 포함 여부; 최근접 거리는 행정동 대표 중심점 기준 직선거리,서울특별시 T-DATA 지하철역 좌표정보; 서울 열린데이터광장 서울시 버스정류소 위치정보
1123073000,2026-07-13,2026-07-13,2026-07-01,0,0,회기,792.0,18,16.176,WGS84 좌표의 행정동 경계 포함 여부; 최근접 거리는 행정동 대표 중심점 기준 직선거리,서울특별시 T-DATA 지하철역 좌표정보; 서울 열린데이터광장 서울시 버스정류소 위치정보
1123074000,2026-07-13,2026-07-13,2026-07-01,1,1,외대앞,309.0,30,28.901,WGS84 좌표의 행정동 경계 포함 여부; 최근접 거리는 행정동 대표 중심점 기준 직선거리,서울특별시 T-DATA 지하철역 좌표정보; 서울 열린데이터광장 서울시 버스정류소 위치정보
1123075000,2026-07-13,2026-07-13,2026-07-01,1,1,신이문,111.0,11,15.193,WGS84 좌표의 행정동 경계 포함 여부; 최근접 거리는 행정동 대표 중심점 기준 직선거리,서울특별시 T-DATA 지하철역 좌표정보; 서울 열린데이터광장 서울시 버스정류소 위치정보
1126052000,2026-07-13,2026-07-13,2026-07-01,0,0,중랑,643.0,23,30.162,WGS84 좌표의 행정동 경계 포함 여부; 최근접 거리는 행정동 대표 중심점 기준 직선거리,서울특별시 T-DATA 지하철역 좌표정보; 서울 열린데이터광장 서울시 버스정류소 위치정보
1126054000,2026-07-13,2026-07-13,2026-07-01,1,1,용마산,120.0,13,15.424,WGS84 좌표의 행정동 경계 포함 여부; 최근접 거리는 행정동 대표 중심점 기준 직선거리,서울특별시 T-DATA 지하철역 좌표정보; 서울 열린데이터광장 서울시 버스정류소 위치정보
1126055000,2026-07-13,2026-07-13,2026-07-01,0,0,사가정,866.0,11,15.616,WGS84 좌표의 행정동 경계 포함 여부; 최근접 거리는 행정동 대표 중심점 기준 직선거리,서울특별시 T-DATA 지하철역 좌표정보; 서울 열린데이터광장 서울시 버스정류소 위치정보
1126056500,2026-07-13,2026-07-13,2026-07-01,1,1,면목,168.0,28,33.005,WGS84 좌표의 행정동 경계 포함 여부; 최근접 거리는 행정동 대표 중심점 기준 직선거리,서울특별시 T-DATA 지하철역 좌표정보; 서울 열린데이터광장 서울시 버스정류소 위치정보
1126057000,2026-07-13,2026-07-13,2026-07-01,0,0,사가정,565.0,18,14.581,WGS84 좌표의 행정동 경계 포함 여부; 최근접 거리는 행정동 대표 중심점 기준 직선거리,서울특별시 T-DATA 지하철역 좌표정보; 서울 열린데이터광장 서울시 버스정류소 위치정보
1126057500,2026-07-13,2026-07-13,2026-07-01,1,1,사가정,958.0,30,18.593,WGS84 좌표의 행정동 경계 포함 여부; 최근접 거리는 행정동 대표 중심점 기준 직선거리,서울특별시 T-DATA 지하철역 좌표정보; 서울 열린데이터광장 서울시 버스정류소 위치정보
1126058000,2026-07-13,2026-07-13,2026-07-01,2,1,망우,325.0,13,15.238,WGS84 좌표의 행정동 경계 포함 여부; 최근접 거리는 행정동 대표 중심점 기준 직선거리,서울특별시 T-DATA 지하철역 좌표정보; 서울 열린데이터광장 서울시 버스정류소 위치정보
1126059000,2026-07-13,2026-07-13,2026-07-01,1,1,상봉(시외버스터미널),205.0,18,26.591,WGS84 좌표의 행정동 경계 포함 여부; 최근접 거리는 행정동 대표 중심점 기준 직선거리,서울특별시 T-DATA 지하철역 좌표정보; 서울 열린데이터광장 서울시 버스정류소 위치정보
1126060000,2026-07-13,2026-07-13,2026-07-01,0,0,중화,336.0,14,21.826,WGS84 좌표의 행정동 경계 포함 여부; 최근접 거리는 행정동 대표 중심점 기준 직선거리,서울특별시 T-DATA 지하철역 좌표정보; 서울 열린데이터광장 서울시 버스정류소 위치정보
1126061000,2026-07-13,2026-07-13,2026-07-01,2,2,중랑,483.0,28,27.554,WGS84 좌표의 행정동 경계 포함 여부; 최근접 거리는 행정동 대표 중심점 기준 직선거리,서울특별시 T-DATA 지하철역 좌표정보; 서울 열린데이터광장 서울시 버스정류소 위치정보
1126062000,2026-07-13,2026-07-13,2026-07-01,0,0,먹골,545.0,33,26.667,WGS84 좌표의 행정동 경계 포함 여부; 최근접 거리는 행정동 대표 중심점 기준 직선거리,서울특별시 T-DATA 지하철역 좌표정보; 서울 열린데이터광장 서울시 버스정류소 위치정보
1126063000,2026-07-13,2026-07-13,2026-07-01,1,1,먹골,275.0,20,29.909,WGS84 좌표의 행정동 경계 포함 여부; 최근접 거리는 행정동 대표 중심점 기준 직선거리,서울특별시 T-DATA 지하철역 좌표정보; 서울 열린데이터광장 서울시 버스정류소 위치정보
1126065500,2026-07-13,2026-07-13,2026-07-01,3,3,양원,496.0,56,18.996,WGS84 좌표의 행정동 경계 포함 여부; 최근접 거리는 행정동 대표 중심점 기준 직선거리,서울특별시 T-DATA 지하철역 좌표정보; 서울 열린데이터광장 서울시 버스정류소 위치정보
1126066000,2026-07-13,2026-07-13,2026-07-01,0,0,망우,1285.0,11,11.437,WGS84 좌표의 행정동 경계 포함 여부; 최근접 거리는 행정동 대표 중심점 기준 직선거리,서울특별시 T-DATA 지하철역 좌표정보; 서울 열린데이터광장 서울시 버스정류소 위치정보
1126068000,2026-07-13,2026-07-13,2026-07-01,1,1,신내,79.0,53,20.363,WGS84 좌표의 행정동 경계 포함 여부; 최근접 거리는 행정동 대표 중심점 기준 직선거리,서울특별시 T-DATA 지하철역 좌표정보; 서울 열린데이터광장 서울시 버스정류소 위치정보
1126069000,2026-07-13,2026-07-13,2026-07-01,0,0,봉화산(서울의료원),699.0,19,20.865,WGS84 좌표의 행정동 경계 포함 여부; 최근접 거리는 행정동 대표 중심점 기준 직선거리,서울특별시 T-DATA 지하철역 좌표정보; 서울 열린데이터광장 서울시 버스정류소 위치정보
1129052500,2026-07-13,2026-07-13,2026-07-01,0,0,한성대입구(삼선교),1404.0,46,15.985,WGS84 좌표의 행정동 경계 포함 여부; 최근접 거리는 행정동 대표 중심점 기준 직선거리,서울특별시 T-DATA 지하철역 좌표정보; 서울 열린데이터광장 서울시 버스정류소 위치정보
1129055500,2026-07-13,2026-07-13,2026-07-01,3,2,한성대입구(삼선교),528.0,38,41.058,WGS84 좌표의 행정동 경계 포함 여부; 최근접 거리는 행정동 대표 중심점 기준 직선거리,서울특별시 T-DATA 지하철역 좌표정보; 서울 열린데이터광장 서울시 버스정류소 위치정보
1129057500,2026-07-13,2026-07-13,2026-07-01,0,0,성신여대입구(돈암),216.0,17,23.472,WGS84 좌표의 행정동 경계 포함 여부; 최근접 거리는 행정동 대표 중심점 기준 직선거리,서울특별시 T-DATA 지하철역 좌표정보; 서울 열린데이터광장 서울시 버스정류소 위치정보
1129058000,2026-07-13,2026-07-13,2026-07-01,0,0,길음,410.0,14,28.634,WGS84 좌표의 행정동 경계 포함 여부; 최근접 거리는 행정동 대표 중심점 기준 직선거리,서울특별시 T-DATA 지하철역 좌표정보; 서울 열린데이터광장 서울시 버스정류소 위치정보
1129059000,2026-07-13,2026-07-13,2026-07-01,0,0,성신여대입구(돈암),655.0,34,65.625,WGS84 좌표의 행정동 경계 포함 여부; 최근접 거리는 행정동 대표 중심점 기준 직선거리,서울특별시 T-DATA 지하철역 좌표정보; 서울 열린데이터광장 서울시 버스정류소 위치정보
1129060000,2026-07-13,2026-07-13,2026-07-01,1,1,안암(고대병원앞),226.0,31,22.488,WGS84 좌표의 행정동 경계 포함 여부; 최근접 거리는 행정동 대표 중심점 기준 직선거리,서울특별시 T-DATA 지하철역 좌표정보; 서울 열린데이터광장 서울시 버스정류소 위치정보
1129061000,2026-07-13,2026-07-13,2026-07-01,2,2,보문,272.0,9,16.287,WGS84 좌표의 행정동 경계 포함 여부; 최근접 거리는 행정동 대표 중심점 기준 직선거리,서울특별시 T-DATA 지하철역 좌표정보; 서울 열린데이터광장 서울시 버스정류소 위치정보
1129062000,2026-07-13,2026-07-13,2026-07-01,1,1,정릉,317.0,16,38.868,WGS84 좌표의 행정동 경계 포함 여부; 최근접 거리는 행정동 대표 중심점 기준 직선거리,서울특별시 T-DATA 지하철역 좌표정보; 서울 열린데이터광장 서울시 버스정류소 위치정보
1129063000,2026-07-13,2026-07-13,2026-07-01,0,0,정릉,436.0,46,42.045,WGS84 좌표의 행정동 경계 포함 여부; 최근접 거리는 행정동 대표 중심점 기준 직선거리,서울특별시 T-DATA 지하철역 좌표정보; 서울 열린데이터광장 서울시 버스정류소 위치정보
1129064000,2026-07-13,2026-07-13,2026-07-01,0,0,북한산보국문,1206.0,32,9.625,WGS84 좌표의 행정동 경계 포함 여부; 최근접 거리는 행정동 대표 중심점 기준 직선거리,서울특별시 T-DATA 지하철역 좌표정보; 서울 열린데이터광장 서울시 버스정류소 위치정보
1129065000,2026-07-13,2026-07-13,2026-07-01,1,1,솔샘,1703.0,34,9.529,WGS84 좌표의 행정동 경계 포함 여부; 최근접 거리는 행정동 대표 중심점 기준 직선거리,서울특별시 T-DATA 지하철역 좌표정보; 서울 열린데이터광장 서울시 버스정류소 위치정보
1129066000,2026-07-13,2026-07-13,2026-07-01,1,1,길음,711.0,27,33.889,WGS84 좌표의 행정동 경계 포함 여부; 최근접 거리는 행정동 대표 중심점 기준 직선거리,서울특별시 T-DATA 지하철역 좌표정보; 서울 열린데이터광장 서울시 버스정류소 위치정보
1129068500,2026-07-13,2026-07-13,2026-07-01,0,0,길음,573.0,22,37.443,WGS84 좌표의 행정동 경계 포함 여부; 최근접 거리는 행정동 대표 중심점 기준 직선거리,서울특별시 T-DATA 지하철역 좌표정보; 서울 열린데이터광장 서울시 버스정류소 위치정보
1129070500,2026-07-13,2026-07-13,2026-07-01,0,0,고려대(종암),799.0,59,42.039,WGS84 좌표의 행정동 경계 포함 여부; 최근접 거리는 행정동 대표 중심점 기준 직선거리,서울특별시 T-DATA 지하철역 좌표정보; 서울 열린데이터광장 서울시 버스정류소 위치정보
1129071500,2026-07-13,2026-07-13,2026-07-01,0,0,월곡(동덕여대),787.0,21,26.212,WGS84 좌표의 행정동 경계 포함 여부; 최근접 거리는 행정동 대표 중심점 기준 직선거리,서울특별시 T-DATA 지하철역 좌표정보; 서울 열린데이터광장 서울시 버스정류소 위치정보
1129072500,2026-07-13,2026-07-13,2026-07-01,2,1,월곡(동덕여대),371.0,27,19.792,WGS84 좌표의 행정동 경계 포함 여부; 최근접 거리는 행정동 대표 중심점 기준 직선거리,서울특별시 T-DATA 지하철역 좌표정보; 서울 열린데이터광장 서울시 버스정류소 위치정보
1129076000,2026-07-13,2026-07-13,2026-07-01,0,0,상월곡(한국과학기술연구원),1025.0,33,46.61,WGS84 좌표의 행정동 경계 포함 여부; 최근접 거리는 행정동 대표 중심점 기준 직선거리,서울특별시 T-DATA 지하철역 좌표정보; 서울 열린데이터광장 서울시 버스정류소 위치정보
1129077000,2026-07-13,2026-07-13,2026-07-01,1,1,돌곶이,448.0,30,44.18,WGS84 좌표의 행정동 경계 포함 여부; 최근접 거리는 행정동 대표 중심점 기준 직선거리,서울특별시 T-DATA 지하철역 좌표정보; 서울 열린데이터광장 서울시 버스정류소 위치정보
1129078000,2026-07-13,2026-07-13,2026-07-01,0,0,돌곶이,896.0,34,52.139,WGS84 좌표의 행정동 경계 포함 여부; 최근접 거리는 행정동 대표 중심점 기준 직선거리,서울특별시 T-DATA 지하철역 좌표정보; 서울 열린데이터광장 서울시 버스정류소 위치정보
1129081000,2026-07-13,2026-07-13,2026-07-01,2,2,돌곶이,502.0,30,17.607,WGS84 좌표의 행정동 경계 포함 여부; 최근접 거리는 행정동 대표 중심점 기준 직선거리,서울특별시 T-DATA 지하철역 좌표정보; 서울 열린데이터광장 서울시 버스정류소 위치정보
1130553400,2026-07-13,2026-07-13,2026-07-01,3,1,솔샘,412.0,29,31.406,WGS84 좌표의 행정동 경계 포함 여부; 최근접 거리는 행정동 대표 중심점 기준 직선거리,서울특별시 T-DATA 지하철역 좌표정보; 서울 열린데이터광장 서울시 버스정류소 위치정보
1130553500,2026-07-13,2026-07-13,2026-07-01,1,1,미아(서울사이버대학),222.0,27,32.121,WGS84 좌표의 행정동 경계 포함 여부; 최근접 거리는 행정동 대표 중심점 기준 직선거리,서울특별시 T-DATA 지하철역 좌표정보; 서울 열린데이터광장 서울시 버스정류소 위치정보
1130554500,2026-07-13,2026-07-13,2026-07-01,0,0,미아사거리,550.0,58,53.954,WGS84 좌표의 행정동 경계 포함 여부; 최근접 거리는 행정동 대표 중심점 기준 직선거리,서울특별시 T-DATA 지하철역 좌표정보; 서울 열린데이터광장 서울시 버스정류소 위치정보
1130555500,2026-07-13,2026-07-13,2026-07-01,1,1,삼양사거리,525.0,18,19.371,WGS84 좌표의 행정동 경계 포함 여부; 최근접 거리는 행정동 대표 중심점 기준 직선거리,서울특별시 T-DATA 지하철역 좌표정보; 서울 열린데이터광장 서울시 버스정류소 위치정보
1130557500,2026-07-13,2026-07-13,2026-07-01,0,0,솔샘,427.0,22,35.402,WGS84 좌표의 행정동 경계 포함 여부; 최근접 거리는 행정동 대표 중심점 기준 직선거리,서울특별시 T-DATA 지하철역 좌표정보; 서울 열린데이터광장 서울시 버스정류소 위치정보
1130559500,,,,,,,,,,,
1130560300,,,,,,,,,,,
1130560800,,,,,,,,,,,
1130561500,,,,,,,,,,,
1130562500,,,,,,,,,,,
1130563500,,,,,,,,,,,
1130564500,2026-07-13,2026-07-13,2026-07-01,3,1,북한산우이,1114.0,34,3.214,WGS84 좌표의 행정동 경계 포함 여부; 최근접 거리는 행정동 대표 중심점 기준 직선거리,서울특별시 T-DATA 지하철역 좌표정보; 서울 열린데이터광장 서울시 버스정류소 위치정보
1130566000,2026-07-13,2026-07-13,2026-07-01,0,0,가오리,1255.0,49,16.357,WGS84 좌표의 행정동 경계 포함 여부; 최근접 거리는 행정동 대표 중심점 기준 직선거리,서울특별시 T-DATA 지하철역 좌표정보; 서울 열린데이터광장 서울시 버스정류소 위치정보
1132051100,2026-07-13,2026-07-13,2026-07-01,2,2,녹천,728.0,22,19.62,WGS84 좌표의 행정동 경계 포함 여부; 최근접 거리는 행정동 대표 중심점 기준 직선거리,서울특별시 T-DATA 지하철역 좌표정보; 서울 열린데이터광장 서울시 버스정류소 위치정보
1132051200,2026-07-13,2026-07-13,2026-07-01,0,0,쌍문,702.0,25,38.229,WGS84 좌표의 행정동 경계 포함 여부; 최근접 거리는 행정동 대표 중심점 기준 직선거리,서울특별시 T-DATA 지하철역 좌표정보; 서울 열린데이터광장 서울시 버스정류소 위치정보
1132051300,2026-07-13,2026-07-13,2026-07-01,0,0,녹천,1184.0,14,21.374,WGS84 좌표의 행정동 경계 포함 여부; 최근접 거리는 행정동 대표 중심점 기준 직선거리,서울특별시 T-DATA 지하철역 좌표정보; 서울 열린데이터광장 서울시 버스정류소 위치정보
1132051400,2026-07-13,2026-07-13,2026-07-01,0,0,창동,323.0,37,32.49,WGS84 좌표의 행정동 경계 포함 여부; 최근접 거리는 행정동 대표 중심점 기준 직선거리,서울특별시 T-DATA 지하철역 좌표정보; 서울 열린데이터광장 서울시 버스정류소 위치정보
1132051500,2026-07-13,2026-07-13,2026-07-01,1,1,창동,470.0,18,25.68,WGS84 좌표의 행정동 경계 포함 여부; 최근접 거리는 행정동 대표 중심점 기준 직선거리,서울특별시 T-DATA 지하철역 좌표정보; 서울 열린데이터광장 서울시 버스정류소 위치정보
1132052100,2026-07-13,2026-07-13,2026-07-01,0,0,도봉산,1761.0,36,4.263,WGS84 좌표의 행정동 경계 포함 여부; 최근접 거리는 행정동 대표 중심점 기준 직선거리,서울특별시 T-DATA 지하철역 좌표정보; 서울 열린데이터광장 서울시 버스정류소 위치정보
1132052200,2026-07-13,2026-07-13,2026-07-01,3,2,도봉,264.0,44,39.35,WGS84 좌표의 행정동 경계 포함 여부; 최근접 거리는 행정동 대표 중심점 기준 직선거리,서울특별시 T-DATA 지하철역 좌표정보; 서울 열린데이터광장 서울시 버스정류소 위치정보
1132066000,2026-07-13,2026-07-13,2026-07-01,0,0,솔밭공원,641.0,44,37.45,WGS84 좌표의 행정동 경계 포함 여부; 최근접 거리는 행정동 대표 중심점 기준 직선거리,서울특별시 T-DATA 지하철역 좌표정보; 서울 열린데이터광장 서울시 버스정류소 위치정보
1132067000,2026-07-13,2026-07-13,2026-07-01,0,0,쌍문,961.0,14,25.888,WGS84 좌표의 행정동 경계 포함 여부; 최근접 거리는 행정동 대표 중심점 기준 직선거리,서울특별시 T-DATA 지하철역 좌표정보; 서울 열린데이터광장 서울시 버스정류소 위치정보
1132068000,2026-07-13,2026-07-13,2026-07-01,0,0,쌍문,379.0,15,29.737,WGS84 좌표의 행정동 경계 포함 여부; 최근접 거리는 행정동 대표 중심점 기준 직선거리,서울특별시 T-DATA 지하철역 좌표정보; 서울 열린데이터광장 서울시 버스정류소 위치정보
1132068100,2026-07-13,2026-07-13,2026-07-01,0,0,쌍문,844.0,17,30.661,WGS84 좌표의 행정동 경계 포함 여부; 최근접 거리는 행정동 대표 중심점 기준 직선거리,서울특별시 T-DATA 지하철역 좌표정보; 서울 열린데이터광장 서울시 버스정류소 위치정보
1132069000,2026-07-13,2026-07-13,2026-07-01,1,1,방학,282.0,32,30.767,WGS84 좌표의 행정동 경계 포함 여부; 최근접 거리는 행정동 대표 중심점 기준 직선거리,서울특별시 T-DATA 지하철역 좌표정보; 서울 열린데이터광장 서울시 버스정류소 위치정보
1132070000,2026-07-13,2026-07-13,2026-07-01,0,0,방학,1038.0,23,21.063,WGS84 좌표의 행정동 경계 포함 여부; 최근접 거리는 행정동 대표 중심점 기준 직선거리,서울특별시 T-DATA 지하철역 좌표정보; 서울 열린데이터광장 서울시 버스정류소 위치정보
1132071000,2026-07-13,2026-07-13,2026-07-01,0,0,북한산우이,958.0,26,13.336,WGS84 좌표의 행정동 경계 포함 여부; 최근접 거리는 행정동 대표 중심점 기준 직선거리,서울특별시 T-DATA 지하철역 좌표정보; 서울 열린데이터광장 서울시 버스정류소 위치정보
1135056000,2026-07-13,2026-07-13,2026-07-01,0,0,광운대,362.0,43,37.696,WGS84 좌표의 행정동 경계 포함 여부; 최근접 거리는 행정동 대표 중심점 기준 직선거리,서울특별시 T-DATA 지하철역 좌표정보; 서울 열린데이터광장 서울시 버스정류소 위치정보
1135057000,2026-07-13,2026-07-13,2026-07-01,1,1,월계,670.0,40,19.962,WGS84 좌표의 행정동 경계 포함 여부; 최근접 거리는 행정동 대표 중심점 기준 직선거리,서울특별시 T-DATA 지하철역 좌표정보; 서울 열린데이터광장 서울시 버스정류소 위치정보
1135058000,2026-07-13,2026-07-13,2026-07-01,1,1,광운대,280.0,24,21.177,WGS84 좌표의 행정동 경계 포함 여부; 최근접 거리는 행정동 대표 중심점 기준 직선거리,서울특별시 T-DATA 지하철역 좌표정보; 서울 열린데이터광장 서울시 버스정류소 위치정보
1135059500,2026-07-13,2026-07-13,2026-07-01,3,2,공릉(서울과학기술대),172.0,45,35.649,WGS84 좌표의 행정동 경계 포함 여부; 최근접 거리는 행정동 대표 중심점 기준 직선거리,서울특별시 T-DATA 지하철역 좌표정보; 서울 열린데이터광장 서울시 버스정류소 위치정보
1135060000,2026-07-13,2026-07-13,2026-07-01,1,1,화랑대(서울여대입구),1539.0,52,7.45,WGS84 좌표의 행정동 경계 포함 여부; 최근접 거리는 행정동 대표 중심점 기준 직선거리,서울특별시 T-DATA 지하철역 좌표정보; 서울 열린데이터광장 서울시 버스정류소 위치정보
1135061100,2026-07-13,2026-07-13,2026-07-01,0,0,하계,669.0,32,20.971,WGS84 좌표의 행정동 경계 포함 여부; 최근접 거리는 행정동 대표 중심점 기준 직선거리,서울특별시 T-DATA 지하철역 좌표정보; 서울 열린데이터광장 서울시 버스정류소 위치정보
1135061200,2026-07-13,2026-07-13,2026-07-01,1,1,하계,304.0,22,44.029,WGS84 좌표의 행정동 경계 포함 여부; 최근접 거리는 행정동 대표 중심점 기준 직선거리,서울특별시 T-DATA 지하철역 좌표정보; 서울 열린데이터광장 서울시 버스정류소 위치정보
1135061900,2026-07-13,2026-07-13,2026-07-01,0,0,상계,1747.0,18,8.251,WGS84 좌표의 행정동 경계 포함 여부; 최근접 거리는 행정동 대표 중심점 기준 직선거리,서울특별시 T-DATA 지하철역 좌표정보; 서울 열린데이터광장 서울시 버스정류소 위치정보
1135062100,2026-07-13,2026-07-13,2026-07-01,0,0,중계,1034.0,18,28.894,WGS84 좌표의 행정동 경계 포함 여부; 최근접 거리는 행정동 대표 중심점 기준 직선거리,서울특별시 T-DATA 지하철역 좌표정보; 서울 열린데이터광장 서울시 버스정류소 위치정보
1135062400,2026-07-13,2026-07-13,2026-07-01,0,0,상계,807.0,7,4.611,WGS84 좌표의 행정동 경계 포함 여부; 최근접 거리는 행정동 대표 중심점 기준 직선거리,서울특별시 T-DATA 지하철역 좌표정보; 서울 열린데이터광장 서울시 버스정류소 위치정보
1135062500,2026-07-13,2026-07-13,2026-07-01,1,1,중계,189.0,31,33.755,WGS84 좌표의 행정동 경계 포함 여부; 최근접 거리는 행정동 대표 중심점 기준 직선거리,서울특별시 T-DATA 지하철역 좌표정보; 서울 열린데이터광장 서울시 버스정류소 위치정보
1135063000,2026-07-13,2026-07-13,2026-07-01,1,1,수락산,1060.0,29,5.372,WGS84 좌표의 행정동 경계 포함 여부; 최근접 거리는 행정동 대표 중심점 기준 직선거리,서울특별시 T-DATA 지하철역 좌표정보; 서울 열린데이터광장 서울시 버스정류소 위치정보
1135064000,2026-07-13,2026-07-13,2026-07-01,1,1,노원,340.0,24,38.545,WGS84 좌표의 행정동 경계 포함 여부; 최근접 거리는 행정동 대표 중심점 기준 직선거리,서울특별시 T-DATA 지하철역 좌표정보; 서울 열린데이터광장 서울시 버스정류소 위치정보
1135066500,2026-07-13,2026-07-13,2026-07-01,1,1,불암산,762.0,20,3.84,WGS84 좌표의 행정동 경계 포함 여부; 최근접 거리는 행정동 대표 중심점 기준 직선거리,서울특별시 T-DATA 지하철역 좌표정보; 서울 열린데이터광장 서울시 버스정류소 위치정보
1135067000,2026-07-13,2026-07-13,2026-07-01,1,1,상계,651.0,27,29.798,WGS84 좌표의 행정동 경계 포함 여부; 최근접 거리는 행정동 대표 중심점 기준 직선거리,서울특별시 T-DATA 지하철역 좌표정보; 서울 열린데이터광장 서울시 버스정류소 위치정보
1135069500,2026-07-13,2026-07-13,2026-07-01,1,1,중계,585.0,29,20.012,WGS84 좌표의 행정동 경계 포함 여부; 최근접 거리는 행정동 대표 중심점 기준 직선거리,서울특별시 T-DATA 지하철역 좌표정보; 서울 열린데이터광장 서울시 버스정류소 위치정보
1135070000,2026-07-13,2026-07-13,2026-07-01,1,1,마들,408.0,12,18.022,WGS84 좌표의 행정동 경계 포함 여부; 최근접 거리는 행정동 대표 중심점 기준 직선거리,서울특별시 T-DATA 지하철역 좌표정보; 서울 열린데이터광장 서울시 버스정류소 위치정보
1135071000,2026-07-13,2026-07-13,2026-07-01,0,0,마들,495.0,18,25.035,WGS84 좌표의 행정동 경계 포함 여부; 최근접 거리는 행정동 대표 중심점 기준 직선거리,서울특별시 T-DATA 지하철역 좌표정보; 서울 열린데이터광장 서울시 버스정류소 위치정보
1135072000,2026-07-13,2026-07-13,2026-07-01,0,0,노원,572.0,24,29.681,WGS84 좌표의 행정동 경계 포함 여부; 최근접 거리는 행정동 대표 중심점 기준 직선거리,서울특별시 T-DATA 지하철역 좌표정보; 서울 열린데이터광장 서울시 버스정류소 위치정보
1138051000,2026-07-13,2026-07-13,2026-07-01,2,2,녹번,497.0,27,15.059,WGS84 좌표의 행정동 경계 포함 여부; 최근접 거리는 행정동 대표 중심점 기준 직선거리,서울특별시 T-DATA 지하철역 좌표정보; 서울 열린데이터광장 서울시 버스정류소 위치정보
1138052000,2026-07-13,2026-07-13,2026-07-01,1,1,독바위,527.0,38,12.169,WGS84 좌표의 행정동 경계 포함 여부; 최근접 거리는 행정동 대표 중심점 기준 직선거리,서울특별시 T-DATA 지하철역 좌표정보; 서울 열린데이터광장 서울시 버스정류소 위치정보
1138053000,2026-07-13,2026-07-13,2026-07-01,1,1,독바위,751.0,26,18.637,WGS84 좌표의 행정동 경계 포함 여부; 최근접 거리는 행정동 대표 중심점 기준 직선거리,서울특별시 T-DATA 지하철역 좌표정보; 서울 열린데이터광장 서울시 버스정류소 위치정보
1138055100,2026-07-13,2026-07-13,2026-07-01,0,0,연신내,864.0,33,34.362,WGS84 좌표의 행정동 경계 포함 여부; 최근접 거리는 행정동 대표 중심점 기준 직선거리,서울특별시 T-DATA 지하철역 좌표정보; 서울 열린데이터광장 서울시 버스정류소 위치정보
1138055200,2026-07-13,2026-07-13,2026-07-01,1,1,연신내,725.0,30,30.474,WGS84 좌표의 행정동 경계 포함 여부; 최근접 거리는 행정동 대표 중심점 기준 직선거리,서울특별시 T-DATA 지하철역 좌표정보; 서울 열린데이터광장 서울시 버스정류소 위치정보
1138056000,2026-07-13,2026-07-13,2026-07-01,0,0,구산,880.0,34,24.482,WGS84 좌표의 행정동 경계 포함 여부; 최근접 거리는 행정동 대표 중심점 기준 직선거리,서울특별시 T-DATA 지하철역 좌표정보; 서울 열린데이터광장 서울시 버스정류소 위치정보
1138057000,2026-07-13,2026-07-13,2026-07-01,4,3,구산,528.0,24,28.2,WGS84 좌표의 행정동 경계 포함 여부; 최근접 거리는 행정동 대표 중심점 기준 직선거리,서울특별시 T-DATA 지하철역 좌표정보; 서울 열린데이터광장 서울시 버스정류소 위치정보
1138058000,2026-07-13,2026-07-13,2026-07-01,0,0,녹번,819.0,23,20.739,WGS84 좌표의 행정동 경계 포함 여부; 최근접 거리는 행정동 대표 중심점 기준 직선거리,서울특별시 T-DATA 지하철역 좌표정보; 서울 열린데이터광장 서울시 버스정류소 위치정보
1138059000,2026-07-13,2026-07-13,2026-07-01,0,0,새절(신사),825.0,34,45.052,WGS84 좌표의 행정동 경계 포함 여부; 최근접 거리는 행정동 대표 중심점 기준 직선거리,서울특별시 T-DATA 지하철역 좌표정보; 서울 열린데이터광장 서울시 버스정류소 위치정보
1138060000,2026-07-13,2026-07-13,2026-07-01,0,0,새절(신사),425.0,25,33.235,WGS84 좌표의 행정동 경계 포함 여부; 최근접 거리는 행정동 대표 중심점 기준 직선거리,서울특별시 T-DATA 지하철역 좌표정보; 서울 열린데이터광장 서울시 버스정류소 위치정보
1138062500,2026-07-13,2026-07-13,2026-07-01,0,0,응암,667.0,50,43.227,WGS84 좌표의 행정동 경계 포함 여부; 최근접 거리는 행정동 대표 중심점 기준 직선거리,서울특별시 T-DATA 지하철역 좌표정보; 서울 열린데이터광장 서울시 버스정류소 위치정보
1138063100,2026-07-13,2026-07-13,2026-07-01,1,1,응암,627.0,24,29.713,WGS84 좌표의 행정동 경계 포함 여부; 최근접 거리는 행정동 대표 중심점 기준 직선거리,서울특별시 T-DATA 지하철역 좌표정보; 서울 열린데이터광장 서울시 버스정류소 위치정보
1138063200,2026-07-13,2026-07-13,2026-07-01,1,1,새절(신사),683.0,31,29.652,WGS84 좌표의 행정동 경계 포함 여부; 최근접 거리는 행정동 대표 중심점 기준 직선거리,서울특별시 T-DATA 지하철역 좌표정보; 서울 열린데이터광장 서울시 버스정류소 위치정보
1138064000,2026-07-13,2026-07-13,2026-07-01,1,1,증산(명지대앞),328.0,11,13.628,WGS84 좌표의 행정동 경계 포함 여부; 최근접 거리는 행정동 대표 중심점 기준 직선거리,서울특별시 T-DATA 지하철역 좌표정보; 서울 열린데이터광장 서울시 버스정류소 위치정보
1138065000,2026-07-13,2026-07-13,2026-07-01,2,1,수색,535.0,19,14.74,WGS84 좌표의 행정동 경계 포함 여부; 최근접 거리는 행정동 대표 중심점 기준 직선거리,서울특별시 T-DATA 지하철역 좌표정보; 서울 열린데이터광장 서울시 버스정류소 위치정보
1138069000,2026-07-13,2026-07-13,2026-07-01,1,1,구파발,1707.0,71,6.144,WGS84 좌표의 행정동 경계 포함 여부; 최근접 거리는 행정동 대표 중심점 기준 직선거리,서울특별시 T-DATA 지하철역 좌표정보; 서울 열린데이터광장 서울시 버스정류소 위치정보
1141052000,2026-07-13,2026-07-13,2026-07-01,1,1,독립문,373.0,36,36.657,WGS84 좌표의 행정동 경계 포함 여부; 최근접 거리는 행정동 대표 중심점 기준 직선거리,서울특별시 T-DATA 지하철역 좌표정보; 서울 열린데이터광장 서울시 버스정류소 위치정보
1141055500,2026-07-13,2026-07-13,2026-07-01,0,0,아현,238.0,16,34.885,WGS84 좌표의 행정동 경계 포함 여부; 최근접 거리는 행정동 대표 중심점 기준 직선거리,서울특별시 T-DATA 지하철역 좌표정보; 서울 열린데이터광장 서울시 버스정류소 위치정보
1141056500,2026-07-13,2026-07-13,2026-07-01,3,2,충정로(경기대입구),577.0,43,38.559,WGS84 좌표의 행정동 경계 포함 여부; 최근접 거리는 행정동 대표 중심점 기준 직선거리,서울특별시 T-DATA 지하철역 좌표정보; 서울 열린데이터광장 서울시 버스정류소 위치정보
1141058500,2026-07-13,2026-07-13,2026-07-01,2,2,신촌,490.0,47,17.291,WGS84 좌표의 행정동 경계 포함 여부; 최근접 거리는 행정동 대표 중심점 기준 직선거리,서울특별시 T-DATA 지하철역 좌표정보; 서울 열린데이터광장 서울시 버스정류소 위치정보
1141061500,2026-07-13,2026-07-13,2026-07-01,0,0,가좌,1584.0,57,19.473,WGS84 좌표의 행정동 경계 포함 여부; 최근접 거리는 행정동 대표 중심점 기준 직선거리,서울특별시 T-DATA 지하철역 좌표정보; 서울 열린데이터광장 서울시 버스정류소 위치정보
1141062000,2026-07-13,2026-07-13,2026-07-01,2,1,무악재,541.0,22,17.816,WGS84 좌표의 행정동 경계 포함 여부; 최근접 거리는 행정동 대표 중심점 기준 직선거리,서울특별시 T-DATA 지하철역 좌표정보; 서울 열린데이터광장 서울시 버스정류소 위치정보
1141064000,2026-07-13,2026-07-13,2026-07-01,0,0,홍제,787.0,42,34.768,WGS84 좌표의 행정동 경계 포함 여부; 최근접 거리는 행정동 대표 중심점 기준 직선거리,서울특별시 T-DATA 지하철역 좌표정보; 서울 열린데이터광장 서울시 버스정류소 위치정보
1141065500,2026-07-13,2026-07-13,2026-07-01,0,0,무악재,304.0,9,12.867,WGS84 좌표의 행정동 경계 포함 여부; 최근접 거리는 행정동 대표 중심점 기준 직선거리,서울특별시 T-DATA 지하철역 좌표정보; 서울 열린데이터광장 서울시 버스정류소 위치정보
1141066000,2026-07-13,2026-07-13,2026-07-01,0,0,녹번,987.0,30,18.778,WGS84 좌표의 행정동 경계 포함 여부; 최근접 거리는 행정동 대표 중심점 기준 직선거리,서울특별시 T-DATA 지하철역 좌표정보; 서울 열린데이터광장 서울시 버스정류소 위치정보
1141068500,2026-07-13,2026-07-13,2026-07-01,0,0,홍제,1046.0,71,34.241,WGS84 좌표의 행정동 경계 포함 여부; 최근접 거리는 행정동 대표 중심점 기준 직선거리,서울특별시 T-DATA 지하철역 좌표정보; 서울 열린데이터광장 서울시 버스정류소 위치정보
1141069000,2026-07-13,2026-07-13,2026-07-01,1,1,가좌,376.0,16,33.671,WGS84 좌표의 행정동 경계 포함 여부; 최근접 거리는 행정동 대표 중심점 기준 직선거리,서울특별시 T-DATA 지하철역 좌표정보; 서울 열린데이터광장 서울시 버스정류소 위치정보
1141070000,2026-07-13,2026-07-13,2026-07-01,0,0,가좌,1168.0,25,31.927,WGS84 좌표의 행정동 경계 포함 여부; 최근접 거리는 행정동 대표 중심점 기준 직선거리,서울특별시 T-DATA 지하철역 좌표정보; 서울 열린데이터광장 서울시 버스정류소 위치정보
1141071000,2026-07-13,2026-07-13,2026-07-01,0,0,디지털미디어시티,597.0,11,19.046,WGS84 좌표의 행정동 경계 포함 여부; 최근접 거리는 행정동 대표 중심점 기준 직선거리,서울특별시 T-DATA 지하철역 좌표정보; 서울 열린데이터광장 서울시 버스정류소 위치정보
1141072000,2026-07-13,2026-07-13,2026-07-01,0,0,증산(명지대앞),443.0,36,43.671,WGS84 좌표의 행정동 경계 포함 여부; 최근접 거리는 행정동 대표 중심점 기준 직선거리,서울특별시 T-DATA 지하철역 좌표정보; 서울 열린데이터광장 서울시 버스정류소 위치정보
1144055500,2026-07-13,2026-07-13,2026-07-01,2,2,애오개,419.0,17,22.719,WGS84 좌표의 행정동 경계 포함 여부; 최근접 거리는 행정동 대표 중심점 기준 직선거리,서울특별시 T-DATA 지하철역 좌표정보; 서울 열린데이터광장 서울시 버스정류소 위치정보
1144056500,2026-07-13,2026-07-13,2026-07-01,2,2,애오개,500.0,37,36.327,WGS84 좌표의 행정동 경계 포함 여부; 최근접 거리는 행정동 대표 중심점 기준 직선거리,서울특별시 T-DATA 지하철역 좌표정보; 서울 열린데이터광장 서울시 버스정류소 위치정보
1144058500,2026-07-13,2026-07-13,2026-07-01,2,2,마포,299.0,34,54.439,WGS84 좌표의 행정동 경계 포함 여부; 최근접 거리는 행정동 대표 중심점 기준 직선거리,서울특별시 T-DATA 지하철역 좌표정보; 서울 열린데이터광장 서울시 버스정류소 위치정보
1144059000,2026-07-13,2026-07-13,2026-07-01,1,1,마포,394.0,22,27.848,WGS84 좌표의 행정동 경계 포함 여부; 최근접 거리는 행정동 대표 중심점 기준 직선거리,서울특별시 T-DATA 지하철역 좌표정보; 서울 열린데이터광장 서울시 버스정류소 위치정보
1144060000,2026-07-13,2026-07-13,2026-07-01,3,3,대흥(서강대앞),476.0,31,36.575,WGS84 좌표의 행정동 경계 포함 여부; 최근접 거리는 행정동 대표 중심점 기준 직선거리,서울특별시 T-DATA 지하철역 좌표정보; 서울 열린데이터광장 서울시 버스정류소 위치정보
1144061000,2026-07-13,2026-07-13,2026-07-01,0,0,대흥(서강대앞),538.0,10,20.122,WGS84 좌표의 행정동 경계 포함 여부; 최근접 거리는 행정동 대표 중심점 기준 직선거리,서울특별시 T-DATA 지하철역 좌표정보; 서울 열린데이터광장 서울시 버스정류소 위치정보
1144063000,2026-07-13,2026-07-13,2026-07-01,0,0,광흥창(서강),318.0,24,30.102,WGS84 좌표의 행정동 경계 포함 여부; 최근접 거리는 행정동 대표 중심점 기준 직선거리,서울특별시 T-DATA 지하철역 좌표정보; 서울 열린데이터광장 서울시 버스정류소 위치정보
1144065500,2026-07-13,2026-07-13,2026-07-01,2,1,상수,301.0,62,41.957,WGS84 좌표의 행정동 경계 포함 여부; 최근접 거리는 행정동 대표 중심점 기준 직선거리,서울특별시 T-DATA 지하철역 좌표정보; 서울 열린데이터광장 서울시 버스정류소 위치정보
1144066000,2026-07-13,2026-07-13,2026-07-01,4,4,홍대입구,333.0,80,47.689,WGS84 좌표의 행정동 경계 포함 여부; 최근접 거리는 행정동 대표 중심점 기준 직선거리,서울특별시 T-DATA 지하철역 좌표정보; 서울 열린데이터광장 서울시 버스정류소 위치정보
1144068000,2026-07-13,2026-07-13,2026-07-01,2,2,합정,462.0,28,16.363,WGS84 좌표의 행정동 경계 포함 여부; 최근접 거리는 행정동 대표 중심점 기준 직선거리,서울특별시 T-DATA 지하철역 좌표정보; 서울 열린데이터광장 서울시 버스정류소 위치정보
1144069000,2026-07-13,2026-07-13,2026-07-01,0,0,망원,950.0,25,22.723,WGS84 좌표의 행정동 경계 포함 여부; 최근접 거리는 행정동 대표 중심점 기준 직선거리,서울특별시 T-DATA 지하철역 좌표정보; 서울 열린데이터광장 서울시 버스정류소 위치정보
1144070000,2026-07-13,2026-07-13,2026-07-01,0,0,마포구청,575.0,35,51.782,WGS84 좌표의 행정동 경계 포함 여부; 최근접 거리는 행정동 대표 중심점 기준 직선거리,서울특별시 T-DATA 지하철역 좌표정보; 서울 열린데이터광장 서울시 버스정류소 위치정보
1144071000,2026-07-13,2026-07-13,2026-07-01,0,0,홍대입구,717.0,22,34.005,WGS84 좌표의 행정동 경계 포함 여부; 최근접 거리는 행정동 대표 중심점 기준 직선거리,서울특별시 T-DATA 지하철역 좌표정보; 서울 열린데이터광장 서울시 버스정류소 위치정보
1144072000,2026-07-13,2026-07-13,2026-07-01,0,0,망원,674.0,26,30.281,WGS84 좌표의 행정동 경계 포함 여부; 최근접 거리는 행정동 대표 중심점 기준 직선거리,서울특별시 T-DATA 지하철역 좌표정보; 서울 열린데이터광장 서울시 버스정류소 위치정보
1144073000,2026-07-13,2026-07-13,2026-07-01,2,1,월드컵경기장(성산),271.0,41,20.736,WGS84 좌표의 행정동 경계 포함 여부; 최근접 거리는 행정동 대표 중심점 기준 직선거리,서울특별시 T-DATA 지하철역 좌표정보; 서울 열린데이터광장 서울시 버스정류소 위치정보
1144074000,2026-07-13,2026-07-13,2026-07-01,2,2,월드컵경기장(성산),1718.0,98,11.672,WGS84 좌표의 행정동 경계 포함 여부; 최근접 거리는 행정동 대표 중심점 기준 직선거리,서울특별시 T-DATA 지하철역 좌표정보; 서울 열린데이터광장 서울시 버스정류소 위치정보
1147051000,2026-07-13,2026-07-13,2026-07-01,2,1,오목교(목동운동장앞),342.0,24,16.759,WGS84 좌표의 행정동 경계 포함 여부; 최근접 거리는 행정동 대표 중심점 기준 직선거리,서울특별시 T-DATA 지하철역 좌표정보; 서울 열린데이터광장 서울시 버스정류소 위치정보
1147052000,2026-07-13,2026-07-13,2026-07-01,2,1,염창,371.0,16,15.677,WGS84 좌표의 행정동 경계 포함 여부; 최근접 거리는 행정동 대표 중심점 기준 직선거리,서울특별시 T-DATA 지하철역 좌표정보; 서울 열린데이터광장 서울시 버스정류소 위치정보
1147053000,2026-07-13,2026-07-13,2026-07-01,1,1,등촌,606.0,8,15.053,WGS84 좌표의 행정동 경계 포함 여부; 최근접 거리는 행정동 대표 중심점 기준 직선거리,서울특별시 T-DATA 지하철역 좌표정보; 서울 열린데이터광장 서울시 버스정류소 위치정보
1147054000,2026-07-13,2026-07-13,2026-07-01,0,0,목동,1046.0,14,24.26,WGS84 좌표의 행정동 경계 포함 여부; 최근접 거리는 행정동 대표 중심점 기준 직선거리,서울특별시 T-DATA 지하철역 좌표정보; 서울 열린데이터광장 서울시 버스정류소 위치정보
1147055000,2026-07-13,2026-07-13,2026-07-01,0,0,신목동,955.0,28,15.863,WGS84 좌표의 행정동 경계 포함 여부; 최근접 거리는 행정동 대표 중심점 기준 직선거리,서울특별시 T-DATA 지하철역 좌표정보; 서울 열린데이터광장 서울시 버스정류소 위치정보
1147056000,2026-07-13,2026-07-13,2026-07-01,0,0,까치산,1079.0,9,14.471,WGS84 좌표의 행정동 경계 포함 여부; 최근접 거리는 행정동 대표 중심점 기준 직선거리,서울특별시 T-DATA 지하철역 좌표정보; 서울 열린데이터광장 서울시 버스정류소 위치정보
1147057000,2026-07-13,2026-07-13,2026-07-01,0,0,신정네거리,690.0,9,14.842,WGS84 좌표의 행정동 경계 포함 여부; 최근접 거리는 행정동 대표 중심점 기준 직선거리,서울특별시 T-DATA 지하철역 좌표정보; 서울 열린데이터광장 서울시 버스정류소 위치정보
1147058000,2026-07-13,2026-07-13,2026-07-01,0,0,화곡,1527.0,12,13.081,WGS84 좌표의 행정동 경계 포함 여부; 최근접 거리는 행정동 대표 중심점 기준 직선거리,서울특별시 T-DATA 지하철역 좌표정보; 서울 열린데이터광장 서울시 버스정류소 위치정보
1147059000,2026-07-13,2026-07-13,2026-07-01,0,0,신정네거리,1177.0,10,21.298,WGS84 좌표의 행정동 경계 포함 여부; 최근접 거리는 행정동 대표 중심점 기준 직선거리,서울특별시 T-DATA 지하철역 좌표정보; 서울 열린데이터광장 서울시 버스정류소 위치정보
1147060000,2026-07-13,2026-07-13,2026-07-01,0,0,화곡,976.0,13,20.373,WGS84 좌표의 행정동 경계 포함 여부; 최근접 거리는 행정동 대표 중심점 기준 직선거리,서울특별시 T-DATA 지하철역 좌표정보; 서울 열린데이터광장 서울시 버스정류소 위치정보
1147061000,2026-07-13,2026-07-13,2026-07-01,0,0,신정네거리,1053.0,12,27.029,WGS84 좌표의 행정동 경계 포함 여부; 최근접 거리는 행정동 대표 중심점 기준 직선거리,서울특별시 T-DATA 지하철역 좌표정보; 서울 열린데이터광장 서울시 버스정류소 위치정보
1147061100,2026-07-13,2026-07-13,2026-07-01,0,0,신정네거리,1975.0,19,15.45,WGS84 좌표의 행정동 경계 포함 여부; 최근접 거리는 행정동 대표 중심점 기준 직선거리,서울특별시 T-DATA 지하철역 좌표정보; 서울 열린데이터광장 서울시 버스정류소 위치정보
1147062000,2026-07-13,2026-07-13,2026-07-01,0,0,신정네거리,611.0,28,37.482,WGS84 좌표의 행정동 경계 포함 여부; 최근접 거리는 행정동 대표 중심점 기준 직선거리,서울특별시 T-DATA 지하철역 좌표정보; 서울 열린데이터광장 서울시 버스정류소 위치정보
1147063000,2026-07-13,2026-07-13,2026-07-01,0,0,오목교(목동운동장앞),566.0,14,26.64,WGS84 좌표의 행정동 경계 포함 여부; 최근접 거리는 행정동 대표 중심점 기준 직선거리,서울특별시 T-DATA 지하철역 좌표정보; 서울 열린데이터광장 서울시 버스정류소 위치정보
1147064000,2026-07-13,2026-07-13,2026-07-01,1,1,신정네거리,1390.0,57,20.693,WGS84 좌표의 행정동 경계 포함 여부; 최근접 거리는 행정동 대표 중심점 기준 직선거리,서울특별시 T-DATA 지하철역 좌표정보; 서울 열린데이터광장 서울시 버스정류소 위치정보
1147065000,2026-07-13,2026-07-13,2026-07-01,1,1,신정(은행정),134.0,18,18.065,WGS84 좌표의 행정동 경계 포함 여부; 최근접 거리는 행정동 대표 중심점 기준 직선거리,서울특별시 T-DATA 지하철역 좌표정보; 서울 열린데이터광장 서울시 버스정류소 위치정보
1147067000,2026-07-13,2026-07-13,2026-07-01,0,0,양천구청,521.0,19,20.208,WGS84 좌표의 행정동 경계 포함 여부; 최근접 거리는 행정동 대표 중심점 기준 직선거리,서울특별시 T-DATA 지하철역 좌표정보; 서울 열린데이터광장 서울시 버스정류소 위치정보
1147068000,2026-07-13,2026-07-13,2026-07-01,1,1,양천구청,282.0,27,21.894,WGS84 좌표의 행정동 경계 포함 여부; 최근접 거리는 행정동 대표 중심점 기준 직선거리,서울특별시 T-DATA 지하철역 좌표정보; 서울 열린데이터광장 서울시 버스정류소 위치정보
1150051000,2026-07-13,2026-07-13,2026-07-01,0,0,등촌,693.0,36,20.771,WGS84 좌표의 행정동 경계 포함 여부; 최근접 거리는 행정동 대표 중심점 기준 직선거리,서울특별시 T-DATA 지하철역 좌표정보; 서울 열린데이터광장 서울시 버스정류소 위치정보
1150052000,2026-07-13,2026-07-13,2026-07-01,1,1,증미,268.0,15,23.067,WGS84 좌표의 행정동 경계 포함 여부; 최근접 거리는 행정동 대표 중심점 기준 직선거리,서울특별시 T-DATA 지하철역 좌표정보; 서울 열린데이터광장 서울시 버스정류소 위치정보
1150053000,2026-07-13,2026-07-13,2026-07-01,0,0,등촌,730.0,9,9.89,WGS84 좌표의 행정동 경계 포함 여부; 최근접 거리는 행정동 대표 중심점 기준 직선거리,서울특별시 T-DATA 지하철역 좌표정보; 서울 열린데이터광장 서울시 버스정류소 위치정보
1150053500,2026-07-13,2026-07-13,2026-07-01,1,1,가양,730.0,49,46.244,WGS84 좌표의 행정동 경계 포함 여부; 최근접 거리는 행정동 대표 중심점 기준 직선거리,서울특별시 T-DATA 지하철역 좌표정보; 서울 열린데이터광장 서울시 버스정류소 위치정보
1150054000,2026-07-13,2026-07-13,2026-07-01,2,1,까치산,556.0,27,22.563,WGS84 좌표의 행정동 경계 포함 여부; 최근접 거리는 행정동 대표 중심점 기준 직선거리,서울특별시 T-DATA 지하철역 좌표정보; 서울 열린데이터광장 서울시 버스정류소 위치정보
1150055000,2026-07-13,2026-07-13,2026-07-01,0,0,까치산,683.0,28,61.634,WGS84 좌표의 행정동 경계 포함 여부; 최근접 거리는 행정동 대표 중심점 기준 직선거리,서울특별시 T-DATA 지하철역 좌표정보; 서울 열린데이터광장 서울시 버스정류소 위치정보
1150056000,2026-07-13,2026-07-13,2026-07-01,0,0,우장산,559.0,9,17.26,WGS84 좌표의 행정동 경계 포함 여부; 최근접 거리는 행정동 대표 중심점 기준 직선거리,서울특별시 T-DATA 지하철역 좌표정보; 서울 열린데이터광장 서울시 버스정류소 위치정보
1150057000,2026-07-13,2026-07-13,2026-07-01,0,0,까치산,1156.0,30,35.235,WGS84 좌표의 행정동 경계 포함 여부; 최근접 거리는 행정동 대표 중심점 기준 직선거리,서울특별시 T-DATA 지하철역 좌표정보; 서울 열린데이터광장 서울시 버스정류소 위치정보
1150059000,2026-07-13,2026-07-13,2026-07-01,0,0,화곡,688.0,25,25.729,WGS84 좌표의 행정동 경계 포함 여부; 최근접 거리는 행정동 대표 중심점 기준 직선거리,서울특별시 T-DATA 지하철역 좌표정보; 서울 열린데이터광장 서울시 버스정류소 위치정보
1150059100,2026-07-13,2026-07-13,2026-07-01,0,0,가양,1110.0,29,27.961,WGS84 좌표의 행정동 경계 포함 여부; 최근접 거리는 행정동 대표 중심점 기준 직선거리,서울특별시 T-DATA 지하철역 좌표정보; 서울 열린데이터광장 서울시 버스정류소 위치정보
1150059300,2026-07-13,2026-07-13,2026-07-01,0,0,까치산,333.0,27,45.512,WGS84 좌표의 행정동 경계 포함 여부; 최근접 거리는 행정동 대표 중심점 기준 직선거리,서울특별시 T-DATA 지하철역 좌표정보; 서울 열린데이터광장 서울시 버스정류소 위치정보
1150060300,2026-07-13,2026-07-13,2026-07-01,2,1,양천향교,687.0,56,11.509,WGS84 좌표의 행정동 경계 포함 여부; 최근접 거리는 행정동 대표 중심점 기준 직선거리,서울특별시 T-DATA 지하철역 좌표정보; 서울 열린데이터광장 서울시 버스정류소 위치정보
1150060400,2026-07-13,2026-07-13,2026-07-01,0,0,가양,597.0,13,15.791,WGS84 좌표의 행정동 경계 포함 여부; 최근접 거리는 행정동 대표 중심점 기준 직선거리,서울특별시 T-DATA 지하철역 좌표정보; 서울 열린데이터광장 서울시 버스정류소 위치정보
1150060500,2026-07-13,2026-07-13,2026-07-01,0,0,증미,385.0,14,29.643,WGS84 좌표의 행정동 경계 포함 여부; 최근접 거리는 행정동 대표 중심점 기준 직선거리,서울특별시 T-DATA 지하철역 좌표정보; 서울 열린데이터광장 서울시 버스정류소 위치정보
1150061100,2026-07-13,2026-07-13,2026-07-01,1,1,우장산,996.0,58,20.1,WGS84 좌표의 행정동 경계 포함 여부; 최근접 거리는 행정동 대표 중심점 기준 직선거리,서울특별시 T-DATA 지하철역 좌표정보; 서울 열린데이터광장 서울시 버스정류소 위치정보
1150061500,2026-07-13,2026-07-13,2026-07-01,1,1,우장산,472.0,28,22.21,WGS84 좌표의 행정동 경계 포함 여부; 최근접 거리는 행정동 대표 중심점 기준 직선거리,서울특별시 T-DATA 지하철역 좌표정보; 서울 열린데이터광장 서울시 버스정류소 위치정보
1150062000,2026-07-13,2026-07-13,2026-07-01,3,2,김포공항,907.0,61,5.568,WGS84 좌표의 행정동 경계 포함 여부; 최근접 거리는 행정동 대표 중심점 기준 직선거리,서울특별시 T-DATA 지하철역 좌표정보; 서울 열린데이터광장 서울시 버스정류소 위치정보
1150063000,2026-07-13,2026-07-13,2026-07-01,2,2,신방화,147.0,43,29.161,WGS84 좌표의 행정동 경계 포함 여부; 최근접 거리는 행정동 대표 중심점 기준 직선거리,서울특별시 T-DATA 지하철역 좌표정보; 서울 열린데이터광장 서울시 버스정류소 위치정보
1150064000,2026-07-13,2026-07-13,2026-07-01,7,5,개화,690.0,33,5.363,WGS84 좌표의 행정동 경계 포함 여부; 최근접 거리는 행정동 대표 중심점 기준 직선거리,서울특별시 T-DATA 지하철역 좌표정보; 서울 열린데이터광장 서울시 버스정류소 위치정보
1150064100,2026-07-13,2026-07-13,2026-07-01,1,1,방화,672.0,18,7.039,WGS84 좌표의 행정동 경계 포함 여부; 최근접 거리는 행정동 대표 중심점 기준 직선거리,서울특별시 T-DATA 지하철역 좌표정보; 서울 열린데이터광장 서울시 버스정류소 위치정보
1153051000,2026-07-13,2026-07-13,2026-07-01,3,2,도림천,475.0,32,22.992,WGS84 좌표의 행정동 경계 포함 여부; 최근접 거리는 행정동 대표 중심점 기준 직선거리,서울특별시 T-DATA 지하철역 좌표정보; 서울 열린데이터광장 서울시 버스정류소 위치정보
1153052000,2026-07-13,2026-07-13,2026-07-01,0,0,구일,571.0,21,20.83,WGS84 좌표의 행정동 경계 포함 여부; 최근접 거리는 행정동 대표 중심점 기준 직선거리,서울특별시 T-DATA 지하철역 좌표정보; 서울 열린데이터광장 서울시 버스정류소 위치정보
1153053000,2026-07-13,2026-07-13,2026-07-01,1,1,구로,707.0,42,24.675,WGS84 좌표의 행정동 경계 포함 여부; 최근접 거리는 행정동 대표 중심점 기준 직선거리,서울특별시 T-DATA 지하철역 좌표정보; 서울 열린데이터광장 서울시 버스정류소 위치정보
1153054000,2026-07-13,2026-07-13,2026-07-01,2,2,구로디지털단지,575.0,47,45.221,WGS84 좌표의 행정동 경계 포함 여부; 최근접 거리는 행정동 대표 중심점 기준 직선거리,서울특별시 T-DATA 지하철역 좌표정보; 서울 열린데이터광장 서울시 버스정류소 위치정보
1153055000,2026-07-13,2026-07-13,2026-07-01,1,1,대림(구로구청),447.0,13,24.804,WGS84 좌표의 행정동 경계 포함 여부; 최근접 거리는 행정동 대표 중심점 기준 직선거리,서울특별시 T-DATA 지하철역 좌표정보; 서울 열린데이터광장 서울시 버스정류소 위치정보
1153056000,2026-07-13,2026-07-13,2026-07-01,1,1,구로,593.0,34,33.606,WGS84 좌표의 행정동 경계 포함 여부; 최근접 거리는 행정동 대표 중심점 기준 직선거리,서울특별시 T-DATA 지하철역 좌표정보; 서울 열린데이터광장 서울시 버스정류소 위치정보
1153059500,2026-07-13,2026-07-13,2026-07-01,0,0,남구로,380.0,10,24.349,WGS84 좌표의 행정동 경계 포함 여부; 최근접 거리는 행정동 대표 중심점 기준 직선거리,서울특별시 T-DATA 지하철역 좌표정보; 서울 열린데이터광장 서울시 버스정류소 위치정보
1153072000,2026-07-13,2026-07-13,2026-07-01,0,0,구일,765.0,31,26.947,WGS84 좌표의 행정동 경계 포함 여부; 최근접 거리는 행정동 대표 중심점 기준 직선거리,서울특별시 T-DATA 지하철역 좌표정보; 서울 열린데이터광장 서울시 버스정류소 위치정보
1153073000,2026-07-13,2026-07-13,2026-07-01,0,0,양천구청,1308.0,36,35.133,WGS84 좌표의 행정동 경계 포함 여부; 최근접 거리는 행정동 대표 중심점 기준 직선거리,서울특별시 T-DATA 지하철역 좌표정보; 서울 열린데이터광장 서울시 버스정류소 위치정보
1153074000,2026-07-13,2026-07-13,2026-07-01,1,1,오류동,693.0,46,34.867,WGS84 좌표의 행정동 경계 포함 여부; 최근접 거리는 행정동 대표 중심점 기준 직선거리,서울특별시 T-DATA 지하철역 좌표정보; 서울 열린데이터광장 서울시 버스정류소 위치정보
1153075000,2026-07-13,2026-07-13,2026-07-01,0,0,개봉,361.0,25,31.974,WGS84 좌표의 행정동 경계 포함 여부; 최근접 거리는 행정동 대표 중심점 기준 직선거리,서울특별시 T-DATA 지하철역 좌표정보; 서울 열린데이터광장 서울시 버스정류소 위치정보
1153076000,2026-07-13,2026-07-13,2026-07-01,0,0,광명사거리,842.0,22,26.576,WGS84 좌표의 행정동 경계 포함 여부; 최근접 거리는 행정동 대표 중심점 기준 직선거리,서울특별시 T-DATA 지하철역 좌표정보; 서울 열린데이터광장 서울시 버스정류소 위치정보
1153077000,2026-07-13,2026-07-13,2026-07-01,1,1,오류동,419.0,14,19.255,WGS84 좌표의 행정동 경계 포함 여부; 최근접 거리는 행정동 대표 중심점 기준 직선거리,서울특별시 T-DATA 지하철역 좌표정보; 서울 열린데이터광장 서울시 버스정류소 위치정보
1153078000,2026-07-13,2026-07-13,2026-07-01,1,1,천왕,150.0,58,18.961,WGS84 좌표의 행정동 경계 포함 여부; 최근접 거리는 행정동 대표 중심점 기준 직선거리,서울특별시 T-DATA 지하철역 좌표정보; 서울 열린데이터광장 서울시 버스정류소 위치정보
1153079000,2026-07-13,2026-07-13,2026-07-01,2,2,온수(성공회대입구),688.0,41,15.417,WGS84 좌표의 행정동 경계 포함 여부; 최근접 거리는 행정동 대표 중심점 기준 직선거리,서울특별시 T-DATA 지하철역 좌표정보; 서울 열린데이터광장 서울시 버스정류소 위치정보
1153080000,2026-07-13,2026-07-13,2026-07-01,0,0,온수(성공회대입구),1235.0,31,21.44,WGS84 좌표의 행정동 경계 포함 여부; 최근접 거리는 행정동 대표 중심점 기준 직선거리,서울특별시 T-DATA 지하철역 좌표정보; 서울 열린데이터광장 서울시 버스정류소 위치정보
1154551000,2026-07-13,2026-07-13,2026-07-01,3,2,가산디지털단지,420.0,105,41.816,WGS84 좌표의 행정동 경계 포함 여부; 최근접 거리는 행정동 대표 중심점 기준 직선거리,서울특별시 T-DATA 지하철역 좌표정보; 서울 열린데이터광장 서울시 버스정류소 위치정보
1154561000,2026-07-13,2026-07-13,2026-07-01,0,0,독산,385.0,66,32.032,WGS84 좌표의 행정동 경계 포함 여부; 최근접 거리는 행정동 대표 중심점 기준 직선거리,서울특별시 T-DATA 지하철역 좌표정보; 서울 열린데이터광장 서울시 버스정류소 위치정보
1154562000,2026-07-13,2026-07-13,2026-07-01,0,0,금천구청,1205.0,9,14.592,WGS84 좌표의 행정동 경계 포함 여부; 최근접 거리는 행정동 대표 중심점 기준 직선거리,서울특별시 T-DATA 지하철역 좌표정보; 서울 열린데이터광장 서울시 버스정류소 위치정보
1154563000,2026-07-13,2026-07-13,2026-07-01,0,0,구로디지털단지,1089.0,22,23.547,WGS84 좌표의 행정동 경계 포함 여부; 최근접 거리는 행정동 대표 중심점 기준 직선거리,서울특별시 T-DATA 지하철역 좌표정보; 서울 열린데이터광장 서울시 버스정류소 위치정보
1154564000,2026-07-13,2026-07-13,2026-07-01,0,0,독산,1343.0,15,25.399,WGS84 좌표의 행정동 경계 포함 여부; 최근접 거리는 행정동 대표 중심점 기준 직선거리,서울특별시 T-DATA 지하철역 좌표정보; 서울 열린데이터광장 서울시 버스정류소 위치정보
1154567000,2026-07-13,2026-07-13,2026-07-01,1,1,금천구청,652.0,39,25.62,WGS84 좌표의 행정동 경계 포함 여부; 최근접 거리는 행정동 대표 중심점 기준 직선거리,서울특별시 T-DATA 지하철역 좌표정보; 서울 열린데이터광장 서울시 버스정류소 위치정보
1154568000,2026-07-13,2026-07-13,2026-07-01,0,0,석수,2345.0,23,17.585,WGS84 좌표의 행정동 경계 포함 여부; 최근접 거리는 행정동 대표 중심점 기준 직선거리,서울특별시 T-DATA 지하철역 좌표정보; 서울 열린데이터광장 서울시 버스정류소 위치정보
1154569000,2026-07-13,2026-07-13,2026-07-01,0,0,석수,647.0,16,12.694,WGS84 좌표의 행정동 경계 포함 여부; 최근접 거리는 행정동 대표 중심점 기준 직선거리,서울특별시 T-DATA 지하철역 좌표정보; 서울 열린데이터광장 서울시 버스정류소 위치정보
1154570000,2026-07-13,2026-07-13,2026-07-01,0,0,금천구청,1443.0,23,28.011,WGS84 좌표의 행정동 경계 포함 여부; 최근접 거리는 행정동 대표 중심점 기준 직선거리,서울특별시 T-DATA 지하철역 좌표정보; 서울 열린데이터광장 서울시 버스정류소 위치정보
1154571000,2026-07-13,2026-07-13,2026-07-01,0,0,석수,1640.0,35,25.253,WGS84 좌표의 행정동 경계 포함 여부; 최근접 거리는 행정동 대표 중심점 기준 직선거리,서울특별시 T-DATA 지하철역 좌표정보; 서울 열린데이터광장 서울시 버스정류소 위치정보
1156051500,2026-07-13,2026-07-13,2026-07-01,1,1,영등포,264.0,19,22.465,WGS84 좌표의 행정동 경계 포함 여부; 최근접 거리는 행정동 대표 중심점 기준 직선거리,서울특별시 T-DATA 지하철역 좌표정보; 서울 열린데이터광장 서울시 버스정류소 위치정보
1156053500,2026-07-13,2026-07-13,2026-07-01,2,1,영등포시장,248.0,44,32.085,WGS84 좌표의 행정동 경계 포함 여부; 최근접 거리는 행정동 대표 중심점 기준 직선거리,서울특별시 T-DATA 지하철역 좌표정보; 서울 열린데이터광장 서울시 버스정류소 위치정보
1156054000,2026-07-13,2026-07-13,2026-07-01,6,3,여의나루,421.0,58,6.879,WGS84 좌표의 행정동 경계 포함 여부; 최근접 거리는 행정동 대표 중심점 기준 직선거리,서울특별시 T-DATA 지하철역 좌표정보; 서울 열린데이터광장 서울시 버스정류소 위치정보
1156055000,2026-07-13,2026-07-13,2026-07-01,2,2,영등포구청,158.0,20,26.854,WGS84 좌표의 행정동 경계 포함 여부; 최근접 거리는 행정동 대표 중심점 기준 직선거리,서울특별시 T-DATA 지하철역 좌표정보; 서울 열린데이터광장 서울시 버스정류소 위치정보
1156056000,2026-07-13,2026-07-13,2026-07-01,2,2,당산,87.0,41,25.952,WGS84 좌표의 행정동 경계 포함 여부; 최근접 거리는 행정동 대표 중심점 기준 직선거리,서울특별시 T-DATA 지하철역 좌표정보; 서울 열린데이터광장 서울시 버스정류소 위치정보
1156058500,2026-07-13,2026-07-13,2026-07-01,0,0,신도림,833.0,22,37.578,WGS84 좌표의 행정동 경계 포함 여부; 최근접 거리는 행정동 대표 중심점 기준 직선거리,서울특별시 T-DATA 지하철역 좌표정보; 서울 열린데이터광장 서울시 버스정류소 위치정보
1156060500,2026-07-13,2026-07-13,2026-07-01,1,1,문래,362.0,43,24.084,WGS84 좌표의 행정동 경계 포함 여부; 최근접 거리는 행정동 대표 중심점 기준 직선거리,서울특별시 T-DATA 지하철역 좌표정보; 서울 열린데이터광장 서울시 버스정류소 위치정보
1156061000,2026-07-13,2026-07-13,2026-07-01,1,1,양평,53.0,22,22.583,WGS84 좌표의 행정동 경계 포함 여부; 최근접 거리는 행정동 대표 중심점 기준 직선거리,서울특별시 T-DATA 지하철역 좌표정보; 서울 열린데이터광장 서울시 버스정류소 위치정보
1156062000,2026-07-13,2026-07-13,2026-07-01,1,1,선유도,662.0,28,9.748,WGS84 좌표의 행정동 경계 포함 여부; 최근접 거리는 행정동 대표 중심점 기준 직선거리,서울특별시 T-DATA 지하철역 좌표정보; 서울 열린데이터광장 서울시 버스정류소 위치정보
1156063000,2026-07-13,2026-07-13,2026-07-01,1,1,신길,512.0,20,27.686,WGS84 좌표의 행정동 경계 포함 여부; 최근접 거리는 행정동 대표 중심점 기준 직선거리,서울특별시 T-DATA 지하철역 좌표정보; 서울 열린데이터광장 서울시 버스정류소 위치정보
1156065000,2026-07-13,2026-07-13,2026-07-01,0,0,신풍,776.0,24,46.18,WGS84 좌표의 행정동 경계 포함 여부; 최근접 거리는 행정동 대표 중심점 기준 직선거리,서울특별시 T-DATA 지하철역 좌표정보; 서울 열린데이터광장 서울시 버스정류소 위치정보
1156066000,2026-07-13,2026-07-13,2026-07-01,0,0,신풍,797.0,12,37.225,WGS84 좌표의 행정동 경계 포함 여부; 최근접 거리는 행정동 대표 중심점 기준 직선거리,서울특별시 T-DATA 지하철역 좌표정보; 서울 열린데이터광장 서울시 버스정류소 위치정보
1156067000,2026-07-13,2026-07-13,2026-07-01,0,0,신풍,403.0,21,42.485,WGS84 좌표의 행정동 경계 포함 여부; 최근접 거리는 행정동 대표 중심점 기준 직선거리,서울특별시 T-DATA 지하철역 좌표정보; 서울 열린데이터광장 서울시 버스정류소 위치정보
1156068000,2026-07-13,2026-07-13,2026-07-01,2,2,신풍,354.0,23,37.223,WGS84 좌표의 행정동 경계 포함 여부; 최근접 거리는 행정동 대표 중심점 기준 직선거리,서울특별시 T-DATA 지하철역 좌표정보; 서울 열린데이터광장 서울시 버스정류소 위치정보
1156069000,2026-07-13,2026-07-13,2026-07-01,3,2,서울지방병무청,278.0,31,47.936,WGS84 좌표의 행정동 경계 포함 여부; 최근접 거리는 행정동 대표 중심점 기준 직선거리,서울특별시 T-DATA 지하철역 좌표정보; 서울 열린데이터광장 서울시 버스정류소 위치정보
1156070000,2026-07-13,2026-07-13,2026-07-01,0,0,대림(구로구청),723.0,16,32.089,WGS84 좌표의 행정동 경계 포함 여부; 최근접 거리는 행정동 대표 중심점 기준 직선거리,서울특별시 T-DATA 지하철역 좌표정보; 서울 열린데이터광장 서울시 버스정류소 위치정보
1156071000,2026-07-13,2026-07-13,2026-07-01,1,1,대림(구로구청),483.0,12,20.974,WGS84 좌표의 행정동 경계 포함 여부; 최근접 거리는 행정동 대표 중심점 기준 직선거리,서울특별시 T-DATA 지하철역 좌표정보; 서울 열린데이터광장 서울시 버스정류소 위치정보
1156072000,2026-07-13,2026-07-13,2026-07-01,0,0,대림(구로구청),775.0,37,40.173,WGS84 좌표의 행정동 경계 포함 여부; 최근접 거리는 행정동 대표 중심점 기준 직선거리,서울특별시 T-DATA 지하철역 좌표정보; 서울 열린데이터광장 서울시 버스정류소 위치정보
1159051000,2026-07-13,2026-07-13,2026-07-01,3,2,노들,384.0,49,30.392,WGS84 좌표의 행정동 경계 포함 여부; 최근접 거리는 행정동 대표 중심점 기준 직선거리,서울특별시 T-DATA 지하철역 좌표정보; 서울 열린데이터광장 서울시 버스정류소 위치정보
1159052000,2026-07-13,2026-07-13,2026-07-01,0,0,노량진,402.0,12,19.996,WGS84 좌표의 행정동 경계 포함 여부; 최근접 거리는 행정동 대표 중심점 기준 직선거리,서울특별시 T-DATA 지하철역 좌표정보; 서울 열린데이터광장 서울시 버스정류소 위치정보
1159053000,2026-07-13,2026-07-13,2026-07-01,2,1,숭실대입구(살피재),263.0,44,29.701,WGS84 좌표의 행정동 경계 포함 여부; 최근접 거리는 행정동 대표 중심점 기준 직선거리,서울특별시 T-DATA 지하철역 좌표정보; 서울 열린데이터광장 서울시 버스정류소 위치정보
1159054000,2026-07-13,2026-07-13,2026-07-01,1,1,장승배기,276.0,36,46.249,WGS84 좌표의 행정동 경계 포함 여부; 최근접 거리는 행정동 대표 중심점 기준 직선거리,서울특별시 T-DATA 지하철역 좌표정보; 서울 열린데이터광장 서울시 버스정류소 위치정보
1159055000,2026-07-13,2026-07-13,2026-07-01,0,0,신대방삼거리,475.0,33,51.813,WGS84 좌표의 행정동 경계 포함 여부; 최근접 거리는 행정동 대표 중심점 기준 직선거리,서울특별시 T-DATA 지하철역 좌표정보; 서울 열린데이터광장 서울시 버스정류소 위치정보
1159056000,2026-07-13,2026-07-13,2026-07-01,0,0,장승배기,840.0,36,38.344,WGS84 좌표의 행정동 경계 포함 여부; 최근접 거리는 행정동 대표 중심점 기준 직선거리,서울특별시 T-DATA 지하철역 좌표정보; 서울 열린데이터광장 서울시 버스정류소 위치정보
1159060500,2026-07-13,2026-07-13,2026-07-01,1,1,흑석(중앙대입구),393.0,55,32.22,WGS84 좌표의 행정동 경계 포함 여부; 최근접 거리는 행정동 대표 중심점 기준 직선거리,서울특별시 T-DATA 지하철역 좌표정보; 서울 열린데이터광장 서울시 버스정류소 위치정보
1159062000,2026-07-13,2026-07-13,2026-07-01,3,3,사당,482.0,12,18.907,WGS84 좌표의 행정동 경계 포함 여부; 최근접 거리는 행정동 대표 중심점 기준 직선거리,서울특별시 T-DATA 지하철역 좌표정보; 서울 열린데이터광장 서울시 버스정류소 위치정보
1159063000,2026-07-13,2026-07-13,2026-07-01,3,2,동작(현충원),695.0,26,9.417,WGS84 좌표의 행정동 경계 포함 여부; 최근접 거리는 행정동 대표 중심점 기준 직선거리,서울특별시 T-DATA 지하철역 좌표정보; 서울 열린데이터광장 서울시 버스정류소 위치정보
1159064000,2026-07-13,2026-07-13,2026-07-01,0,0,남성,462.0,27,29.767,WGS84 좌표의 행정동 경계 포함 여부; 최근접 거리는 행정동 대표 중심점 기준 직선거리,서울특별시 T-DATA 지하철역 좌표정보; 서울 열린데이터광장 서울시 버스정류소 위치정보
1159065000,2026-07-13,2026-07-13,2026-07-01,1,1,남성,452.0,4,9.178,WGS84 좌표의 행정동 경계 포함 여부; 최근접 거리는 행정동 대표 중심점 기준 직선거리,서울특별시 T-DATA 지하철역 좌표정보; 서울 열린데이터광장 서울시 버스정류소 위치정보
1159065100,2026-07-13,2026-07-13,2026-07-01,0,0,남성,572.0,24,35.207,WGS84 좌표의 행정동 경계 포함 여부; 최근접 거리는 행정동 대표 중심점 기준 직선거리,서울특별시 T-DATA 지하철역 좌표정보; 서울 열린데이터광장 서울시 버스정류소 위치정보
1159066000,2026-07-13,2026-07-13,2026-07-01,2,1,서울지방병무청,481.0,53,34.332,WGS84 좌표의 행정동 경계 포함 여부; 최근접 거리는 행정동 대표 중심점 기준 직선거리,서울특별시 T-DATA 지하철역 좌표정보; 서울 열린데이터광장 서울시 버스정류소 위치정보
1159067000,2026-07-13,2026-07-13,2026-07-01,0,0,신대방,355.0,14,20.747,WGS84 좌표의 행정동 경계 포함 여부; 최근접 거리는 행정동 대표 중심점 기준 직선거리,서울특별시 T-DATA 지하철역 좌표정보; 서울 열린데이터광장 서울시 버스정류소 위치정보
1159068000,2026-07-13,2026-07-13,2026-07-01,2,1,보라매병원,242.0,26,26.812,WGS84 좌표의 행정동 경계 포함 여부; 최근접 거리는 행정동 대표 중심점 기준 직선거리,서울특별시 T-DATA 지하철역 좌표정보; 서울 열린데이터광장 서울시 버스정류소 위치정보
1162052500,2026-07-13,2026-07-13,2026-07-01,1,1,당곡,448.0,25,33.064,WGS84 좌표의 행정동 경계 포함 여부; 최근접 거리는 행정동 대표 중심점 기준 직선거리,서울특별시 T-DATA 지하철역 좌표정보; 서울 열린데이터광장 서울시 버스정류소 위치정보
1162054500,2026-07-13,2026-07-13,2026-07-01,0,0,숭실대입구(살피재),875.0,8,26.942,WGS84 좌표의 행정동 경계 포함 여부; 최근접 거리는 행정동 대표 중심점 기준 직선거리,서울특별시 T-DATA 지하철역 좌표정보; 서울 열린데이터광장 서울시 버스정류소 위치정보
1162056500,2026-07-13,2026-07-13,2026-07-01,0,0,숭실대입구(살피재),760.0,29,42.791,WGS84 좌표의 행정동 경계 포함 여부; 최근접 거리는 행정동 대표 중심점 기준 직선거리,서울특별시 T-DATA 지하철역 좌표정보; 서울 열린데이터광장 서울시 버스정류소 위치정보
1162057500,2026-07-13,2026-07-13,2026-07-01,0,0,낙성대,528.0,15,20.9,WGS84 좌표의 행정동 경계 포함 여부; 최근접 거리는 행정동 대표 중심점 기준 직선거리,서울특별시 T-DATA 지하철역 좌표정보; 서울 열린데이터광장 서울시 버스정류소 위치정보
1162058500,2026-07-13,2026-07-13,2026-07-01,0,0,낙성대,1080.0,34,15.037,WGS84 좌표의 행정동 경계 포함 여부; 최근접 거리는 행정동 대표 중심점 기준 직선거리,서울특별시 T-DATA 지하철역 좌표정보; 서울 열린데이터광장 서울시 버스정류소 위치정보
1162059500,2026-07-13,2026-07-13,2026-07-01,2,1,봉천,590.0,16,13.392,WGS84 좌표의 행정동 경계 포함 여부; 최근접 거리는 행정동 대표 중심점 기준 직선거리,서울특별시 T-DATA 지하철역 좌표정보; 서울 열린데이터광장 서울시 버스정류소 위치정보
1162060500,2026-07-13,2026-07-13,2026-07-01,0,0,봉천,515.0,40,51.571,WGS84 좌표의 행정동 경계 포함 여부; 최근접 거리는 행정동 대표 중심점 기준 직선거리,서울특별시 T-DATA 지하철역 좌표정보; 서울 열린데이터광장 서울시 버스정류소 위치정보
1162061500,2026-07-13,2026-07-13,2026-07-01,0,0,서울대입구(관악구청),371.0,12,31.214,WGS84 좌표의 행정동 경계 포함 여부; 최근접 거리는 행정동 대표 중심점 기준 직선거리,서울특별시 T-DATA 지하철역 좌표정보; 서울 열린데이터광장 서울시 버스정류소 위치정보
1162062500,2026-07-13,2026-07-13,2026-07-01,1,1,낙성대,872.0,24,22.053,WGS84 좌표의 행정동 경계 포함 여부; 최근접 거리는 행정동 대표 중심점 기준 직선거리,서울특별시 T-DATA 지하철역 좌표정보; 서울 열린데이터광장 서울시 버스정류소 위치정보
1162063000,2026-07-13,2026-07-13,2026-07-01,0,0,남태령,1005.0,9,2.745,WGS84 좌표의 행정동 경계 포함 여부; 최근접 거리는 행정동 대표 중심점 기준 직선거리,서울특별시 T-DATA 지하철역 좌표정보; 서울 열린데이터광장 서울시 버스정류소 위치정보
1162064500,2026-07-13,2026-07-13,2026-07-01,2,2,서원,264.0,21,32.455,WGS84 좌표의 행정동 경계 포함 여부; 최근접 거리는 행정동 대표 중심점 기준 직선거리,서울특별시 T-DATA 지하철역 좌표정보; 서울 열린데이터광장 서울시 버스정류소 위치정보
1162065500,2026-07-13,2026-07-13,2026-07-01,0,0,서원,582.0,10,18.363,WGS84 좌표의 행정동 경계 포함 여부; 최근접 거리는 행정동 대표 중심점 기준 직선거리,서울특별시 T-DATA 지하철역 좌표정보; 서울 열린데이터광장 서울시 버스정류소 위치정보
1162066500,2026-07-13,2026-07-13,2026-07-01,1,1,관악산(서울대),523.0,23,24.454,WGS84 좌표의 행정동 경계 포함 여부; 최근접 거리는 행정동 대표 중심점 기준 직선거리,서울특별시 T-DATA 지하철역 좌표정보; 서울 열린데이터광장 서울시 버스정류소 위치정보
1162068500,2026-07-13,2026-07-13,2026-07-01,1,1,신대방,517.0,18,28.097,WGS84 좌표의 행정동 경계 포함 여부; 최근접 거리는 행정동 대표 중심점 기준 직선거리,서울특별시 T-DATA 지하철역 좌표정보; 서울 열린데이터광장 서울시 버스정류소 위치정보
1162069500,2026-07-13,2026-07-13,2026-07-01,1,1,신림,327.0,17,31.437,WGS84 좌표의 행정동 경계 포함 여부; 최근접 거리는 행정동 대표 중심점 기준 직선거리,서울특별시 T-DATA 지하철역 좌표정보; 서울 열린데이터광장 서울시 버스정류소 위치정보
1162071500,2026-07-13,2026-07-13,2026-07-01,0,0,서울대벤처타운,1793.0,15,18.275,WGS84 좌표의 행정동 경계 포함 여부; 최근접 거리는 행정동 대표 중심점 기준 직선거리,서울특별시 T-DATA 지하철역 좌표정보; 서울 열린데이터광장 서울시 버스정류소 위치정보
1162072500,2026-07-13,2026-07-13,2026-07-01,0,0,구로디지털단지,592.0,26,39.032,WGS84 좌표의 행정동 경계 포함 여부; 최근접 거리는 행정동 대표 중심점 기준 직선거리,서울특별시 T-DATA 지하철역 좌표정보; 서울 열린데이터광장 서울시 버스정류소 위치정보
1162073500,2026-07-13,2026-07-13,2026-07-01,1,1,관악산(서울대),1822.0,51,6.072,WGS84 좌표의 행정동 경계 포함 여부; 최근접 거리는 행정동 대표 중심점 기준 직선거리,서울특별시 T-DATA 지하철역 좌표정보; 서울 열린데이터광장 서울시 버스정류소 위치정보
1162074500,2026-07-13,2026-07-13,2026-07-01,0,0,서울대벤처타운,1283.0,30,11.528,WGS84 좌표의 행정동 경계 포함 여부; 최근접 거리는 행정동 대표 중심점 기준 직선거리,서울특별시 T-DATA 지하철역 좌표정보; 서울 열린데이터광장 서울시 버스정류소 위치정보
1162076500,2026-07-13,2026-07-13,2026-07-01,0,0,신대방,1296.0,36,26.501,WGS84 좌표의 행정동 경계 포함 여부; 최근접 거리는 행정동 대표 중심점 기준 직선거리,서울특별시 T-DATA 지하철역 좌표정보; 서울 열린데이터광장 서울시 버스정류소 위치정보
1162077500,2026-07-13,2026-07-13,2026-07-01,0,0,서울대벤처타운,1142.0,22,22.642,WGS84 좌표의 행정동 경계 포함 여부; 최근접 거리는 행정동 대표 중심점 기준 직선거리,서울특별시 T-DATA 지하철역 좌표정보; 서울 열린데이터광장 서울시 버스정류소 위치정보
1165051000,2026-07-13,2026-07-13,2026-07-01,1,1,남부터미널(예술의전당),406.0,34,24.608,WGS84 좌표의 행정동 경계 포함 여부; 최근접 거리는 행정동 대표 중심점 기준 직선거리,서울특별시 T-DATA 지하철역 좌표정보; 서울 열린데이터광장 서울시 버스정류소 위치정보
1165052000,2026-07-13,2026-07-13,2026-07-01,2,2,양재(서초구청),717.0,44,35.766,WGS84 좌표의 행정동 경계 포함 여부; 최근접 거리는 행정동 대표 중심점 기준 직선거리,서울특별시 T-DATA 지하철역 좌표정보; 서울 열린데이터광장 서울시 버스정류소 위치정보
1165053000,2026-07-13,2026-07-13,2026-07-01,3,2,남부터미널(예술의전당),598.0,73,24.363,WGS84 좌표의 행정동 경계 포함 여부; 최근접 거리는 행정동 대표 중심점 기준 직선거리,서울특별시 T-DATA 지하철역 좌표정보; 서울 열린데이터광장 서울시 버스정류소 위치정보
1165053100,2026-07-13,2026-07-13,2026-07-01,0,0,사평,709.0,42,47.776,WGS84 좌표의 행정동 경계 포함 여부; 최근접 거리는 행정동 대표 중심점 기준 직선거리,서울특별시 T-DATA 지하철역 좌표정보; 서울 열린데이터광장 서울시 버스정류소 위치정보
1165054000,2026-07-13,2026-07-13,2026-07-01,1,1,잠원,498.0,20,11.392,WGS84 좌표의 행정동 경계 포함 여부; 최근접 거리는 행정동 대표 중심점 기준 직선거리,서울특별시 T-DATA 지하철역 좌표정보; 서울 열린데이터광장 서울시 버스정류소 위치정보
1165055000,2026-07-13,2026-07-13,2026-07-01,1,1,구반포,317.0,3,3.087,WGS84 좌표의 행정동 경계 포함 여부; 최근접 거리는 행정동 대표 중심점 기준 직선거리,서울특별시 T-DATA 지하철역 좌표정보; 서울 열린데이터광장 서울시 버스정류소 위치정보
1165056000,2026-07-13,2026-07-13,2026-07-01,2,2,사평,198.0,19,19.161,WGS84 좌표의 행정동 경계 포함 여부; 최근접 거리는 행정동 대표 중심점 기준 직선거리,서울특별시 T-DATA 지하철역 좌표정보; 서울 열린데이터광장 서울시 버스정류소 위치정보
1165057000,2026-07-13,2026-07-13,2026-07-01,1,1,신반포,423.0,17,12.187,WGS84 좌표의 행정동 경계 포함 여부; 최근접 거리는 행정동 대표 중심점 기준 직선거리,서울특별시 T-DATA 지하철역 좌표정보; 서울 열린데이터광장 서울시 버스정류소 위치정보
1165058000,2026-07-13,2026-07-13,2026-07-01,0,0,잠원,642.0,16,12.792,WGS84 좌표의 행정동 경계 포함 여부; 최근접 거리는 행정동 대표 중심점 기준 직선거리,서울특별시 T-DATA 지하철역 좌표정보; 서울 열린데이터광장 서울시 버스정류소 위치정보
1165058100,2026-07-13,2026-07-13,2026-07-01,3,3,고속터미널,450.0,32,22.439,WGS84 좌표의 행정동 경계 포함 여부; 최근접 거리는 행정동 대표 중심점 기준 직선거리,서울특별시 T-DATA 지하철역 좌표정보; 서울 열린데이터광장 서울시 버스정류소 위치정보
1165059000,2026-07-13,2026-07-13,2026-07-01,0,0,구반포,701.0,21,31.019,WGS84 좌표의 행정동 경계 포함 여부; 최근접 거리는 행정동 대표 중심점 기준 직선거리,서울특별시 T-DATA 지하철역 좌표정보; 서울 열린데이터광장 서울시 버스정류소 위치정보
1165060000,2026-07-13,2026-07-13,2026-07-01,1,1,내방,389.0,22,31.943,WGS84 좌표의 행정동 경계 포함 여부; 최근접 거리는 행정동 대표 중심점 기준 직선거리,서울특별시 T-DATA 지하철역 좌표정보; 서울 열린데이터광장 서울시 버스정류소 위치정보
1165061000,2026-07-13,2026-07-13,2026-07-01,1,1,사당,712.0,35,18.396,WGS84 좌표의 행정동 경계 포함 여부; 최근접 거리는 행정동 대표 중심점 기준 직선거리,서울특별시 T-DATA 지하철역 좌표정보; 서울 열린데이터광장 서울시 버스정류소 위치정보
1165062000,2026-07-13,2026-07-13,2026-07-01,1,1,방배,783.0,43,18.118,WGS84 좌표의 행정동 경계 포함 여부; 최근접 거리는 행정동 대표 중심점 기준 직선거리,서울특별시 T-DATA 지하철역 좌표정보; 서울 열린데이터광장 서울시 버스정류소 위치정보
1165062100,2026-07-13,2026-07-13,2026-07-01,0,0,내방,332.0,29,30.564,WGS84 좌표의 행정동 경계 포함 여부; 최근접 거리는 행정동 대표 중심점 기준 직선거리,서울특별시 T-DATA 지하철역 좌표정보; 서울 열린데이터광장 서울시 버스정류소 위치정보
1165065100,2026-07-13,2026-07-13,2026-07-01,1,1,양재시민의숲(매헌),1409.0,72,12.5,WGS84 좌표의 행정동 경계 포함 여부; 최근접 거리는 행정동 대표 중심점 기준 직선거리,서울특별시 T-DATA 지하철역 좌표정보; 서울 열린데이터광장 서울시 버스정류소 위치정보
1165065200,2026-07-13,2026-07-13,2026-07-01,1,1,청계산입구,980.0,52,6.881,WGS84 좌표의 행정동 경계 포함 여부; 최근접 거리는 행정동 대표 중심점 기준 직선거리,서울특별시 T-DATA 지하철역 좌표정보; 서울 열린데이터광장 서울시 버스정류소 위치정보
1165066000,2026-07-13,2026-07-13,2026-07-01,1,1,청계산입구,1635.0,60,4.725,WGS84 좌표의 행정동 경계 포함 여부; 최근접 거리는 행정동 대표 중심점 기준 직선거리,서울특별시 T-DATA 지하철역 좌표정보; 서울 열린데이터광장 서울시 버스정류소 위치정보
1168051000,2026-07-13,2026-07-13,2026-07-01,0,0,압구정,740.0,15,7.29,WGS84 좌표의 행정동 경계 포함 여부; 최근접 거리는 행정동 대표 중심점 기준 직선거리,서울특별시 T-DATA 지하철역 좌표정보; 서울 열린데이터광장 서울시 버스정류소 위치정보
1168052100,2026-07-13,2026-07-13,2026-07-01,2,3,논현,458.0,18,14.311,WGS84 좌표의 행정동 경계 포함 여부; 최근접 거리는 행정동 대표 중심점 기준 직선거리,서울특별시 T-DATA 지하철역 좌표정보; 서울 열린데이터광장 서울시 버스정류소 위치정보
1168053100,2026-07-13,2026-07-13,2026-07-01,4,2,학동,418.0,26,17.84,WGS84 좌표의 행정동 경계 포함 여부; 최근접 거리는 행정동 대표 중심점 기준 직선거리,서울특별시 T-DATA 지하철역 좌표정보; 서울 열린데이터광장 서울시 버스정류소 위치정보
1168054500,2026-07-13,2026-07-13,2026-07-01,2,2,압구정,597.0,20,8.535,WGS84 좌표의 행정동 경계 포함 여부; 최근접 거리는 행정동 대표 중심점 기준 직선거리,서울특별시 T-DATA 지하철역 좌표정보; 서울 열린데이터광장 서울시 버스정류소 위치정보
1168056500,2026-07-13,2026-07-13,2026-07-01,0,0,청담,613.0,25,10.741,WGS84 좌표의 행정동 경계 포함 여부; 최근접 거리는 행정동 대표 중심점 기준 직선거리,서울특별시 T-DATA 지하철역 좌표정보; 서울 열린데이터광장 서울시 버스정류소 위치정보
1168058000,2026-07-13,2026-07-13,2026-07-01,2,2,봉은사,130.0,29,14.924,WGS84 좌표의 행정동 경계 포함 여부; 최근접 거리는 행정동 대표 중심점 기준 직선거리,서울특별시 T-DATA 지하철역 좌표정보; 서울 열린데이터광장 서울시 버스정류소 위치정보
1168059000,2026-07-13,2026-07-13,2026-07-01,2,1,삼성중앙,418.0,21,16.917,WGS84 좌표의 행정동 경계 포함 여부; 최근접 거리는 행정동 대표 중심점 기준 직선거리,서울특별시 T-DATA 지하철역 좌표정보; 서울 열린데이터광장 서울시 버스정류소 위치정보
1168060000,2026-07-13,2026-07-13,2026-07-01,1,1,도곡,419.0,18,22.244,WGS84 좌표의 행정동 경계 포함 여부; 최근접 거리는 행정동 대표 중심점 기준 직선거리,서울특별시 T-DATA 지하철역 좌표정보; 서울 열린데이터광장 서울시 버스정류소 위치정보
1168061000,2026-07-13,2026-07-13,2026-07-01,4,3,학여울,649.0,30,16.34,WGS84 좌표의 행정동 경계 포함 여부; 최근접 거리는 행정동 대표 중심점 기준 직선거리,서울특별시 T-DATA 지하철역 좌표정보; 서울 열린데이터광장 서울시 버스정류소 위치정보
1168063000,2026-07-13,2026-07-13,2026-07-01,0,0,한티,614.0,14,19.984,WGS84 좌표의 행정동 경계 포함 여부; 최근접 거리는 행정동 대표 중심점 기준 직선거리,서울특별시 T-DATA 지하철역 좌표정보; 서울 열린데이터광장 서울시 버스정류소 위치정보
1168064000,2026-07-13,2026-07-13,2026-07-01,6,5,역삼,88.0,47,19.912,WGS84 좌표의 행정동 경계 포함 여부; 최근접 거리는 행정동 대표 중심점 기준 직선거리,서울특별시 T-DATA 지하철역 좌표정보; 서울 열린데이터광장 서울시 버스정류소 위치정보
1168065000,2026-07-13,2026-07-13,2026-07-01,0,0,선릉,707.0,26,22.924,WGS84 좌표의 행정동 경계 포함 여부; 최근접 거리는 행정동 대표 중심점 기준 직선거리,서울특별시 T-DATA 지하철역 좌표정보; 서울 열린데이터광장 서울시 버스정류소 위치정보
1168065500,2026-07-13,2026-07-13,2026-07-01,1,1,매봉,553.0,22,20.956,WGS84 좌표의 행정동 경계 포함 여부; 최근접 거리는 행정동 대표 중심점 기준 직선거리,서울특별시 T-DATA 지하철역 좌표정보; 서울 열린데이터광장 서울시 버스정류소 위치정보
1168065600,2026-07-13,2026-07-13,2026-07-01,2,1,매봉,306.0,20,20.202,WGS84 좌표의 행정동 경계 포함 여부; 최근접 거리는 행정동 대표 중심점 기준 직선거리,서울특별시 T-DATA 지하철역 좌표정보; 서울 열린데이터광장 서울시 버스정류소 위치정보
1168066000,2026-07-13,2026-07-13,2026-07-01,0,0,구룡,1051.0,15,10.353,WGS84 좌표의 행정동 경계 포함 여부; 최근접 거리는 행정동 대표 중심점 기준 직선거리,서울특별시 T-DATA 지하철역 좌표정보; 서울 열린데이터광장 서울시 버스정류소 위치정보
1168067000,2026-07-13,2026-07-13,2026-07-01,3,1,개포동,554.0,34,15.168,WGS84 좌표의 행정동 경계 포함 여부; 최근접 거리는 행정동 대표 중심점 기준 직선거리,서울특별시 T-DATA 지하철역 좌표정보; 서울 열린데이터광장 서울시 버스정류소 위치정보
1168067500,2026-07-13,2026-07-13,2026-07-01,1,1,대청,314.0,12,9.236,WGS84 좌표의 행정동 경계 포함 여부; 최근접 거리는 행정동 대표 중심점 기준 직선거리,서울특별시 T-DATA 지하철역 좌표정보; 서울 열린데이터광장 서울시 버스정류소 위치정보
1168069000,2026-07-13,2026-07-13,2026-07-01,0,0,구룡,1364.0,28,16.825,WGS84 좌표의 행정동 경계 포함 여부; 최근접 거리는 행정동 대표 중심점 기준 직선거리,서울특별시 T-DATA 지하철역 좌표정보; 서울 열린데이터광장 서울시 버스정류소 위치정보
1168070000,2026-07-13,2026-07-13,2026-07-01,0,0,수서,1759.0,66,10.374,WGS84 좌표의 행정동 경계 포함 여부; 최근접 거리는 행정동 대표 중심점 기준 직선거리,서울특별시 T-DATA 지하철역 좌표정보; 서울 열린데이터광장 서울시 버스정류소 위치정보
1168072000,2026-07-13,2026-07-13,2026-07-01,1,1,일원,153.0,27,11.476,WGS84 좌표의 행정동 경계 포함 여부; 최근접 거리는 행정동 대표 중심점 기준 직선거리,서울특별시 T-DATA 지하철역 좌표정보; 서울 열린데이터광장 서울시 버스정류소 위치정보
1168073000,2026-07-13,2026-07-13,2026-07-01,0,0,대청,858.0,15,15.744,WGS84 좌표의 행정동 경계 포함 여부; 최근접 거리는 행정동 대표 중심점 기준 직선거리,서울특별시 T-DATA 지하철역 좌표정보; 서울 열린데이터광장 서울시 버스정류소 위치정보
1168074000,,,,,,,,,,,
1168075000,2026-07-13,2026-07-13,2026-07-01,3,3,수서,129.0,20,12.284,WGS84 좌표의 행정동 경계 포함 여부; 최근접 거리는 행정동 대표 중심점 기준 직선거리,서울특별시 T-DATA 지하철역 좌표정보; 서울 열린데이터광장 서울시 버스정류소 위치정보
1171051000,2026-07-13,2026-07-13,2026-07-01,1,1,천호(풍납토성),760.0,8,7.446,WGS84 좌표의 행정동 경계 포함 여부; 최근접 거리는 행정동 대표 중심점 기준 직선거리,서울특별시 T-DATA 지하철역 좌표정보; 서울 열린데이터광장 서울시 버스정류소 위치정보
1171052000,2026-07-13,2026-07-13,2026-07-01,0,0,강동구청,1091.0,24,9.366,WGS84 좌표의 행정동 경계 포함 여부; 최근접 거리는 행정동 대표 중심점 기준 직선거리,서울특별시 T-DATA 지하철역 좌표정보; 서울 열린데이터광장 서울시 버스정류소 위치정보
1171053100,2026-07-13,2026-07-13,2026-07-01,1,1,거여,273.0,8,15.329,WGS84 좌표의 행정동 경계 포함 여부; 최근접 거리는 행정동 대표 중심점 기준 직선거리,서울특별시 T-DATA 지하철역 좌표정보; 서울 열린데이터광장 서울시 버스정류소 위치정보
1171053200,2026-07-13,2026-07-13,2026-07-01,0,0,거여,278.0,9,17.674,WGS84 좌표의 행정동 경계 포함 여부; 최근접 거리는 행정동 대표 중심점 기준 직선거리,서울특별시 T-DATA 지하철역 좌표정보; 서울 열린데이터광장 서울시 버스정류소 위치정보
1171054000,2026-07-13,2026-07-13,2026-07-01,1,1,마천,288.0,13,22.616,WGS84 좌표의 행정동 경계 포함 여부; 최근접 거리는 행정동 대표 중심점 기준 직선거리,서울특별시 T-DATA 지하철역 좌표정보; 서울 열린데이터광장 서울시 버스정류소 위치정보
1171055000,2026-07-13,2026-07-13,2026-07-01,0,0,마천,643.0,15,16.854,WGS84 좌표의 행정동 경계 포함 여부; 최근접 거리는 행정동 대표 중심점 기준 직선거리,서울특별시 T-DATA 지하철역 좌표정보; 서울 열린데이터광장 서울시 버스정류소 위치정보
1171056100,2026-07-13,2026-07-13,2026-07-01,1,1,방이,343.0,12,19.711,WGS84 좌표의 행정동 경계 포함 여부; 최근접 거리는 행정동 대표 중심점 기준 직선거리,서울특별시 T-DATA 지하철역 좌표정보; 서울 열린데이터광장 서울시 버스정류소 위치정보
1171056200,2026-07-13,2026-07-13,2026-07-01,1,1,송파나루,352.0,13,16.9,WGS84 좌표의 행정동 경계 포함 여부; 최근접 거리는 행정동 대표 중심점 기준 직선거리,서울특별시 T-DATA 지하철역 좌표정보; 서울 열린데이터광장 서울시 버스정류소 위치정보
1171056600,2026-07-13,2026-07-13,2026-07-01,3,2,올림픽공원(한국체대),182.0,23,7.461,WGS84 좌표의 행정동 경계 포함 여부; 최근접 거리는 행정동 대표 중심점 기준 직선거리,서울특별시 T-DATA 지하철역 좌표정보; 서울 열린데이터광장 서울시 버스정류소 위치정보
1171057000,2026-07-13,2026-07-13,2026-07-01,1,1,오금,545.0,38,23.064,WGS84 좌표의 행정동 경계 포함 여부; 최근접 거리는 행정동 대표 중심점 기준 직선거리,서울특별시 T-DATA 지하철역 좌표정보; 서울 열린데이터광장 서울시 버스정류소 위치정보
1171058000,2026-07-13,2026-07-13,2026-07-01,0,0,석촌,360.0,14,20.396,WGS84 좌표의 행정동 경계 포함 여부; 최근접 거리는 행정동 대표 중심점 기준 직선거리,서울특별시 T-DATA 지하철역 좌표정보; 서울 열린데이터광장 서울시 버스정류소 위치정보
1171059000,2026-07-13,2026-07-13,2026-07-01,0,0,송파,551.0,12,19.031,WGS84 좌표의 행정동 경계 포함 여부; 최근접 거리는 행정동 대표 중심점 기준 직선거리,서울특별시 T-DATA 지하철역 좌표정보; 서울 열린데이터광장 서울시 버스정류소 위치정보
1171060000,2026-07-13,2026-07-13,2026-07-01,3,2,석촌고분,485.0,19,20.081,WGS84 좌표의 행정동 경계 포함 여부; 최근접 거리는 행정동 대표 중심점 기준 직선거리,서울특별시 T-DATA 지하철역 좌표정보; 서울 열린데이터광장 서울시 버스정류소 위치정보
1171061000,2026-07-13,2026-07-13,2026-07-01,0,0,석촌고분,461.0,14,14.697,WGS84 좌표의 행정동 경계 포함 여부; 최근접 거리는 행정동 대표 중심점 기준 직선거리,서울특별시 T-DATA 지하철역 좌표정보; 서울 열린데이터광장 서울시 버스정류소 위치정보
1171062000,2026-07-13,2026-07-13,2026-07-01,1,1,경찰병원,283.0,26,25.642,WGS84 좌표의 행정동 경계 포함 여부; 최근접 거리는 행정동 대표 중심점 기준 직선거리,서울특별시 T-DATA 지하철역 좌표정보; 서울 열린데이터광장 서울시 버스정류소 위치정보
1171063100,2026-07-13,2026-07-13,2026-07-01,3,2,송파,609.0,14,10.056,WGS84 좌표의 행정동 경계 포함 여부; 최근접 거리는 행정동 대표 중심점 기준 직선거리,서울특별시 T-DATA 지하철역 좌표정보; 서울 열린데이터광장 서울시 버스정류소 위치정보
1171063200,2026-07-13,2026-07-13,2026-07-01,2,2,개롱,435.0,23,24.689,WGS84 좌표의 행정동 경계 포함 여부; 최근접 거리는 행정동 대표 중심점 기준 직선거리,서울특별시 T-DATA 지하철역 좌표정보; 서울 열린데이터광장 서울시 버스정류소 위치정보
1171064100,2026-07-13,2026-07-13,2026-07-01,0,0,문정,484.0,17,27.775,WGS84 좌표의 행정동 경계 포함 여부; 최근접 거리는 행정동 대표 중심점 기준 직선거리,서울특별시 T-DATA 지하철역 좌표정보; 서울 열린데이터광장 서울시 버스정류소 위치정보
1171064200,2026-07-13,2026-07-13,2026-07-01,3,2,문정,596.0,33,14.73,WGS84 좌표의 행정동 경계 포함 여부; 최근접 거리는 행정동 대표 중심점 기준 직선거리,서울특별시 T-DATA 지하철역 좌표정보; 서울 열린데이터광장 서울시 버스정류소 위치정보
1171064600,2026-07-13,2026-07-13,2026-07-01,1,1,장지,667.0,43,33.663,WGS84 좌표의 행정동 경계 포함 여부; 최근접 거리는 행정동 대표 중심점 기준 직선거리,서울특별시 T-DATA 지하철역 좌표정보; 서울 열린데이터광장 서울시 버스정류소 위치정보
1171064700,2026-07-13,2026-07-13,2026-07-01,0,0,거여,1302.0,57,21.602,WGS84 좌표의 행정동 경계 포함 여부; 최근접 거리는 행정동 대표 중심점 기준 직선거리,서울특별시 T-DATA 지하철역 좌표정보; 서울 열린데이터광장 서울시 버스정류소 위치정보
1171065000,2026-07-13,2026-07-13,2026-07-01,1,1,삼전,497.0,13,12.643,WGS84 좌표의 행정동 경계 포함 여부; 최근접 거리는 행정동 대표 중심점 기준 직선거리,서울특별시 T-DATA 지하철역 좌표정보; 서울 열린데이터광장 서울시 버스정류소 위치정보
1171067000,2026-07-13,2026-07-13,2026-07-01,1,1,종합운동장,719.0,12,4.47,WGS84 좌표의 행정동 경계 포함 여부; 최근접 거리는 행정동 대표 중심점 기준 직선거리,서울특별시 T-DATA 지하철역 좌표정보; 서울 열린데이터광장 서울시 버스정류소 위치정보
1171068000,2026-07-13,2026-07-13,2026-07-01,0,0,잠실(송파구청),528.0,28,18.165,WGS84 좌표의 행정동 경계 포함 여부; 최근접 거리는 행정동 대표 중심점 기준 직선거리,서울특별시 T-DATA 지하철역 좌표정보; 서울 열린데이터광장 서울시 버스정류소 위치정보
1171069000,2026-07-13,2026-07-13,2026-07-01,2,2,몽촌토성(평화의문),462.0,13,16.675,WGS84 좌표의 행정동 경계 포함 여부; 최근접 거리는 행정동 대표 중심점 기준 직선거리,서울특별시 T-DATA 지하철역 좌표정보; 서울 열린데이터광장 서울시 버스정류소 위치정보
1171071000,2026-07-13,2026-07-13,2026-07-01,2,2,잠실나루,397.0,15,9.955,WGS84 좌표의 행정동 경계 포함 여부; 최근접 거리는 행정동 대표 중심점 기준 직선거리,서울특별시 T-DATA 지하철역 좌표정보; 서울 열린데이터광장 서울시 버스정류소 위치정보
1171072000,2026-07-13,2026-07-13,2026-07-01,2,2,종합운동장,411.0,4,5.533,WGS84 좌표의 행정동 경계 포함 여부; 최근접 거리는 행정동 대표 중심점 기준 직선거리,서울특별시 T-DATA 지하철역 좌표정보; 서울 열린데이터광장 서울시 버스정류소 위치정보
1174051500,2026-07-13,2026-07-13,2026-07-01,1,1,강일,1291.0,49,21.582,WGS84 좌표의 행정동 경계 포함 여부; 최근접 거리는 행정동 대표 중심점 기준 직선거리,서울특별시 T-DATA 지하철역 좌표정보; 서울 열린데이터광장 서울시 버스정류소 위치정보
1174052000,,,,,,,,,,,
1174052500,2026-07-13,2026-07-13,2026-07-01,1,1,상일동,689.0,40,22.19,WGS84 좌표의 행정동 경계 포함 여부; 최근접 거리는 행정동 대표 중심점 기준 직선거리,서울특별시 T-DATA 지하철역 좌표정보; 서울 열린데이터광장 서울시 버스정류소 위치정보
1174052600,2026-07-13,2026-07-13,2026-07-01,0,0,강일,640.0,18,16.136,WGS84 좌표의 행정동 경계 포함 여부; 최근접 거리는 행정동 대표 중심점 기준 직선거리,서울특별시 T-DATA 지하철역 좌표정보; 서울 열린데이터광장 서울시 버스정류소 위치정보
1174053000,2026-07-13,2026-07-13,2026-07-01,1,1,명일,206.0,24,37.828,WGS84 좌표의 행정동 경계 포함 여부; 최근접 거리는 행정동 대표 중심점 기준 직선거리,서울특별시 T-DATA 지하철역 좌표정보; 서울 열린데이터광장 서울시 버스정류소 위치정보
1174054000,2026-07-13,2026-07-13,2026-07-01,1,1,고덕,751.0,13,14.229,WGS84 좌표의 행정동 경계 포함 여부; 최근접 거리는 행정동 대표 중심점 기준 직선거리,서울특별시 T-DATA 지하철역 좌표정보; 서울 열린데이터광장 서울시 버스정류소 위치정보
1174055000,2026-07-13,2026-07-13,2026-07-01,0,0,고덕,796.0,29,19.132,WGS84 좌표의 행정동 경계 포함 여부; 최근접 거리는 행정동 대표 중심점 기준 직선거리,서울특별시 T-DATA 지하철역 좌표정보; 서울 열린데이터광장 서울시 버스정류소 위치정보
1174056000,2026-07-13,2026-07-13,2026-07-01,0,0,상일동,986.0,39,15.758,WGS84 좌표의 행정동 경계 포함 여부; 최근접 거리는 행정동 대표 중심점 기준 직선거리,서울특별시 T-DATA 지하철역 좌표정보; 서울 열린데이터광장 서울시 버스정류소 위치정보
1174057000,2026-07-13,2026-07-13,2026-07-01,0,0,암사역사공원,605.0,13,17.689,WGS84 좌표의 행정동 경계 포함 여부; 최근접 거리는 행정동 대표 중심점 기준 직선거리,서울특별시 T-DATA 지하철역 좌표정보; 서울 열린데이터광장 서울시 버스정류소 위치정보
1174058000,2026-07-13,2026-07-13,2026-07-01,1,1,암사,831.0,6,2.762,WGS84 좌표의 행정동 경계 포함 여부; 최근접 거리는 행정동 대표 중심점 기준 직선거리,서울특별시 T-DATA 지하철역 좌표정보; 서울 열린데이터광장 서울시 버스정류소 위치정보
1174059000,2026-07-13,2026-07-13,2026-07-01,1,1,암사역사공원,491.0,18,10.011,WGS84 좌표의 행정동 경계 포함 여부; 최근접 거리는 행정동 대표 중심점 기준 직선거리,서울특별시 T-DATA 지하철역 좌표정보; 서울 열린데이터광장 서울시 버스정류소 위치정보
1174060000,2026-07-13,2026-07-13,2026-07-01,1,1,굽은다리(강동구민회관앞),392.0,19,28.423,WGS84 좌표의 행정동 경계 포함 여부; 최근접 거리는 행정동 대표 중심점 기준 직선거리,서울특별시 T-DATA 지하철역 좌표정보; 서울 열린데이터광장 서울시 버스정류소 위치정보
1174061000,2026-07-13,2026-07-13,2026-07-01,0,0,천호(풍납토성),714.0,25,13.515,WGS84 좌표의 행정동 경계 포함 여부; 최근접 거리는 행정동 대표 중심점 기준 직선거리,서울특별시 T-DATA 지하철역 좌표정보; 서울 열린데이터광장 서울시 버스정류소 위치정보
1174062000,2026-07-13,2026-07-13,2026-07-01,0,0,강동,438.0,12,21.386,WGS84 좌표의 행정동 경계 포함 여부; 최근접 거리는 행정동 대표 중심점 기준 직선거리,서울특별시 T-DATA 지하철역 좌표정보; 서울 열린데이터광장 서울시 버스정류소 위치정보
1174064000,2026-07-13,2026-07-13,2026-07-01,1,1,강동구청,481.0,21,31.667,WGS84 좌표의 행정동 경계 포함 여부; 최근접 거리는 행정동 대표 중심점 기준 직선거리,서울특별시 T-DATA 지하철역 좌표정보; 서울 열린데이터광장 서울시 버스정류소 위치정보
1174065000,2026-07-13,2026-07-13,2026-07-01,2,2,강동,450.0,18,28.816,WGS84 좌표의 행정동 경계 포함 여부; 최근접 거리는 행정동 대표 중심점 기준 직선거리,서울특별시 T-DATA 지하철역 좌표정보; 서울 열린데이터광장 서울시 버스정류소 위치정보
1174066000,2026-07-13,2026-07-13,2026-07-01,0,0,둔촌동,227.0,15,23.189,WGS84 좌표의 행정동 경계 포함 여부; 최근접 거리는 행정동 대표 중심점 기준 직선거리,서울특별시 T-DATA 지하철역 좌표정보; 서울 열린데이터광장 서울시 버스정류소 위치정보
1174068500,2026-07-13,2026-07-13,2026-07-01,1,1,길동,567.0,37,22.695,WGS84 좌표의 행정동 경계 포함 여부; 최근접 거리는 행정동 대표 중심점 기준 직선거리,서울특별시 T-DATA 지하철역 좌표정보; 서울 열린데이터광장 서울시 버스정류소 위치정보
1174069000,2026-07-13,2026-07-13,2026-07-01,2,2,둔촌오륜,432.0,14,15.36,WGS84 좌표의 행정동 경계 포함 여부; 최근접 거리는 행정동 대표 중심점 기준 직선거리,서울특별시 T-DATA 지하철역 좌표정보; 서울 열린데이터광장 서울시 버스정류소 위치정보
1174070000,2026-07-13,2026-07-13,2026-07-01,1,1,중앙보훈병원,270.0,30,19.364,WGS84 좌표의 행정동 경계 포함 여부; 최근접 거리는 행정동 대표 중심점 기준 직선거리,서울특별시 T-DATA 지하철역 좌표정보; 서울 열린데이터광장 서울시 버스정류소 위치정보
